3.34e-05;2.93e-05;2.45e-05;2.1e-05;0.000631365;0.00050361;8.48e-06
2.49e-05;1.99e-05;1.38e-05;9.32e-06;0.000437434;0.000320034;7.08e-06
2.85e-05;2.36e-05;1.73e-05;1.25e-05;0.000469843;0.000382236;7.84e-06
3.86e-05;3.1e-05;2.14e-05;1.43e-05;0.000644439;0.000470765;1.07e-05
3.96e-05;3.38e-05;2.64e-05;2.1e-05;0.00068453;0.000547981;1.05e-05
2.51e-05;1.99e-05;1.36e-05;9.07e-06;0.000480693;0.000350849;7.71e-06
2.93e-05;2.47e-05;1.9e-05;1.46e-05;0.00051134;0.000398611;7.82e-06
2.92e-05;2.41e-05;1.77e-05;1.28e-05;0.000525967;0.000417995;7.8e-06
3.76e-05;3.12e-05;2.33e-05;1.73e-05;0.000647382;0.00048546;1.04e-05
3.14e-05;2.62e-05;1.97e-05;1.48e-05;0.000515977;0.000414562;8.57e-06
2.93e-05;2.43e-05;1.81e-05;1.35e-05;0.000459307;0.000387908;7.75e-06
2.49e-05;2.05e-05;1.51e-05;1.11e-05;0.000419871;0.000325922;7.51e-06
4.14e-05;3.56e-05;2.85e-05;2.31e-05;0.000702854;0.000558229;1.08e-05
4.12e-05;3.61e-05;2.99e-05;2.53e-05;0.000684174;0.000587484;1.07e-05
3.3e-05;2.83e-05;2.26e-05;1.83e-05;0.000635656;0.000484373;8.8e-06
3.26e-05;2.79e-05;2.21e-05;1.78e-05;0.000606391;0.000495091;9.14e-06
3.08e-05;2.53e-05;1.86e-05;1.38e-05;0.000447933;0.000368023;8.73e-06
2.69e-05;2.28e-05;1.79e-05;1.43e-05;0.000484192;0.000374203;8.1e-06
2.6e-05;2.18e-05;1.67e-05;1.3e-05;0.000498642;0.000371594;7.19e-06
4.15e-05;3.46e-05;2.55e-05;1.84e-05;0.000715492;0.00054454;1.06e-05
3.4e-05;2.83e-05;2.12e-05;1.59e-05;0.000603237;0.000480747;9.19e-06
2.91e-05;2.43e-05;1.83e-05;1.39e-05;0.000529309;0.000408891;7.64e-06
2.8e-05;2.33e-05;1.75e-05;1.31e-05;0.000473943;0.000366067;8.28e-06
3.08e-05;2.65e-05;2.13e-05;1.74e-05;0.00054102;0.000443993;8.34e-06
2.95e-05;2.43e-05;1.74e-05;1.21e-05;0.000472863;0.00035577;7.9e-06
2.56e-05;2.09e-05;1.48e-05;1.03e-05;0.000357208;0.000295936;7.38e-06
3.32e-05;2.88e-05;2.33e-05;1.9e-05;0.00062622;0.000505725;8.74e-06
3.74e-05;3.06e-05;2.19e-05;1.52e-05;0.000584373;0.000442191;1.01e-05
4.21e-05;3.61e-05;2.83e-05;2.22e-05;0.00069224;0.00058353;1.04e-05
2.83e-05;2.27e-05;1.58e-05;1.06e-05;0.000373607;0.000310217;8.52e-06
2.9e-05;2.39e-05;1.73e-05;1.21e-05;0.000529301;0.000380462;7.48e-06
3e-05;2.44e-05;1.71e-05;1.15e-05;0.0005155;0.000393074;7.85e-06
3.37e-05;2.82e-05;2.12e-05;1.57e-05;0.000572242;0.0004396;8.5e-06
3.43e-05;2.85e-05;2.13e-05;1.59e-05;0.000642098;0.000487854;9e-06
3.74e-05;3.14e-05;2.38e-05;1.8e-05;0.000592163;0.000499606;9.66e-06
3.17e-05;2.7e-05;2.14e-05;1.72e-05;0.000510874;0.000429815;8.72e-06
3.74e-05;3.13e-05;2.38e-05;1.83e-05;0.000514145;0.000450221;1.06e-05
2.42e-05;1.94e-05;1.35e-05;9.21e-06;0.000400818;0.000300592;6.97e-06
2.91e-05;2.4e-05;1.76e-05;1.28e-05;0.000463801;0.000363896;7.43e-06
3.98e-05;3.45e-05;2.79e-05;2.27e-05;0.00060482;0.00054046;1.02e-05
3.85e-05;3.13e-05;2.19e-05;1.46e-05;0.000603493;0.000473908;1.03e-05
3.11e-05;2.61e-05;1.96e-05;1.48e-05;0.000448341;0.000373473;8.2e-06
3.25e-05;2.61e-05;1.79e-05;1.18e-05;0.000599032;0.000410139;9.07e-06
2.98e-05;2.49e-05;1.86e-05;1.4e-05;0.00045281;0.000373355;8.65e-06
3.84e-05;3.1e-05;2.16e-05;1.43e-05;0.000575527;0.000458822;1.06e-05
3.26e-05;2.66e-05;1.9e-05;1.34e-05;0.000437687;0.000358896;9.15e-06
3.19e-05;2.57e-05;1.8e-05;1.22e-05;0.000477504;0.0003806;9.61e-06
2.6e-05;2.17e-05;1.63e-05;1.22e-05;0.000448304;0.000365443;7.09e-06
2.96e-05;2.44e-05;1.81e-05;1.35e-05;0.000520809;0.000393063;8.49e-06
2.6e-05;2.22e-05;1.74e-05;1.39e-05;0.000421718;0.00036678;7.32e-06
3.03e-05;2.56e-05;1.97e-05;1.53e-05;0.000532437;0.000417181;8.34e-06
2.65e-05;2.18e-05;1.58e-05;1.13e-05;0.000412812;0.000320858;7.71e-06
3.73e-05;3.06e-05;2.2e-05;1.51e-05;0.000588537;0.000452932;9.65e-06
2.56e-05;2.09e-05;1.52e-05;1.08e-05;0.000440556;0.000317686;7.04e-06
3.43e-05;2.9e-05;2.19e-05;1.64e-05;0.000591113;0.000471261;9.1e-06
2.85e-05;2.39e-05;1.8e-05;1.32e-05;0.000438777;0.000358524;7.31e-06
3.09e-05;2.55e-05;1.89e-05;1.4e-05;0.000457838;0.000364138;8.6e-06
2.84e-05;2.35e-05;1.73e-05;1.26e-05;0.000520451;0.000406384;7.64e-06
3.18e-05;2.62e-05;1.92e-05;1.4e-05;0.000449151;0.000374916;8.77e-06
4.18e-05;3.57e-05;2.82e-05;2.25e-05;0.00061757;0.000562138;1.1e-05
3e-05;2.48e-05;1.84e-05;1.38e-05;0.000546088;0.000415346;8.32e-06
3.3e-05;2.79e-05;2.13e-05;1.62e-05;0.000547037;0.000442544;8.45e-06
3.26e-05;2.71e-05;2.01e-05;1.5e-05;0.000556777;0.000453668;8.7e-06
4.18e-05;3.5e-05;2.61e-05;1.93e-05;0.000743054;0.000585067;1.14e-05
2.63e-05;2.22e-05;1.7e-05;1.3e-05;0.000508054;0.000394566;7.25e-06
2.81e-05;2.31e-05;1.7e-05;1.25e-05;0.000515656;0.000386275;8e-06
3.5e-05;2.93e-05;2.18e-05;1.59e-05;0.000591837;0.000481373;9.23e-06
3e-05;2.52e-05;1.89e-05;1.41e-05;0.000511775;0.000402793;8.05e-06
3.6e-05;3.04e-05;2.35e-05;1.84e-05;0.000611066;0.000493221;9.67e-06
3.67e-05;2.98e-05;2.13e-05;1.5e-05;0.000706991;0.000514674;1.04e-05
2.67e-05;2.24e-05;1.68e-05;1.24e-05;0.000480459;0.000368305;7.03e-06
3.95e-05;3.28e-05;2.46e-05;1.86e-05;0.000696894;0.000536012;1.06e-05
3.09e-05;2.65e-05;2.1e-05;1.67e-05;0.000520061;0.000430005;8.12e-06
2.95e-05;2.48e-05;1.9e-05;1.47e-05;0.000564428;0.000416823;8.05e-06
2.99e-05;2.48e-05;1.8e-05;1.27e-05;0.000487918;0.000400089;7.89e-06
3.18e-05;2.57e-05;1.83e-05;1.29e-05;0.000472677;0.000387032;9.15e-06
3.36e-05;2.9e-05;2.31e-05;1.84e-05;0.000669503;0.000536392;8.39e-06
4e-05;3.29e-05;2.37e-05;1.66e-05;0.000649725;0.000522051;1.07e-05
3.15e-05;2.61e-05;1.92e-05;1.41e-05;0.000462772;0.000392566;8.64e-06
3.02e-05;2.65e-05;2.22e-05;1.9e-05;0.000510196;0.000437751;8e-06
3.11e-05;2.59e-05;1.88e-05;1.33e-05;0.000527405;0.000412289;7.96e-06
3.92e-05;3.27e-05;2.41e-05;1.76e-05;0.000599666;0.000501496;1.09e-05
2.4e-05;1.95e-05;1.41e-05;1.03e-05;0.00044814;0.000326321;6.77e-06
3.2e-05;2.69e-05;2.06e-05;1.6e-05;0.000603508;0.00048213;8.86e-06
3.77e-05;3.16e-05;2.39e-05;1.81e-05;0.000644679;0.000533542;1.04e-05
3.18e-05;2.61e-05;1.9e-05;1.38e-05;0.000464706;0.000388876;9.07e-06
2.99e-05;2.55e-05;1.99e-05;1.54e-05;0.000418062;0.000368404;7.83e-06
3.48e-05;3.03e-05;2.46e-05;2.04e-05;0.000541496;0.000476792;9.31e-06
2.99e-05;2.45e-05;1.8e-05;1.33e-05;0.000531741;0.000396019;8.27e-06
3.1e-05;2.6e-05;1.99e-05;1.54e-05;0.000470075;0.000394479;8.66e-06
3.62e-05;3.08e-05;2.39e-05;1.85e-05;0.00067448;0.000519944;9.39e-06
3.59e-05;3.01e-05;2.29e-05;1.72e-05;0.000557305;0.000445697;9.87e-06
3.11e-05;2.63e-05;2.01e-05;1.51e-05;0.000503003;0.000393765;8.21e-06
2.6e-05;2.12e-05;1.51e-05;1.05e-05;0.000502609;0.000358301;7.54e-06
3.43e-05;2.74e-05;1.89e-05;1.27e-05;0.000526676;0.00040875;9.92e-06
3.19e-05;2.64e-05;1.95e-05;1.42e-05;0.000471263;0.000379421;8.33e-06
2.61e-05;2.17e-05;1.61e-05;1.19e-05;0.000426607;0.000345048;7.33e-06
3.78e-05;3.2e-05;2.49e-05;1.95e-05;0.000597054;0.000488583;1.01e-05
2.67e-05;2.17e-05;1.53e-05;1.06e-05;0.000438741;0.000346386;7.52e-06
3.31e-05;2.7e-05;1.93e-05;1.33e-05;0.0005576;0.000414947;9.1e-06
3.21e-05;2.69e-05;2.03e-05;1.52e-05;0.000528281;0.000427401;8.6e-06
3.67e-05;3.03e-05;2.19e-05;1.54e-05;0.000499014;0.000423474;9.42e-06
3.6e-05;2.91e-05;2.05e-05;1.4e-05;0.000652004;0.000476996;1.01e-05
3.84e-05;3.25e-05;2.53e-05;1.98e-05;0.000699852;0.000565492;1.06e-05
3.67e-05;3.05e-05;2.26e-05;1.62e-05;0.000557477;0.000429109;9.78e-06
3.69e-05;3e-05;2.16e-05;1.55e-05;0.000698074;0.000495373;1.02e-05
3.26e-05;2.78e-05;2.17e-05;1.71e-05;0.000612233;0.000482333;8.74e-06
4.13e-05;3.34e-05;2.34e-05;1.58e-05;0.00064325;0.000508227;1.09e-05
3.38e-05;2.75e-05;1.93e-05;1.31e-05;0.000631383;0.000464681;9.07e-06
3.7e-05;3.15e-05;2.46e-05;1.94e-05;0.000651504;0.00052412;1.02e-05
3.02e-05;2.44e-05;1.75e-05;1.25e-05;0.000570382;0.000423393;8.55e-06
2.92e-05;2.35e-05;1.62e-05;1.09e-05;0.00057386;0.000394077;8.59e-06
2.67e-05;2.13e-05;1.47e-05;9.8e-06;0.000454294;0.000334016;7.94e-06
3.04e-05;2.51e-05;1.83e-05;1.3e-05;0.000467917;0.000385637;8.16e-06
3.76e-05;3.08e-05;2.21e-05;1.54e-05;0.000522752;0.000414958;9.74e-06
3.09e-05;2.52e-05;1.81e-05;1.29e-05;0.000585872;0.000415804;8.46e-06
3.86e-05;3.09e-05;2.13e-05;1.42e-05;0.000589193;0.000464726;1.05e-05
4.28e-05;3.6e-05;2.72e-05;2.04e-05;0.000683215;0.000576241;1.1e-05
3.18e-05;2.57e-05;1.82e-05;1.26e-05;0.000537071;0.000404572;9.7e-06
2.72e-05;2.22e-05;1.57e-05;1.08e-05;0.000439062;0.000330333;7.05e-06
3.15e-05;2.55e-05;1.81e-05;1.25e-05;0.000535107;0.000418923;8.87e-06
2.55e-05;2.08e-05;1.51e-05;1.09e-05;0.000381955;0.000315455;6.96e-06
2.92e-05;2.42e-05;1.76e-05;1.25e-05;0.000483831;0.000388191;7.75e-06
4.01e-05;3.28e-05;2.34e-05;1.62e-05;0.000665746;0.000503606;1.08e-05
3.34e-05;2.84e-05;2.19e-05;1.68e-05;0.000616634;0.000477697;8.63e-06
2.63e-05;2.11e-05;1.47e-05;1.02e-05;0.000519419;0.00037472;7.69e-06
3.07e-05;2.58e-05;1.93e-05;1.4e-05;0.000549165;0.000413916;7.9e-06
3.78e-05;3.15e-05;2.35e-05;1.72e-05;0.000629432;0.00047592;1.01e-05
2.78e-05;2.3e-05;1.69e-05;1.23e-05;0.000512416;0.000401564;7.51e-06
3.28e-05;2.79e-05;2.16e-05;1.67e-05;0.000585275;0.000466283;8.69e-06
3.37e-05;2.82e-05;2.11e-05;1.54e-05;0.000593414;0.000461;8.6e-06
2.99e-05;2.49e-05;1.83e-05;1.33e-05;0.000531778;0.000413233;7.92e-06
2.84e-05;2.42e-05;1.91e-05;1.52e-05;0.000528563;0.000407363;7.94e-06
3.76e-05;3.09e-05;2.26e-05;1.63e-05;0.000476982;0.000407146;1.04e-05
3.23e-05;2.67e-05;1.95e-05;1.38e-05;0.000596208;0.000439192;9.09e-06
3.03e-05;2.45e-05;1.71e-05;1.15e-05;0.000408564;0.000339056;8.73e-06
3.41e-05;2.93e-05;2.31e-05;1.82e-05;0.000654005;0.000516373;8.98e-06
3.54e-05;3.03e-05;2.4e-05;1.93e-05;0.000619934;0.000519761;9.57e-06
2.86e-05;2.35e-05;1.73e-05;1.29e-05;0.000419096;0.000348318;8.41e-06
3.28e-05;2.71e-05;2.01e-05;1.49e-05;0.000509943;0.000415502;9.28e-06
3.23e-05;2.65e-05;1.96e-05;1.45e-05;0.000490887;0.000391816;9.35e-06
3.36e-05;2.84e-05;2.18e-05;1.68e-05;0.000505802;0.000417561;8.95e-06
3.48e-05;2.89e-05;2.17e-05;1.64e-05;0.000571241;0.000447271;9.3e-06
3.42e-05;2.8e-05;2.03e-05;1.45e-05;0.00059331;0.00045577;9.75e-06
2.78e-05;2.26e-05;1.63e-05;1.15e-05;0.000402111;0.000315153;7.84e-06
3.59e-05;2.98e-05;2.22e-05;1.66e-05;0.000604139;0.0004902;1.06e-05
3.93e-05;3.2e-05;2.28e-05;1.6e-05;0.000750769;0.000548518;1.02e-05
3.81e-05;3.12e-05;2.22e-05;1.54e-05;0.000619106;0.000476129;1.05e-05
3.36e-05;2.76e-05;2.01e-05;1.44e-05;0.000621283;0.000476662;9.33e-06
2.86e-05;2.44e-05;1.91e-05;1.5e-05;0.000430964;0.000359429;7.84e-06
2.79e-05;2.32e-05;1.71e-05;1.24e-05;0.000491559;0.000393005;7.72e-06
2.95e-05;2.44e-05;1.79e-05;1.29e-05;0.000393518;0.000335875;7.89e-06
3.54e-05;2.98e-05;2.27e-05;1.71e-05;0.000677123;0.000515516;9.47e-06
3.06e-05;2.43e-05;1.64e-05;1.04e-05;0.00049068;0.000370298;8.43e-06
3.41e-05;2.84e-05;2.09e-05;1.5e-05;0.00059645;0.000445736;8.91e-06
3.48e-05;3.02e-05;2.48e-05;2.08e-05;0.000601108;0.000507557;9.84e-06
2.48e-05;2.02e-05;1.43e-05;9.9e-06;0.00037642;0.000302991;7.25e-06
3.33e-05;2.75e-05;2.05e-05;1.55e-05;0.000598418;0.000455084;9.22e-06
3.09e-05;2.53e-05;1.84e-05;1.33e-05;0.000452072;0.000375479;8.32e-06
3.87e-05;3.21e-05;2.36e-05;1.73e-05;0.000644248;0.000499104;1.05e-05
2.42e-05;1.96e-05;1.38e-05;9.57e-06;0.000450291;0.000342353;7.3e-06
2.89e-05;2.41e-05;1.8e-05;1.31e-05;0.00055566;0.000429569;7.55e-06
2.68e-05;2.25e-05;1.69e-05;1.27e-05;0.000481445;0.000359735;7.37e-06
3.16e-05;2.73e-05;2.2e-05;1.81e-05;0.000632654;0.000507606;8e-06
3.43e-05;2.94e-05;2.33e-05;1.85e-05;0.000588714;0.00050043;9.27e-06
2.87e-05;2.38e-05;1.77e-05;1.32e-05;0.000387126;0.000338336;7.71e-06
4.12e-05;3.47e-05;2.62e-05;1.96e-05;0.000752879;0.000588618;1.06e-05
2.91e-05;2.3e-05;1.54e-05;9.83e-06;0.000514286;0.000357754;8.1e-06
2.77e-05;2.31e-05;1.72e-05;1.28e-05;0.00039915;0.000341521;7.68e-06
3.21e-05;2.66e-05;1.92e-05;1.35e-05;0.0005338;0.000429128;8.41e-06
2.38e-05;2.01e-05;1.56e-05;1.22e-05;0.000372151;0.000320381;6.9e-06
3.45e-05;2.9e-05;2.24e-05;1.75e-05;0.000606443;0.000482666;9.59e-06
3.6e-05;2.95e-05;2.14e-05;1.52e-05;0.000675364;0.000497613;1.01e-05
4.1e-05;3.41e-05;2.54e-05;1.88e-05;0.000686549;0.000519153;1.06e-05
3.24e-05;2.71e-05;2.01e-05;1.47e-05;0.000560242;0.000440501;8.73e-06
3.12e-05;2.6e-05;1.98e-05;1.5e-05;0.000484492;0.000388185;8.36e-06
2.8e-05;2.39e-05;1.88e-05;1.5e-05;0.000467598;0.00038841;7.15e-06
2.6e-05;2.09e-05;1.44e-05;9.54e-06;0.000369742;0.000298566;7.57e-06
3.78e-05;3.19e-05;2.45e-05;1.9e-05;0.000661109;0.000511013;9.81e-06
4.18e-05;3.63e-05;2.94e-05;2.4e-05;0.000677401;0.000581332;1.1e-05
3.2e-05;2.7e-05;2.08e-05;1.62e-05;0.00053447;0.000425789;8.32e-06
3.6e-05;2.97e-05;2.15e-05;1.52e-05;0.00056806;0.000468543;9.85e-06
4e-05;3.3e-05;2.39e-05;1.7e-05;0.000719995;0.000526878;1.1e-05
3.43e-05;2.82e-05;2.06e-05;1.5e-05;0.000630844;0.000460946;9.35e-06
3.3e-05;2.8e-05;2.19e-05;1.74e-05;0.000584603;0.000479878;8.68e-06
3.22e-05;2.77e-05;2.22e-05;1.81e-05;0.000540932;0.000464739;8.75e-06
4e-05;3.37e-05;2.56e-05;1.92e-05;0.000580029;0.000502106;1.03e-05
3.33e-05;2.71e-05;1.92e-05;1.33e-05;0.000584697;0.000451396;9.72e-06
2.8e-05;2.28e-05;1.62e-05;1.13e-05;0.000465676;0.00034721;7.61e-06
3.44e-05;2.93e-05;2.3e-05;1.82e-05;0.000504547;0.000433771;8.94e-06
4.01e-05;3.39e-05;2.64e-05;2.08e-05;0.00078761;0.000598498;1.11e-05
2.9e-05;2.42e-05;1.81e-05;1.36e-05;0.000421395;0.000354285;7.48e-06
2.8e-05;2.23e-05;1.52e-05;9.86e-06;0.000446933;0.000330469;7.81e-06
3.19e-05;2.66e-05;2.02e-05;1.56e-05;0.000552694;0.000442979;9.37e-06
3.2e-05;2.66e-05;2e-05;1.52e-05;0.000496723;0.000396837;8.75e-06
2.99e-05;2.43e-05;1.71e-05;1.16e-05;0.000440983;0.000346257;7.87e-06
3.81e-05;3.32e-05;2.73e-05;2.28e-05;0.000638591;0.000557902;1.01e-05
3.14e-05;2.59e-05;1.88e-05;1.34e-05;0.000514265;0.000406546;8.6e-06
3.41e-05;2.73e-05;1.87e-05;1.24e-05;0.000493965;0.00038529;9.82e-06
2.64e-05;2.19e-05;1.64e-05;1.24e-05;0.000413828;0.000342887;7.5e-06
3.24e-05;2.64e-05;1.89e-05;1.32e-05;0.000560794;0.000424013;9.34e-06
2.83e-05;2.29e-05;1.61e-05;1.11e-05;0.00036254;0.00029137;7.94e-06
3.1e-05;2.57e-05;1.93e-05;1.47e-05;0.000535146;0.00042897;9.5e-06
4.06e-05;3.43e-05;2.65e-05;2.06e-05;0.000635204;0.000510393;1.11e-05
2.43e-05;2.01e-05;1.47e-05;1.07e-05;0.000438458;0.000331895;7.06e-06
2.91e-05;2.42e-05;1.82e-05;1.37e-05;0.000456215;0.000360005;8.69e-06
3.79e-05;3.16e-05;2.37e-05;1.78e-05;0.000664846;0.000520384;1.04e-05
2.33e-05;1.93e-05;1.44e-05;1.08e-05;0.00037629;0.00031267;6.85e-06
3.64e-05;2.96e-05;2.09e-05;1.43e-05;0.000652328;0.000479758;1e-05
4.07e-05;3.26e-05;2.24e-05;1.48e-05;0.000792673;0.000551791;1.12e-05
2.8e-05;2.27e-05;1.61e-05;1.13e-05;0.000426122;0.000324963;8.16e-06
3.04e-05;2.58e-05;2.03e-05;1.6e-05;0.000557014;0.000437581;8.08e-06
3.23e-05;2.68e-05;2.02e-05;1.54e-05;0.000509805;0.00041943;9.08e-06
3.76e-05;3.08e-05;2.18e-05;1.48e-05;0.000520206;0.000433145;9.66e-06
2.68e-05;2.15e-05;1.5e-05;1.01e-05;0.000541008;0.000366033;7.72e-06
2.5e-05;2.02e-05;1.41e-05;9.58e-06;0.000397781;0.000300557;7.35e-06
3.8e-05;3.07e-05;2.14e-05;1.45e-05;0.000530739;0.000429159;1.06e-05
2.46e-05;1.99e-05;1.41e-05;9.69e-06;0.000448883;0.000334404;7.16e-06
3.39e-05;2.85e-05;2.16e-05;1.64e-05;0.000587415;0.000474308;9.14e-06
4.01e-05;3.37e-05;2.59e-05;2.01e-05;0.000681078;0.000543576;1.07e-05
3.88e-05;3.16e-05;2.27e-05;1.6e-05;0.00062774;0.000482551;1.06e-05
3.42e-05;2.88e-05;2.17e-05;1.63e-05;0.00053672;0.000431215;9.65e-06
3.09e-05;2.49e-05;1.74e-05;1.19e-05;0.000483069;0.000382977;9.36e-06
2.91e-05;2.46e-05;1.9e-05;1.46e-05;0.000526635;0.000421197;7.56e-06
3.25e-05;2.69e-05;1.97e-05;1.42e-05;0.000603258;0.000447535;8.43e-06
3.84e-05;3.2e-05;2.4e-05;1.8e-05;0.000641823;0.000524972;1e-05
4.13e-05;3.36e-05;2.38e-05;1.65e-05;0.000812179;0.000567659;1.08e-05
3.8e-05;3.28e-05;2.66e-05;2.2e-05;0.000654864;0.00056796;1.05e-05
3.18e-05;2.61e-05;1.9e-05;1.37e-05;0.000581565;0.000431311;8.87e-06
3.28e-05;2.67e-05;1.91e-05;1.35e-05;0.000626815;0.000467068;9.76e-06
2.47e-05;1.95e-05;1.3e-05;8.16e-06;0.000345319;0.000257395;6.98e-06
2.48e-05;2.11e-05;1.66e-05;1.33e-05;0.000502505;0.00040129;7.2e-06
2.72e-05;2.31e-05;1.8e-05;1.43e-05;0.000520825;0.000406427;7.39e-06
3.83e-05;3.17e-05;2.32e-05;1.64e-05;0.000650744;0.000484561;1.02e-05
3.05e-05;2.6e-05;2.06e-05;1.65e-05;0.000546985;0.000419927;8.22e-06
3.12e-05;2.59e-05;1.92e-05;1.4e-05;0.000623286;0.000466051;8.77e-06
3.45e-05;2.99e-05;2.43e-05;2.01e-05;0.000596896;0.000475394;9.54e-06
3.1e-05;2.55e-05;1.85e-05;1.31e-05;0.000590229;0.000416879;8.4e-06
3.53e-05;2.85e-05;1.99e-05;1.36e-05;0.000707461;0.000514004;9.91e-06
3.51e-05;2.84e-05;1.98e-05;1.33e-05;0.000629723;0.000444292;9.61e-06
2.6e-05;2.04e-05;1.35e-05;8.39e-06;0.000472998;0.00032688;7.55e-06
3.65e-05;2.94e-05;2.04e-05;1.37e-05;0.000525952;0.000407605;9.91e-06
3.15e-05;2.61e-05;1.96e-05;1.47e-05;0.000535931;0.000435217;8.63e-06
4.01e-05;3.41e-05;2.66e-05;2.11e-05;0.000617836;0.00053457;1.06e-05
3.4e-05;2.83e-05;2.12e-05;1.61e-05;0.000504591;0.000426355;9.96e-06
2.88e-05;2.39e-05;1.76e-05;1.29e-05;0.000503598;0.000377403;7.68e-06
3.14e-05;2.67e-05;2.09e-05;1.67e-05;0.000558177;0.000459657;9.01e-06
3.45e-05;2.95e-05;2.33e-05;1.86e-05;0.000574419;0.000475055;8.86e-06
3.42e-05;2.81e-05;2.02e-05;1.39e-05;0.000532497;0.000406049;8.96e-06
3.23e-05;2.67e-05;1.95e-05;1.41e-05;0.000581668;0.000445996;9.39e-06
3.12e-05;2.58e-05;1.86e-05;1.31e-05;0.000553368;0.00042984;8.43e-06
4.19e-05;3.59e-05;2.82e-05;2.24e-05;0.000834479;0.000671527;1.07e-05
3.13e-05;2.63e-05;1.97e-05;1.46e-05;0.00053607;0.000412825;8.49e-06
3.01e-05;2.51e-05;1.87e-05;1.38e-05;0.000465331;0.000395768;8.53e-06
2.84e-05;2.36e-05;1.76e-05;1.31e-05;0.000479409;0.000387342;7.69e-06
3.56e-05;2.92e-05;2.1e-05;1.48e-05;0.000621013;0.000468979;9.82e-06
3.56e-05;2.95e-05;2.16e-05;1.53e-05;0.000662575;0.000507955;9.28e-06
3.25e-05;2.73e-05;2.07e-05;1.57e-05;0.000562806;0.000441425;8.8e-06
3.71e-05;3.04e-05;2.2e-05;1.58e-05;0.00060795;0.000468177;1.05e-05
3.52e-05;2.94e-05;2.19e-05;1.6e-05;0.000460228;0.000379226;9.96e-06
4.32e-05;3.68e-05;2.88e-05;2.26e-05;0.000733116;0.000609003;1.14e-05
2.98e-05;2.42e-05;1.72e-05;1.19e-05;0.000440451;0.000339048;8.12e-06
2.53e-05;2.13e-05;1.63e-05;1.25e-05;0.000464545;0.000358193;7.05e-06
3.82e-05;3.14e-05;2.3e-05;1.67e-05;0.00065983;0.000491927;1.06e-05
3e-05;2.53e-05;1.95e-05;1.52e-05;0.00057085;0.000466499;8.14e-06
2.4e-05;1.95e-05;1.41e-05;1.02e-05;0.000389263;0.000310556;6.97e-06
3.4e-05;2.88e-05;2.25e-05;1.78e-05;0.000634143;0.000485033;8.81e-06
3.65e-05;3.05e-05;2.3e-05;1.74e-05;0.000566338;0.000445518;9.45e-06
3.8e-05;3.1e-05;2.21e-05;1.54e-05;0.000616371;0.000471472;1.01e-05
2.64e-05;2.21e-05;1.7e-05;1.32e-05;0.000512053;0.000399495;7.59e-06
3.59e-05;3.09e-05;2.48e-05;2.02e-05;0.00067227;0.000551284;9.68e-06
2.78e-05;2.24e-05;1.58e-05;1.09e-05;0.00039928;0.000317112;7.73e-06
2.92e-05;2.41e-05;1.76e-05;1.27e-05;0.000539775;0.000408769;8e-06
3.28e-05;2.68e-05;1.93e-05;1.37e-05;0.000567805;0.000423473;9.04e-06
3.53e-05;3.02e-05;2.35e-05;1.85e-05;0.000540028;0.000476654;9.28e-06
2.91e-05;2.44e-05;1.85e-05;1.4e-05;0.000431198;0.000366511;8.04e-06
3.24e-05;2.77e-05;2.14e-05;1.63e-05;0.000576671;0.000459868;8.49e-06
3.48e-05;2.88e-05;2.1e-05;1.51e-05;0.000539941;0.000431053;9.38e-06
3.6e-05;3.05e-05;2.37e-05;1.85e-05;0.000640187;0.000510764;9.71e-06
2.57e-05;2.16e-05;1.64e-05;1.23e-05;0.000396593;0.0003209;7.15e-06
2.73e-05;2.28e-05;1.74e-05;1.34e-05;0.000434697;0.000355819;7.25e-06
2.89e-05;2.39e-05;1.77e-05;1.32e-05;0.000559345;0.000410427;8.39e-06
2.59e-05;2.14e-05;1.59e-05;1.18e-05;0.000360493;0.000309304;7.34e-06
3.01e-05;2.52e-05;1.9e-05;1.42e-05;0.000448032;0.000378184;8.32e-06
2.82e-05;2.32e-05;1.68e-05;1.19e-05;0.000505445;0.000396862;7.67e-06
3.18e-05;2.56e-05;1.78e-05;1.19e-05;0.000488168;0.00038165;8.73e-06
2.71e-05;2.26e-05;1.7e-05;1.29e-05;0.000533757;0.000401224;7.16e-06
3.46e-05;2.83e-05;2.01e-05;1.38e-05;0.00057392;0.000433163;9.66e-06
2.6e-05;2.09e-05;1.45e-05;9.63e-06;0.000491403;0.000342675;7.1e-06
3.6e-05;2.92e-05;2.06e-05;1.41e-05;0.000640613;0.000461298;9.9e-06
3.34e-05;2.74e-05;2.01e-05;1.48e-05;0.000587933;0.000454488;9.2e-06
2.52e-05;2.14e-05;1.68e-05;1.33e-05;0.000462471;0.000374808;7.28e-06
3.53e-05;3.02e-05;2.42e-05;1.97e-05;0.00054503;0.000473017;8.98e-06
2.82e-05;2.35e-05;1.74e-05;1.28e-05;0.000521702;0.000404512;7.74e-06
2.98e-05;2.42e-05;1.73e-05;1.22e-05;0.000411876;0.000339749;8.42e-06
2.99e-05;2.46e-05;1.8e-05;1.3e-05;0.000521091;0.000389268;8.21e-06
3.47e-05;2.79e-05;1.93e-05;1.31e-05;0.000618595;0.000452151;1.02e-05
2.68e-05;2.28e-05;1.77e-05;1.38e-05;0.000405575;0.000344773;7.41e-06
4.07e-05;3.42e-05;2.6e-05;1.99e-05;0.000688079;0.00053566;1.07e-05
3.47e-05;2.93e-05;2.21e-05;1.65e-05;0.000622796;0.000480257;9.17e-06
2.71e-05;2.18e-05;1.52e-05;1.04e-05;0.000403098;0.000313776;7.75e-06
2.99e-05;2.5e-05;1.9e-05;1.45e-05;0.000591556;0.000438336;8.29e-06
3.09e-05;2.6e-05;2.01e-05;1.56e-05;0.000548685;0.000427926;8.5e-06
3.79e-05;3.1e-05;2.24e-05;1.6e-05;0.000517922;0.000443363;9.96e-06
3.49e-05;2.94e-05;2.27e-05;1.78e-05;0.000592449;0.000478651;9.84e-06
2.8e-05;2.33e-05;1.72e-05;1.25e-05;0.000456374;0.000351536;7.69e-06
2.98e-05;2.44e-05;1.74e-05;1.19e-05;0.00047905;0.000366255;7.66e-06
2.85e-05;2.4e-05;1.83e-05;1.39e-05;0.000489601;0.00038704;7.47e-06
3.79e-05;3.12e-05;2.23e-05;1.55e-05;0.000702876;0.000513819;1.05e-05
3.14e-05;2.65e-05;2.04e-05;1.58e-05;0.000528364;0.000426279;8.65e-06
2.79e-05;2.31e-05;1.71e-05;1.28e-05;0.000556789;0.00040493;8.09e-06
3.75e-05;2.99e-05;2.01e-05;1.25e-05;0.000648114;0.000459602;9.97e-06
2.56e-05;2.13e-05;1.59e-05;1.18e-05;0.000449062;0.000348889;7.08e-06
3.12e-05;2.55e-05;1.84e-05;1.32e-05;0.000588853;0.000422085;8.54e-06
3.22e-05;2.63e-05;1.93e-05;1.44e-05;0.00051546;0.000419878;1.02e-05
2.8e-05;2.32e-05;1.74e-05;1.31e-05;0.00051741;0.00041022;7.97e-06
3.82e-05;3.21e-05;2.43e-05;1.83e-05;0.000723114;0.000561698;1.02e-05
2.89e-05;2.4e-05;1.79e-05;1.32e-05;0.000401387;0.000326907;8.25e-06
3.47e-05;2.83e-05;2.03e-05;1.43e-05;0.000516235;0.000413779;1.03e-05
2.9e-05;2.44e-05;1.84e-05;1.37e-05;0.000529285;0.000420575;7.68e-06
2.77e-05;2.27e-05;1.64e-05;1.15e-05;0.00053795;0.000396522;8.02e-06
3.1e-05;2.55e-05;1.87e-05;1.36e-05;0.000530775;0.000423397;8.64e-06
2.48e-05;1.97e-05;1.34e-05;8.82e-06;0.000425069;0.000307955;7.3e-06
3.3e-05;2.8e-05;2.18e-05;1.7e-05;0.000532406;0.00044024;8.96e-06
3.03e-05;2.52e-05;1.86e-05;1.34e-05;0.000522711;0.00041014;7.96e-06
3.08e-05;2.55e-05;1.89e-05;1.36e-05;0.000505219;0.000391032;8.04e-06
2.62e-05;2.09e-05;1.45e-05;9.81e-06;0.000451966;0.000319852;7.7e-06
3.38e-05;2.84e-05;2.15e-05;1.64e-05;0.000667321;0.000498228;8.81e-06
3.95e-05;3.36e-05;2.63e-05;2.09e-05;0.000590958;0.000522812;1.1e-05
3.43e-05;2.92e-05;2.3e-05;1.85e-05;0.00062249;0.000496305;9.37e-06
3.42e-05;2.87e-05;2.18e-05;1.63e-05;0.000649147;0.00048852;9.6e-06
2.82e-05;2.38e-05;1.78e-05;1.3e-05;0.000472364;0.000386954;7.3e-06
3.53e-05;2.93e-05;2.2e-05;1.65e-05;0.000667548;0.000498312;9.61e-06
4e-05;3.27e-05;2.34e-05;1.63e-05;0.000511486;0.000443849;1.07e-05
4.19e-05;3.44e-05;2.49e-05;1.77e-05;0.00072839;0.000544725;1.12e-05
3.36e-05;2.76e-05;1.99e-05;1.4e-05;0.000604869;0.000463244;8.99e-06
2.93e-05;2.43e-05;1.78e-05;1.27e-05;0.000427309;0.000338751;7.77e-06
3.27e-05;2.64e-05;1.84e-05;1.25e-05;0.000469263;0.000385707;9.18e-06
3.23e-05;2.71e-05;2.06e-05;1.59e-05;0.000561992;0.000436707;9.37e-06
3.98e-05;3.22e-05;2.24e-05;1.5e-05;0.000530398;0.00042408;1.1e-05
2.51e-05;2.08e-05;1.57e-05;1.2e-05;0.000422318;0.00034595;7.35e-06
3.92e-05;3.36e-05;2.65e-05;2.11e-05;0.000771189;0.000580332;1.06e-05
3.44e-05;2.84e-05;2.07e-05;1.49e-05;0.000601836;0.000449697;9.45e-06
3.46e-05;2.84e-05;2.07e-05;1.51e-05;0.000593286;0.000455581;9.12e-06
3.85e-05;3.31e-05;2.62e-05;2.1e-05;0.000649051;0.00052525;1.02e-05
3.21e-05;2.59e-05;1.83e-05;1.28e-05;0.000508458;0.000380498;9.58e-06
2.49e-05;2.07e-05;1.55e-05;1.16e-05;0.000373973;0.00030994;7.37e-06
4.1e-05;3.43e-05;2.62e-05;2.01e-05;0.000789058;0.000603853;1.11e-05
4.02e-05;3.36e-05;2.53e-05;1.9e-05;0.000598743;0.000516775;1.09e-05
2.64e-05;2.17e-05;1.57e-05;1.13e-05;0.000425186;0.000320324;7.63e-06
3.09e-05;2.53e-05;1.81e-05;1.27e-05;0.000510342;0.000406458;8.02e-06
3.86e-05;3.22e-05;2.42e-05;1.81e-05;0.000760845;0.000566231;1.07e-05
3.5e-05;2.87e-05;2.09e-05;1.53e-05;0.000572407;0.000439104;9.93e-06
3.44e-05;2.92e-05;2.27e-05;1.79e-05;0.000547544;0.000449559;9.43e-06
2.74e-05;2.23e-05;1.56e-05;1.06e-05;0.000511811;0.000366004;7.36e-06
2.84e-05;2.33e-05;1.69e-05;1.23e-05;0.000480229;0.000368272;7.73e-06
2.71e-05;2.26e-05;1.7e-05;1.27e-05;0.000474733;0.00037559;7.21e-06
2.76e-05;2.37e-05;1.87e-05;1.51e-05;0.000477832;0.000394544;7.22e-06
2.67e-05;2.33e-05;1.9e-05;1.58e-05;0.000468558;0.000401211;7.23e-06
2.47e-05;2.12e-05;1.69e-05;1.37e-05;0.000433238;0.000355212;6.9e-06
2.63e-05;2.17e-05;1.61e-05;1.18e-05;0.00041541;0.000340232;7.21e-06
2.49e-05;2.08e-05;1.58e-05;1.2e-05;0.000433933;0.000357382;7.01e-06
3.84e-05;3.08e-05;2.15e-05;1.47e-05;0.000623646;0.00047168;1.07e-05
3.51e-05;2.87e-05;2.04e-05;1.4e-05;0.000571648;0.000430715;9.39e-06
3.15e-05;2.64e-05;1.98e-05;1.48e-05;0.000616521;0.000463726;8.28e-06
3.12e-05;2.63e-05;2.02e-05;1.58e-05;0.000457344;0.000389461;8.72e-06
4.08e-05;3.34e-05;2.38e-05;1.64e-05;0.000604373;0.000480454;1.06e-05
3.5e-05;2.87e-05;2.11e-05;1.54e-05;0.000664478;0.000513634;9.34e-06
3.05e-05;2.51e-05;1.84e-05;1.34e-05;0.000512456;0.000399801;8.78e-06
3.77e-05;3.11e-05;2.25e-05;1.57e-05;0.000715059;0.000531344;9.88e-06
3.19e-05;2.73e-05;2.12e-05;1.64e-05;0.000551684;0.0004375;8.08e-06
4.16e-05;3.44e-05;2.52e-05;1.81e-05;0.000795642;0.000610227;1.07e-05
3.4e-05;2.87e-05;2.22e-05;1.73e-05;0.000644096;0.000520264;9.61e-06
2.75e-05;2.34e-05;1.83e-05;1.44e-05;0.000499051;0.000400741;7.71e-06
4.2e-05;3.51e-05;2.64e-05;1.99e-05;0.000787093;0.000598262;1.07e-05
3.59e-05;2.96e-05;2.13e-05;1.49e-05;0.000581025;0.000460712;9.54e-06
3.59e-05;2.96e-05;2.11e-05;1.45e-05;0.000520682;0.00041588;9.24e-06
3.65e-05;3.15e-05;2.56e-05;2.12e-05;0.000674367;0.0005344;1.01e-05
3.22e-05;2.67e-05;1.96e-05;1.44e-05;0.000591749;0.000456624;9.77e-06
2.92e-05;2.41e-05;1.77e-05;1.28e-05;0.000440745;0.000346448;8.49e-06
2.57e-05;2.06e-05;1.43e-05;9.57e-06;0.000410899;0.000314852;7.24e-06
3.89e-05;3.24e-05;2.41e-05;1.77e-05;0.000608457;0.000470637;1.06e-05
3.48e-05;2.93e-05;2.19e-05;1.6e-05;0.000526627;0.000428362;8.93e-06
3.19e-05;2.68e-05;2.01e-05;1.48e-05;0.000579324;0.000450824;8.26e-06
2.83e-05;2.33e-05;1.73e-05;1.29e-05;0.00041087;0.000350327;7.89e-06
2.69e-05;2.26e-05;1.72e-05;1.33e-05;0.000487825;0.000371449;7.51e-06
3.48e-05;2.93e-05;2.24e-05;1.69e-05;0.000668212;0.000511868;9.22e-06
3.27e-05;2.69e-05;1.94e-05;1.38e-05;0.000497264;0.000383338;8.75e-06
3.75e-05;3.11e-05;2.27e-05;1.63e-05;0.000587634;0.000486759;1.04e-05
3.07e-05;2.53e-05;1.82e-05;1.28e-05;0.000541921;0.000411631;8.33e-06
3.13e-05;2.61e-05;1.98e-05;1.52e-05;0.000579298;0.000458259;8.36e-06
2.84e-05;2.34e-05;1.7e-05;1.22e-05;0.000493353;0.000386887;7.81e-06
3.23e-05;2.69e-05;2.02e-05;1.53e-05;0.000609587;0.000462281;9.28e-06
2.75e-05;2.21e-05;1.53e-05;1.01e-05;0.000483227;0.000357746;7.53e-06
3.29e-05;2.74e-05;2.07e-05;1.58e-05;0.000561874;0.000427711;9.36e-06
2.58e-05;2.1e-05;1.5e-05;1.07e-05;0.000402944;0.000325673;7.65e-06
2.83e-05;2.31e-05;1.64e-05;1.13e-05;0.000416501;0.000325534;7.48e-06
3.44e-05;2.88e-05;2.18e-05;1.63e-05;0.00060328;0.000444937;9.96e-06
3.11e-05;2.61e-05;2e-05;1.54e-05;0.000552487;0.000422064;8.86e-06
2.71e-05;2.17e-05;1.49e-05;9.97e-06;0.00045277;0.000347;7.72e-06
3.33e-05;2.76e-05;2.04e-05;1.5e-05;0.000588359;0.000458395;9.39e-06
2.91e-05;2.44e-05;1.85e-05;1.41e-05;0.000524363;0.000391006;7.66e-06
2.61e-05;2.2e-05;1.71e-05;1.34e-05;0.000452004;0.000372959;7.19e-06
3.5e-05;2.93e-05;2.18e-05;1.59e-05;0.000701718;0.00052277;9e-06
3.44e-05;2.87e-05;2.18e-05;1.67e-05;0.000546735;0.000443719;9.63e-06
3.54e-05;2.89e-05;2.07e-05;1.45e-05;0.000554548;0.000428585;9.97e-06
3.74e-05;3.16e-05;2.4e-05;1.79e-05;0.000566989;0.000476975;9.96e-06
3.26e-05;2.63e-05;1.83e-05;1.23e-05;0.000531728;0.000384332;8.54e-06
3.5e-05;2.89e-05;2.14e-05;1.57e-05;0.000529328;0.000438221;9.48e-06
4.21e-05;3.46e-05;2.5e-05;1.76e-05;0.000707653;0.000545213;1.11e-05
3.18e-05;2.68e-05;2.03e-05;1.52e-05;0.000499595;0.000405347;8.13e-06
2.61e-05;2.12e-05;1.49e-05;1.02e-05;0.000474246;0.000366059;7.48e-06
2.61e-05;2.09e-05;1.48e-05;1.05e-05;0.000474834;0.000342029;7.76e-06
3.81e-05;3.16e-05;2.32e-05;1.66e-05;0.000609844;0.000491091;9.78e-06
3.25e-05;2.76e-05;2.14e-05;1.66e-05;0.000567675;0.000448702;8.67e-06
2.71e-05;2.24e-05;1.64e-05;1.18e-05;0.000407931;0.000341749;7.42e-06
3.44e-05;2.84e-05;2.05e-05;1.42e-05;0.000539668;0.00041151;9.1e-06
3.91e-05;3.26e-05;2.45e-05;1.86e-05;0.000654553;0.000510133;9.89e-06
3.71e-05;3.04e-05;2.16e-05;1.48e-05;0.000537775;0.000417641;9.96e-06
3.7e-05;3.01e-05;2.15e-05;1.49e-05;0.000670346;0.000487058;1.07e-05
2.51e-05;2.12e-05;1.63e-05;1.26e-05;0.000353529;0.00031159;6.97e-06
3.82e-05;3.25e-05;2.55e-05;2.03e-05;0.000539367;0.000473774;1e-05
2.78e-05;2.3e-05;1.73e-05;1.33e-05;0.000475094;0.000383988;8.46e-06
2.86e-05;2.37e-05;1.78e-05;1.35e-05;0.000445028;0.000377582;7.88e-06
3.83e-05;3.19e-05;2.34e-05;1.68e-05;0.000722885;0.000534753;1.04e-05
3.17e-05;2.6e-05;1.91e-05;1.41e-05;0.000556119;0.000425526;9.38e-06
3.27e-05;2.59e-05;1.75e-05;1.13e-05;0.00052898;0.000371814;9.33e-06
2.86e-05;2.37e-05;1.75e-05;1.28e-05;0.000489189;0.000379341;7.68e-06
3.38e-05;2.86e-05;2.23e-05;1.74e-05;0.000517617;0.00044435;9.13e-06
2.84e-05;2.33e-05;1.69e-05;1.21e-05;0.000461268;0.000365697;7.39e-06
2.79e-05;2.33e-05;1.73e-05;1.27e-05;0.000468234;0.000360773;7.44e-06
2.92e-05;2.33e-05;1.6e-05;1.06e-05;0.000431404;0.000327376;8.21e-06
3.61e-05;3.02e-05;2.26e-05;1.68e-05;0.000627129;0.000491108;9.66e-06
3.35e-05;2.82e-05;2.13e-05;1.62e-05;0.00058936;0.000478808;8.81e-06
3.67e-05;2.96e-05;2.07e-05;1.37e-05;0.000548274;0.00042061;1.03e-05
2.52e-05;2.08e-05;1.52e-05;1.08e-05;0.000414648;0.000324118;7.11e-06
3.65e-05;3.1e-05;2.37e-05;1.8e-05;0.00051834;0.000434412;9.66e-06
3.66e-05;3e-05;2.16e-05;1.49e-05;0.000579283;0.000434947;9.68e-06
3.27e-05;2.69e-05;1.97e-05;1.45e-05;0.000526828;0.000434011;8.8e-06
3.53e-05;2.97e-05;2.28e-05;1.75e-05;0.000515716;0.000433924;9.53e-06
2.82e-05;2.38e-05;1.8e-05;1.36e-05;0.000450675;0.000366911;7.55e-06
2.83e-05;2.3e-05;1.63e-05;1.14e-05;0.00050469;0.000362075;8.03e-06
2.72e-05;2.26e-05;1.67e-05;1.21e-05;0.00047611;0.000385561;7.29e-06
4.05e-05;3.45e-05;2.73e-05;2.2e-05;0.000598111;0.000520743;1.07e-05
2.6e-05;2.24e-05;1.8e-05;1.46e-05;0.000400759;0.000340275;7.13e-06
3.13e-05;2.63e-05;2.02e-05;1.58e-05;0.000615961;0.000476438;9.29e-06
2.45e-05;1.98e-05;1.39e-05;9.7e-06;0.000432221;0.000321917;6.99e-06
2.96e-05;2.46e-05;1.82e-05;1.34e-05;0.000491478;0.000396512;8.15e-06
3.06e-05;2.59e-05;2.01e-05;1.58e-05;0.000605679;0.000450984;8.13e-06
3.54e-05;2.94e-05;2.17e-05;1.57e-05;0.000519665;0.000416832;9.93e-06
3.3e-05;2.72e-05;2.01e-05;1.47e-05;0.000515253;0.000402254;8.55e-06
2.88e-05;2.4e-05;1.79e-05;1.33e-05;0.000502672;0.000388138;8.35e-06
2.97e-05;2.45e-05;1.82e-05;1.35e-05;0.000421685;0.000344031;8.48e-06
3.01e-05;2.5e-05;1.87e-05;1.41e-05;0.000388881;0.000353536;7.86e-06
3.81e-05;3.1e-05;2.2e-05;1.53e-05;0.000676353;0.000503177;1.06e-05
3.67e-05;2.95e-05;2.03e-05;1.35e-05;0.000469136;0.000395546;1.04e-05
2.5e-05;2e-05;1.4e-05;9.76e-06;0.000475629;0.000352675;7.31e-06
3.16e-05;2.6e-05;1.92e-05;1.41e-05;0.000572436;0.00043109;9.36e-06
3.22e-05;2.66e-05;1.97e-05;1.47e-05;0.000538085;0.000427176;9.43e-06
3.56e-05;3.06e-05;2.45e-05;1.99e-05;0.000652157;0.000538725;9.74e-06
3.31e-05;2.76e-05;2.07e-05;1.55e-05;0.00058377;0.000458723;8.8e-06
3.95e-05;3.36e-05;2.65e-05;2.12e-05;0.000676124;0.000542751;1.08e-05
2.67e-05;2.21e-05;1.61e-05;1.15e-05;0.000439623;0.000337942;7.38e-06
2.59e-05;2.07e-05;1.42e-05;9.41e-06;0.000429292;0.000330614;7.42e-06
2.61e-05;2.23e-05;1.77e-05;1.41e-05;0.00040918;0.000342347;7.4e-06
2.81e-05;2.26e-05;1.56e-05;1.02e-05;0.000468863;0.00035283;7.71e-06
4.21e-05;3.58e-05;2.76e-05;2.12e-05;0.000703989;0.00058007;1.08e-05
3.37e-05;2.81e-05;2.15e-05;1.68e-05;0.000655433;0.000505738;9.36e-06
3.09e-05;2.6e-05;1.96e-05;1.47e-05;0.00060031;0.000444331;7.94e-06
2.9e-05;2.52e-05;2.05e-05;1.69e-05;0.000479966;0.000414719;7.42e-06
3.84e-05;3.3e-05;2.62e-05;2.08e-05;0.000665742;0.000531878;9.58e-06
4.32e-05;3.56e-05;2.58e-05;1.83e-05;0.000653203;0.000504894;1.12e-05
3.53e-05;3.03e-05;2.41e-05;1.94e-05;0.00068097;0.000534914;9.22e-06
4.14e-05;3.45e-05;2.55e-05;1.86e-05;0.000686688;0.000525511;1.07e-05
4.03e-05;3.49e-05;2.86e-05;2.39e-05;0.000697322;0.000580476;1.04e-05
3.05e-05;2.57e-05;1.96e-05;1.49e-05;0.000426443;0.000378452;7.69e-06
2.95e-05;2.44e-05;1.79e-05;1.3e-05;0.000482879;0.000392255;7.87e-06
3.33e-05;2.88e-05;2.34e-05;1.94e-05;0.000587878;0.000495039;9.35e-06
4.1e-05;3.49e-05;2.74e-05;2.18e-05;0.000737244;0.000590802;1.1e-05
2.98e-05;2.53e-05;1.96e-05;1.54e-05;0.000583038;0.00046083;7.63e-06
2.89e-05;2.37e-05;1.73e-05;1.26e-05;0.000501756;0.000381449;8.27e-06
2.63e-05;2.2e-05;1.68e-05;1.29e-05;0.000457269;0.000374096;7.65e-06
2.83e-05;2.31e-05;1.66e-05;1.17e-05;0.000449201;0.000363098;7.87e-06
3.59e-05;2.98e-05;2.22e-05;1.65e-05;0.000608255;0.000481666;8.89e-06
2.94e-05;2.48e-05;1.9e-05;1.46e-05;0.000583984;0.000441413;7.81e-06
2.82e-05;2.34e-05;1.77e-05;1.34e-05;0.000542587;0.000407857;7.99e-06
2.74e-05;2.28e-05;1.68e-05;1.24e-05;0.000522272;0.000401674;7.92e-06
2.83e-05;2.42e-05;1.92e-05;1.55e-05;0.000507051;0.000401165;8e-06
3.13e-05;2.55e-05;1.82e-05;1.27e-05;0.000608118;0.000442894;8.76e-06
3.5e-05;2.98e-05;2.31e-05;1.79e-05;0.000661286;0.000519894;9.13e-06
3.56e-05;2.87e-05;2.01e-05;1.38e-05;0.000549926;0.000429333;9.76e-06
2.78e-05;2.33e-05;1.76e-05;1.33e-05;0.000471418;0.000380425;7.32e-06
2.47e-05;2.06e-05;1.57e-05;1.22e-05;0.000413508;0.00033138;7.14e-06
3.69e-05;3.04e-05;2.22e-05;1.59e-05;0.00067515;0.000505651;9.38e-06
3.69e-05;3.05e-05;2.23e-05;1.59e-05;0.00067472;0.000512066;1.03e-05
3.15e-05;2.61e-05;1.94e-05;1.44e-05;0.000525671;0.00040239;8.49e-06
2.76e-05;2.27e-05;1.67e-05;1.23e-05;0.00046703;0.000369758;7.7e-06
4.13e-05;3.47e-05;2.64e-05;2.02e-05;0.000739174;0.000596344;1.08e-05
2.51e-05;2.03e-05;1.45e-05;1.04e-05;0.000439403;0.00034203;7.12e-06
3.25e-05;2.76e-05;2.17e-05;1.75e-05;0.000495176;0.000432161;9.57e-06
2.77e-05;2.28e-05;1.66e-05;1.2e-05;0.000449065;0.00034723;7.44e-06
2.79e-05;2.35e-05;1.78e-05;1.35e-05;0.000499057;0.000406397;7.27e-06
3.99e-05;3.34e-05;2.48e-05;1.81e-05;0.000614158;0.000487335;1.08e-05
3.82e-05;3.22e-05;2.44e-05;1.81e-05;0.000668561;0.000519358;9.65e-06
3.35e-05;2.74e-05;2.02e-05;1.5e-05;0.000595462;0.000454073;9.4e-06
3.65e-05;2.99e-05;2.16e-05;1.55e-05;0.000603927;0.000484412;1.01e-05
3.33e-05;2.82e-05;2.17e-05;1.67e-05;0.000460075;0.000406627;8.82e-06
3.15e-05;2.53e-05;1.78e-05;1.21e-05;0.000477431;0.000371869;9.1e-06
3.76e-05;3.12e-05;2.29e-05;1.64e-05;0.000694561;0.000531686;9.78e-06
2.62e-05;2.26e-05;1.83e-05;1.51e-05;0.000474381;0.000387757;7.48e-06
3.04e-05;2.48e-05;1.79e-05;1.28e-05;0.000538518;0.000400909;8.32e-06
3.17e-05;2.75e-05;2.22e-05;1.82e-05;0.000445015;0.000413098;8.36e-06
2.63e-05;2.19e-05;1.65e-05;1.26e-05;0.000458856;0.000374469;7.41e-06
3.49e-05;2.84e-05;2e-05;1.39e-05;0.000603238;0.000470458;1.02e-05
3.31e-05;2.72e-05;1.98e-05;1.4e-05;0.00056364;0.000424517;8.74e-06
3.02e-05;2.5e-05;1.83e-05;1.33e-05;0.000447529;0.000375452;8.31e-06
3.7e-05;3.08e-05;2.32e-05;1.78e-05;0.000680221;0.000529016;1.01e-05
3.45e-05;2.82e-05;2.02e-05;1.41e-05;0.000534251;0.000436188;9.52e-06
3.34e-05;2.64e-05;1.78e-05;1.15e-05;0.000612166;0.000419871;9.4e-06
3.93e-05;3.29e-05;2.49e-05;1.88e-05;0.000687548;0.000527047;1.07e-05
3.89e-05;3.26e-05;2.44e-05;1.81e-05;0.000699011;0.000562953;9.9e-06
2.53e-05;2.11e-05;1.57e-05;1.17e-05;0.000484238;0.000360381;6.99e-06
2.89e-05;2.46e-05;1.93e-05;1.54e-05;0.00059003;0.000462448;7.41e-06
3.8e-05;3.05e-05;2.11e-05;1.4e-05;0.000673274;0.000503494;1.06e-05
2.89e-05;2.37e-05;1.74e-05;1.28e-05;0.000524201;0.000380193;8.21e-06
3.49e-05;2.91e-05;2.17e-05;1.6e-05;0.000509724;0.000420843;9.48e-06
2.8e-05;2.29e-05;1.66e-05;1.19e-05;0.000379613;0.000328988;7.98e-06
2.87e-05;2.35e-05;1.7e-05;1.24e-05;0.000481931;0.000375684;7.96e-06
3.09e-05;2.55e-05;1.86e-05;1.35e-05;0.000512902;0.000394601;8.72e-06
3.6e-05;3.1e-05;2.5e-05;2.05e-05;0.000540405;0.000472254;9.85e-06
2.79e-05;2.39e-05;1.88e-05;1.5e-05;0.000470222;0.000396173;7.38e-06
2.73e-05;2.28e-05;1.73e-05;1.33e-05;0.000473058;0.000385726;7.57e-06
4.08e-05;3.49e-05;2.75e-05;2.21e-05;0.00065525;0.000561643;1.07e-05
4.22e-05;3.58e-05;2.78e-05;2.17e-05;0.000752738;0.000587634;1.11e-05
2.55e-05;2.09e-05;1.51e-05;1.06e-05;0.000477816;0.000347271;7.02e-06
2.93e-05;2.39e-05;1.69e-05;1.16e-05;0.000397528;0.000337252;7.72e-06
3.3e-05;2.78e-05;2.09e-05;1.56e-05;0.000552606;0.000433445;8.72e-06
3.82e-05;3.18e-05;2.34e-05;1.7e-05;0.000558114;0.000445555;1.08e-05
3.51e-05;2.95e-05;2.25e-05;1.71e-05;0.000644943;0.000503787;9.41e-06
3.61e-05;2.96e-05;2.14e-05;1.52e-05;0.000629051;0.000473679;1.03e-05
2.88e-05;2.45e-05;1.89e-05;1.46e-05;0.000481636;0.000405121;7.61e-06
3.19e-05;2.64e-05;1.96e-05;1.44e-05;0.000524568;0.00040628;8.55e-06
3e-05;2.42e-05;1.68e-05;1.13e-05;0.000594239;0.000423528;8.35e-06
2.75e-05;2.31e-05;1.79e-05;1.4e-05;0.000461772;0.000367574;7.43e-06
4.07e-05;3.33e-05;2.35e-05;1.6e-05;0.000704781;0.000546819;1.02e-05
2.54e-05;2.12e-05;1.58e-05;1.16e-05;0.000458574;0.000345393;6.95e-06
3.21e-05;2.71e-05;2.11e-05;1.66e-05;0.00052296;0.00044118;9.56e-06
2.7e-05;2.19e-05;1.6e-05;1.17e-05;0.000446382;0.000345419;8.22e-06
3.66e-05;3.02e-05;2.21e-05;1.6e-05;0.00070179;0.000529971;9.73e-06
2.7e-05;2.26e-05;1.66e-05;1.19e-05;0.000354129;0.000310443;7.51e-06
3.13e-05;2.62e-05;2e-05;1.53e-05;0.000537787;0.000436309;8.86e-06
2.59e-05;2.24e-05;1.8e-05;1.48e-05;0.000449998;0.000376212;7.1e-06
2.75e-05;2.26e-05;1.63e-05;1.16e-05;0.000551742;0.000390734;7.76e-06
3.53e-05;2.86e-05;2.04e-05;1.43e-05;0.000634963;0.000479666;9.8e-06
3.17e-05;2.59e-05;1.86e-05;1.33e-05;0.000546861;0.000408672;8.53e-06
3.46e-05;2.85e-05;2.05e-05;1.45e-05;0.00061102;0.00047722;9.91e-06
2.75e-05;2.2e-05;1.51e-05;9.78e-06;0.000485477;0.000355633;7.76e-06
2.89e-05;2.37e-05;1.69e-05;1.16e-05;0.000397452;0.000330367;7.77e-06
2.56e-05;2.15e-05;1.65e-05;1.26e-05;0.000408618;0.000338826;7.23e-06
3.17e-05;2.51e-05;1.7e-05;1.1e-05;0.000546719;0.00040885;9.39e-06
3.41e-05;2.84e-05;2.08e-05;1.49e-05;0.000649723;0.000481597;9.06e-06
3.7e-05;3.04e-05;2.21e-05;1.56e-05;0.000560257;0.000423898;1.05e-05
3.13e-05;2.65e-05;2.07e-05;1.64e-05;0.00053493;0.000435226;8.26e-06
2.49e-05;2.15e-05;1.74e-05;1.44e-05;0.000397655;0.000327537;7.13e-06
2.46e-05;2.02e-05;1.48e-05;1.1e-05;0.000419094;0.000313503;7.03e-06
3.11e-05;2.52e-05;1.81e-05;1.29e-05;0.000597438;0.000438078;8.58e-06
3.52e-05;2.92e-05;2.2e-05;1.68e-05;0.000610357;0.000500461;9.94e-06
3.14e-05;2.66e-05;2.05e-05;1.59e-05;0.000558661;0.000433504;9.02e-06
4e-05;3.38e-05;2.6e-05;2.03e-05;0.000679265;0.000557611;1.11e-05
3.29e-05;2.73e-05;2.04e-05;1.53e-05;0.000450763;0.000389433;9.17e-06
3.53e-05;2.91e-05;2.12e-05;1.51e-05;0.000686556;0.000511848;9.68e-06
3.73e-05;3.02e-05;2.17e-05;1.56e-05;0.000672743;0.000508845;1.07e-05
2.61e-05;2.22e-05;1.74e-05;1.38e-05;0.000457;0.000379663;7.36e-06
3.06e-05;2.55e-05;1.88e-05;1.36e-05;0.000471271;0.000391398;8.26e-06
2.91e-05;2.5e-05;1.99e-05;1.6e-05;0.00056147;0.00044371;8.06e-06
2.61e-05;2.07e-05;1.4e-05;9.08e-06;0.000389183;0.000307177;7.76e-06
2.54e-05;2.11e-05;1.59e-05;1.21e-05;0.000396791;0.00032519;7.1e-06
2.79e-05;2.25e-05;1.56e-05;1.04e-05;0.000374648;0.000293764;7.65e-06
4.12e-05;3.56e-05;2.85e-05;2.3e-05;0.000775452;0.000632921;1.08e-05
2.87e-05;2.36e-05;1.74e-05;1.29e-05;0.000507198;0.000375173;8.63e-06
3.72e-05;3.01e-05;2.12e-05;1.44e-05;0.000573026;0.000426225;1.03e-05
2.67e-05;2.3e-05;1.84e-05;1.49e-05;0.000498767;0.000409648;7.25e-06
4.12e-05;3.49e-05;2.7e-05;2.08e-05;0.00076227;0.000586378;1.06e-05
3.11e-05;2.62e-05;2e-05;1.5e-05;0.000603976;0.000440513;8.41e-06
3.67e-05;3e-05;2.16e-05;1.54e-05;0.000652643;0.000481531;9.71e-06
3.6e-05;3.02e-05;2.33e-05;1.81e-05;0.000618047;0.000488896;9.74e-06
3.54e-05;2.99e-05;2.35e-05;1.86e-05;0.000542687;0.000451964;9.23e-06
2.91e-05;2.43e-05;1.82e-05;1.34e-05;0.000444071;0.000344973;8.2e-06
2.91e-05;2.46e-05;1.86e-05;1.38e-05;0.000571957;0.000423625;7.38e-06
2.96e-05;2.48e-05;1.9e-05;1.47e-05;0.000556605;0.000425261;8.06e-06
3.51e-05;3.02e-05;2.39e-05;1.88e-05;0.000649346;0.00050553;8.92e-06
2.97e-05;2.47e-05;1.87e-05;1.44e-05;0.000584109;0.000439304;8.68e-06
2.86e-05;2.37e-05;1.74e-05;1.27e-05;0.000435244;0.00034575;7.39e-06
4.09e-05;3.54e-05;2.85e-05;2.33e-05;0.000745;0.000630024;1.05e-05
3.71e-05;3.11e-05;2.36e-05;1.8e-05;0.000683805;0.000526919;9.95e-06
2.95e-05;2.51e-05;1.97e-05;1.56e-05;0.000413187;0.000363306;8e-06
3.56e-05;2.94e-05;2.14e-05;1.54e-05;0.00072161;0.000535742;9.59e-06
2.65e-05;2.23e-05;1.71e-05;1.33e-05;0.000442133;0.000347648;6.99e-06
2.97e-05;2.54e-05;2.01e-05;1.61e-05;0.00048603;0.000421518;8.01e-06
3.45e-05;2.82e-05;2.04e-05;1.43e-05;0.000656408;0.000484883;1.02e-05
2.48e-05;1.98e-05;1.35e-05;8.79e-06;0.000424997;0.000299257;7.06e-06
2.99e-05;2.51e-05;1.93e-05;1.5e-05;0.000465621;0.000401897;8.77e-06
3.19e-05;2.67e-05;2.02e-05;1.54e-05;0.000532112;0.000422735;8.59e-06
2.94e-05;2.47e-05;1.87e-05;1.43e-05;0.000535158;0.000433479;7.91e-06
3.63e-05;3.13e-05;2.55e-05;2.13e-05;0.000575942;0.000501476;9.63e-06
3.62e-05;2.91e-05;2.03e-05;1.36e-05;0.000574985;0.000422261;1.04e-05
3.21e-05;2.67e-05;2.01e-05;1.52e-05;0.000572574;0.000431572;9.29e-06
2.59e-05;2.16e-05;1.58e-05;1.14e-05;0.000391423;0.000308772;7.03e-06
3.04e-05;2.48e-05;1.77e-05;1.24e-05;0.000408182;0.000329258;8.55e-06
2.91e-05;2.42e-05;1.83e-05;1.41e-05;0.000440771;0.00035665;8.35e-06
4.17e-05;3.47e-05;2.57e-05;1.85e-05;0.000780352;0.000597211;1.07e-05
2.92e-05;2.38e-05;1.73e-05;1.27e-05;0.000450408;0.000368564;8.6e-06
3.45e-05;2.9e-05;2.2e-05;1.69e-05;0.000456617;0.000411761;9.11e-06
2.79e-05;2.31e-05;1.69e-05;1.22e-05;0.000490892;0.000375951;7.65e-06
2.94e-05;2.47e-05;1.89e-05;1.46e-05;0.000492183;0.000408438;8.5e-06
2.59e-05;2.09e-05;1.47e-05;1.01e-05;0.000453844;0.000335916;7.72e-06
3.35e-05;2.8e-05;2.13e-05;1.62e-05;0.000618596;0.000471062;9.22e-06
3.15e-05;2.71e-05;2.17e-05;1.77e-05;0.000548244;0.000439123;8.56e-06
2.78e-05;2.31e-05;1.69e-05;1.2e-05;0.000426216;0.000333591;7.53e-06
3.29e-05;2.67e-05;1.89e-05;1.32e-05;0.000631916;0.000475567;9.69e-06
3.82e-05;3.07e-05;2.14e-05;1.45e-05;0.00059842;0.000470479;1.06e-05
2.76e-05;2.23e-05;1.55e-05;1.05e-05;0.000466994;0.00036106;8.02e-06
3.55e-05;3.02e-05;2.36e-05;1.88e-05;0.000617096;0.000500157;9.83e-06
2.77e-05;2.3e-05;1.72e-05;1.29e-05;0.000460216;0.000376139;7.43e-06
2.71e-05;2.25e-05;1.67e-05;1.23e-05;0.000474;0.000364238;7.25e-06
3.23e-05;2.68e-05;1.98e-05;1.46e-05;0.000514535;0.000398624;8.56e-06
3.26e-05;2.61e-05;1.79e-05;1.16e-05;0.00050639;0.00038129;9.07e-06
3.11e-05;2.56e-05;1.89e-05;1.4e-05;0.000619443;0.000473573;8.55e-06
3.59e-05;3.01e-05;2.31e-05;1.79e-05;0.000669688;0.000516677;9.59e-06
3.34e-05;2.8e-05;2.11e-05;1.56e-05;0.000526046;0.000418261;8.54e-06
4.02e-05;3.27e-05;2.29e-05;1.54e-05;0.000616736;0.000468079;1.08e-05
3.57e-05;2.98e-05;2.19e-05;1.58e-05;0.000531963;0.000438747;9.56e-06
3.4e-05;2.91e-05;2.32e-05;1.87e-05;0.000517713;0.000444389;9.49e-06
2.66e-05;2.24e-05;1.71e-05;1.3e-05;0.000418374;0.000348992;7.44e-06
3.72e-05;3.06e-05;2.22e-05;1.57e-05;0.000682429;0.000529025;1.05e-05
3.95e-05;3.2e-05;2.22e-05;1.48e-05;0.000665931;0.000495495;1.04e-05
3.75e-05;3.09e-05;2.26e-05;1.65e-05;0.000741692;0.000536811;1.07e-05
4.04e-05;3.37e-05;2.52e-05;1.87e-05;0.000702127;0.000523133;1.05e-05
2.73e-05;2.24e-05;1.61e-05;1.13e-05;0.000493612;0.000368074;7.45e-06
3.48e-05;2.97e-05;2.33e-05;1.84e-05;0.000619065;0.000513568;8.85e-06
3.44e-05;2.87e-05;2.16e-05;1.63e-05;0.000502465;0.000420864;9.98e-06
3.39e-05;2.72e-05;1.86e-05;1.23e-05;0.000468792;0.000374958;9.38e-06
3.69e-05;3.11e-05;2.36e-05;1.79e-05;0.000617857;0.000510845;9.47e-06
2.71e-05;2.22e-05;1.63e-05;1.19e-05;0.000448632;0.000357458;7.29e-06
3.93e-05;3.34e-05;2.6e-05;2.03e-05;0.000595092;0.000521591;1.02e-05
2.47e-05;1.97e-05;1.34e-05;8.86e-06;0.000466973;0.000337109;7.18e-06
3.92e-05;3.34e-05;2.64e-05;2.12e-05;0.00070536;0.000567699;1.01e-05
2.85e-05;2.35e-05;1.71e-05;1.24e-05;0.000442189;0.000356518;7.79e-06
3.51e-05;2.9e-05;2.14e-05;1.57e-05;0.000536939;0.000435862;9.36e-06
2.89e-05;2.35e-05;1.66e-05;1.11e-05;0.000483953;0.000366504;7.65e-06
2.97e-05;2.38e-05;1.61e-05;1.04e-05;0.000487111;0.000372118;8.14e-06
3.6e-05;2.89e-05;1.98e-05;1.29e-05;0.000574574;0.000416257;9.96e-06
2.83e-05;2.3e-05;1.64e-05;1.13e-05;0.000510864;0.000372575;7.84e-06
3.87e-05;3.26e-05;2.54e-05;2.01e-05;0.000713676;0.000564602;1.11e-05
3.03e-05;2.53e-05;1.91e-05;1.44e-05;0.000432535;0.000347702;8.46e-06
3.16e-05;2.68e-05;2.07e-05;1.61e-05;0.000616774;0.000493678;8.51e-06
3.06e-05;2.54e-05;1.9e-05;1.44e-05;0.000607662;0.00044469;9.25e-06
3.38e-05;2.8e-05;2.04e-05;1.46e-05;0.000488314;0.000403505;9.42e-06
3.93e-05;3.23e-05;2.32e-05;1.63e-05;0.00059441;0.000473544;1.04e-05
3.29e-05;2.75e-05;2.1e-05;1.61e-05;0.000629796;0.000487209;8.63e-06
3.58e-05;3.03e-05;2.32e-05;1.76e-05;0.000682435;0.00054171;9.5e-06
3.69e-05;3.11e-05;2.34e-05;1.75e-05;0.000562985;0.000473562;9.77e-06
3.1e-05;2.56e-05;1.86e-05;1.32e-05;0.000523516;0.000395685;8.29e-06
2.78e-05;2.3e-05;1.7e-05;1.25e-05;0.000547842;0.00040082;8.15e-06
3.83e-05;3.19e-05;2.39e-05;1.79e-05;0.000531857;0.000432061;1.04e-05
3.11e-05;2.49e-05;1.72e-05;1.15e-05;0.000461016;0.000356328;9.19e-06
2.99e-05;2.48e-05;1.85e-05;1.35e-05;0.000443297;0.000357027;8.12e-06
2.75e-05;2.32e-05;1.76e-05;1.33e-05;0.000435921;0.000366136;7.43e-06
2.57e-05;2.04e-05;1.37e-05;8.86e-06;0.000357137;0.000285507;7.8e-06
2.76e-05;2.36e-05;1.86e-05;1.48e-05;0.000406466;0.000351309;8e-06
3.86e-05;3.17e-05;2.36e-05;1.79e-05;0.000714738;0.000531435;1.12e-05
2.87e-05;2.34e-05;1.68e-05;1.18e-05;0.000493124;0.000371271;8.06e-06
2.71e-05;2.21e-05;1.61e-05;1.16e-05;0.000434124;0.000342549;7.28e-06
2.72e-05;2.25e-05;1.68e-05;1.27e-05;0.000449192;0.000335054;7.59e-06
2.98e-05;2.53e-05;1.98e-05;1.55e-05;0.000597507;0.000439557;8.39e-06
2.5e-05;2.04e-05;1.49e-05;1.1e-05;0.000425358;0.000331826;7.16e-06
3.34e-05;2.78e-05;2.09e-05;1.58e-05;0.000553854;0.000441757;9.21e-06
3.63e-05;3.02e-05;2.28e-05;1.72e-05;0.000613105;0.000481546;9.69e-06
3.67e-05;2.94e-05;2.03e-05;1.35e-05;0.000580568;0.000420126;1.04e-05
3.34e-05;2.83e-05;2.21e-05;1.76e-05;0.000534428;0.000452922;9.27e-06
3.11e-05;2.63e-05;2.05e-05;1.59e-05;0.00055268;0.000428466;8.8e-06
2.79e-05;2.27e-05;1.59e-05;1.07e-05;0.000527336;0.000372121;7.49e-06
3.9e-05;3.3e-05;2.56e-05;2e-05;0.000788219;0.000577581;1.06e-05
2.69e-05;2.28e-05;1.77e-05;1.37e-05;0.000420766;0.000357851;7.27e-06
3.11e-05;2.62e-05;1.97e-05;1.47e-05;0.000531028;0.000419318;8.57e-06
2.68e-05;2.27e-05;1.74e-05;1.34e-05;0.000461598;0.00037611;7.12e-06
2.72e-05;2.27e-05;1.73e-05;1.34e-05;0.000523034;0.000405808;7.76e-06
2.43e-05;2.03e-05;1.53e-05;1.14e-05;0.000416484;0.000331263;6.93e-06
3.07e-05;2.58e-05;1.94e-05;1.44e-05;0.00059671;0.000448687;8.32e-06
4.05e-05;3.4e-05;2.6e-05;2.01e-05;0.00061132;0.000521232;1.1e-05
3.68e-05;3.14e-05;2.48e-05;1.98e-05;0.000641371;0.00051525;1.06e-05
2.66e-05;2.12e-05;1.46e-05;9.69e-06;0.000452586;0.000331282;7.65e-06
2.99e-05;2.45e-05;1.77e-05;1.28e-05;0.000470564;0.000385886;8.95e-06
2.56e-05;2.1e-05;1.52e-05;1.09e-05;0.000480416;0.000348582;7.26e-06
3.9e-05;3.42e-05;2.86e-05;2.45e-05;0.000583522;0.000535485;1e-05
2.85e-05;2.28e-05;1.59e-05;1.09e-05;0.000554712;0.000385672;8.48e-06
2.7e-05;2.35e-05;1.91e-05;1.58e-05;0.000490629;0.000405806;7.15e-06
3.18e-05;2.62e-05;1.89e-05;1.34e-05;0.00053958;0.000395147;8.49e-06
2.93e-05;2.49e-05;1.95e-05;1.54e-05;0.000423229;0.000376055;7.85e-06
3.31e-05;2.77e-05;2.06e-05;1.5e-05;0.00057638;0.000430047;8.96e-06
4.05e-05;3.38e-05;2.54e-05;1.9e-05;0.000643861;0.000528341;1.08e-05
2.55e-05;2.15e-05;1.65e-05;1.29e-05;0.000438335;0.000347266;7.09e-06
2.8e-05;2.33e-05;1.77e-05;1.36e-05;0.000478931;0.000382531;7.68e-06
3.08e-05;2.61e-05;2.02e-05;1.59e-05;0.000583778;0.000462826;8.16e-06
2.92e-05;2.47e-05;1.93e-05;1.54e-05;0.000510123;0.000416501;7.91e-06
3.23e-05;2.67e-05;1.95e-05;1.39e-05;0.000505108;0.000406163;9.08e-06
3.89e-05;3.28e-05;2.51e-05;1.93e-05;0.000670439;0.000518046;1.12e-05
3.59e-05;2.98e-05;2.25e-05;1.72e-05;0.000642404;0.000490143;1.06e-05
2.81e-05;2.29e-05;1.63e-05;1.09e-05;0.000494814;0.000354308;7.26e-06
4.04e-05;3.29e-05;2.34e-05;1.59e-05;0.000746719;0.000560168;1.1e-05
3.68e-05;3.05e-05;2.24e-05;1.63e-05;0.000728802;0.000522745;1e-05
3.89e-05;3.19e-05;2.35e-05;1.73e-05;0.000647884;0.000519467;1.08e-05
2.76e-05;2.24e-05;1.58e-05;1.07e-05;0.000384373;0.000305863;7.65e-06
3.26e-05;2.7e-05;2.02e-05;1.5e-05;0.000511743;0.000429845;9.18e-06
2.87e-05;2.41e-05;1.84e-05;1.43e-05;0.000535717;0.000419689;8.02e-06
3.26e-05;2.66e-05;1.89e-05;1.31e-05;0.000567157;0.00040907;8.71e-06
2.74e-05;2.32e-05;1.81e-05;1.44e-05;0.000476195;0.000392953;7.41e-06
2.71e-05;2.23e-05;1.62e-05;1.16e-05;0.000452534;0.00035172;7.27e-06
3.32e-05;2.75e-05;2.02e-05;1.46e-05;0.000492311;0.000405526;8.82e-06
3.26e-05;2.77e-05;2.17e-05;1.72e-05;0.000586574;0.000461745;8.83e-06
3.49e-05;2.89e-05;2.15e-05;1.6e-05;0.000687527;0.000496898;9.34e-06
3.55e-05;2.99e-05;2.31e-05;1.78e-05;0.000697836;0.000521639;9.78e-06
2.5e-05;2.05e-05;1.48e-05;1.05e-05;0.000360209;0.000288339;6.95e-06
3.45e-05;2.94e-05;2.32e-05;1.85e-05;0.00060963;0.000496022;9.11e-06
2.79e-05;2.31e-05;1.7e-05;1.24e-05;0.000495018;0.000393228;7.99e-06
3.52e-05;2.89e-05;2.09e-05;1.46e-05;0.000629881;0.000455806;9.1e-06
3.7e-05;3.16e-05;2.49e-05;1.99e-05;0.000601509;0.000516676;9.89e-06
3.21e-05;2.76e-05;2.2e-05;1.77e-05;0.00049359;0.00041512;8.62e-06
3.62e-05;3.12e-05;2.5e-05;2.04e-05;0.000559185;0.000496229;9.11e-06
2.64e-05;2.18e-05;1.64e-05;1.24e-05;0.000453208;0.000351774;7.55e-06
2.73e-05;2.22e-05;1.58e-05;1.12e-05;0.00044772;0.000329895;7.68e-06
3.55e-05;2.96e-05;2.16e-05;1.54e-05;0.000530137;0.00043167;9.61e-06
2.81e-05;2.31e-05;1.7e-05;1.25e-05;0.00054805;0.000397409;7.99e-06
3.65e-05;3.07e-05;2.33e-05;1.79e-05;0.000723902;0.00055649;9.75e-06
2.66e-05;2.23e-05;1.65e-05;1.21e-05;0.000395117;0.000317668;7.19e-06
2.7e-05;2.26e-05;1.73e-05;1.35e-05;0.000381599;0.000337337;7.77e-06
3.66e-05;2.99e-05;2.15e-05;1.53e-05;0.000642532;0.000486739;1.03e-05
3.37e-05;2.73e-05;1.93e-05;1.31e-05;0.000510583;0.000390772;9.84e-06
3.72e-05;3.16e-05;2.47e-05;1.95e-05;0.000713246;0.000552714;1e-05
2.91e-05;2.42e-05;1.78e-05;1.29e-05;0.000456406;0.00035522;7.73e-06
3.16e-05;2.69e-05;2.09e-05;1.64e-05;0.000603358;0.000469281;8.55e-06
3.5e-05;2.97e-05;2.26e-05;1.69e-05;0.000590265;0.000476041;9.14e-06
3.29e-05;2.81e-05;2.22e-05;1.77e-05;0.00051032;0.000445001;8.6e-06
3.6e-05;3.02e-05;2.25e-05;1.65e-05;0.000557643;0.0004668;9.77e-06
2.69e-05;2.29e-05;1.78e-05;1.4e-05;0.000483941;0.000383363;7.46e-06
2.99e-05;2.45e-05;1.81e-05;1.35e-05;0.000499917;0.000382437;8.44e-06
2.64e-05;2.18e-05;1.62e-05;1.21e-05;0.000494967;0.000379406;7.84e-06
3.55e-05;2.85e-05;1.98e-05;1.32e-05;0.000632695;0.000455785;9.98e-06
2.68e-05;2.2e-05;1.61e-05;1.19e-05;0.000440832;0.000342085;7.48e-06
4.09e-05;3.39e-05;2.51e-05;1.84e-05;0.000673781;0.000523986;1.06e-05
3.05e-05;2.52e-05;1.83e-05;1.28e-05;0.000526124;0.000388453;7.99e-06
3.68e-05;3e-05;2.15e-05;1.51e-05;0.000669859;0.000510933;9.56e-06
3.3e-05;2.8e-05;2.18e-05;1.73e-05;0.000593152;0.000491041;9.51e-06
3.4e-05;2.78e-05;1.98e-05;1.36e-05;0.000623625;0.000468924;9.32e-06
3.43e-05;2.91e-05;2.24e-05;1.74e-05;0.000653804;0.00050822;8.95e-06
2.66e-05;2.24e-05;1.71e-05;1.3e-05;0.000420006;0.000336364;7.35e-06
3.49e-05;2.9e-05;2.19e-05;1.67e-05;0.000628057;0.000505211;9.76e-06
3.07e-05;2.56e-05;1.88e-05;1.36e-05;0.000442721;0.000383793;8.22e-06
3.16e-05;2.63e-05;1.96e-05;1.44e-05;0.000507216;0.000406003;8.27e-06
3.29e-05;2.67e-05;1.88e-05;1.28e-05;0.000495747;0.0003929;9.12e-06
3.11e-05;2.61e-05;2e-05;1.54e-05;0.000440955;0.000363802;8.29e-06
3.59e-05;2.99e-05;2.26e-05;1.71e-05;0.000605287;0.000481918;1.03e-05
2.85e-05;2.4e-05;1.83e-05;1.38e-05;0.00050859;0.000389433;7.54e-06
3.71e-05;3.14e-05;2.4e-05;1.84e-05;0.000605627;0.000498439;9.71e-06
3.12e-05;2.5e-05;1.74e-05;1.18e-05;0.000454261;0.000342793;9.37e-06
3.78e-05;3.17e-05;2.4e-05;1.82e-05;0.000651435;0.000516082;1.08e-05
3.6e-05;2.98e-05;2.19e-05;1.6e-05;0.000609669;0.000457331;9.58e-06
3.95e-05;3.26e-05;2.4e-05;1.76e-05;0.000622851;0.000483374;1.04e-05
3.3e-05;2.68e-05;1.9e-05;1.32e-05;0.000541507;0.000402434;8.68e-06
4.04e-05;3.46e-05;2.75e-05;2.22e-05;0.000628961;0.000542528;1.1e-05
3.38e-05;2.73e-05;1.91e-05;1.3e-05;0.000452566;0.00037625;9.32e-06
3.2e-05;2.74e-05;2.18e-05;1.77e-05;0.000620822;0.000492599;9e-06
2.93e-05;2.49e-05;1.94e-05;1.54e-05;0.000429908;0.000380722;8.17e-06
3.55e-05;2.92e-05;2.17e-05;1.6e-05;0.000557996;0.000456381;9.69e-06
2.81e-05;2.43e-05;1.96e-05;1.6e-05;0.000506544;0.000418904;7.39e-06
3.67e-05;3.04e-05;2.24e-05;1.64e-05;0.000563961;0.000450879;9.48e-06
3.42e-05;2.9e-05;2.24e-05;1.76e-05;0.0006259;0.000495636;9.57e-06
2.98e-05;2.42e-05;1.75e-05;1.27e-05;0.000533689;0.000404258;8.7e-06
4.02e-05;3.29e-05;2.37e-05;1.65e-05;0.000717221;0.000526978;1.1e-05
2.81e-05;2.28e-05;1.59e-05;1.07e-05;0.000408527;0.000320809;7.3e-06
2.78e-05;2.3e-05;1.69e-05;1.22e-05;0.000444448;0.000347335;8e-06
2.88e-05;2.34e-05;1.68e-05;1.18e-05;0.000503778;0.00038867;8.25e-06
2.48e-05;2.02e-05;1.46e-05;1.04e-05;0.000356817;0.000295049;6.86e-06
3.44e-05;2.8e-05;1.99e-05;1.39e-05;0.000541957;0.000435985;9.42e-06
2.77e-05;2.28e-05;1.67e-05;1.21e-05;0.000487176;0.000388749;7.26e-06
2.86e-05;2.45e-05;1.92e-05;1.52e-05;0.00045355;0.000384546;7.46e-06
2.41e-05;2.02e-05;1.54e-05;1.19e-05;0.000468065;0.000371322;6.97e-06
3.07e-05;2.68e-05;2.22e-05;1.88e-05;0.000626552;0.000514093;8.19e-06
2.6e-05;2.21e-05;1.72e-05;1.36e-05;0.000447975;0.000356244;7e-06
3.82e-05;3.22e-05;2.48e-05;1.92e-05;0.000585039;0.000490054;9.94e-06
2.59e-05;2.17e-05;1.67e-05;1.31e-05;0.00044855;0.000366381;7.41e-06
3.04e-05;2.42e-05;1.66e-05;1.11e-05;0.000540496;0.000399035;8.87e-06
3.51e-05;2.82e-05;1.96e-05;1.31e-05;0.000681614;0.000503529;9.63e-06
3.08e-05;2.59e-05;1.95e-05;1.48e-05;0.000436858;0.000379063;8.11e-06
3.19e-05;2.66e-05;1.99e-05;1.5e-05;0.000533184;0.000417005;9.19e-06
3.63e-05;2.98e-05;2.14e-05;1.48e-05;0.000547693;0.000427643;1e-05
3.52e-05;2.91e-05;2.13e-05;1.54e-05;0.00068297;0.000497619;9.87e-06
3.66e-05;3.08e-05;2.37e-05;1.86e-05;0.00063676;0.000520388;1.03e-05
3.83e-05;3.13e-05;2.25e-05;1.57e-05;0.000638827;0.000484113;1.08e-05
2.97e-05;2.48e-05;1.84e-05;1.36e-05;0.000444983;0.000365175;8.14e-06
3.85e-05;3.19e-05;2.36e-05;1.75e-05;0.00050641;0.000421898;1.01e-05
2.88e-05;2.45e-05;1.93e-05;1.54e-05;0.00041533;0.000350776;7.95e-06
3.87e-05;3.2e-05;2.33e-05;1.65e-05;0.000541057;0.000446468;9.98e-06
2.88e-05;2.36e-05;1.71e-05;1.23e-05;0.000474446;0.000377519;7.67e-06
3.51e-05;2.86e-05;2.1e-05;1.55e-05;0.000607203;0.000462561;1.07e-05
3.72e-05;3.16e-05;2.45e-05;1.91e-05;0.000556626;0.000464845;9.91e-06
2.91e-05;2.41e-05;1.75e-05;1.25e-05;0.000447563;0.000364788;7.62e-06
2.89e-05;2.37e-05;1.68e-05;1.15e-05;0.000455884;0.000358033;7.88e-06
3.53e-05;3.03e-05;2.41e-05;1.96e-05;0.00061674;0.000523873;9.79e-06
2.84e-05;2.34e-05;1.7e-05;1.21e-05;0.000524495;0.000400453;8.05e-06
3.65e-05;3.03e-05;2.26e-05;1.68e-05;0.000605591;0.000466048;9.45e-06
2.65e-05;2.2e-05;1.64e-05;1.22e-05;0.000512099;0.000391303;7.2e-06
2.68e-05;2.19e-05;1.6e-05;1.17e-05;0.000468069;0.000365185;7.24e-06
3.8e-05;3.16e-05;2.38e-05;1.81e-05;0.000607288;0.000502686;1.05e-05
3.44e-05;2.82e-05;2.04e-05;1.45e-05;0.000548646;0.000446945;9.21e-06
2.84e-05;2.39e-05;1.83e-05;1.41e-05;0.000473211;0.000378306;7.68e-06
4.19e-05;3.55e-05;2.7e-05;2.01e-05;0.000625318;0.000520196;1.07e-05
3.57e-05;3.07e-05;2.49e-05;2.06e-05;0.000553095;0.000487697;1.01e-05
3.6e-05;2.99e-05;2.21e-05;1.6e-05;0.000558956;0.00046022;1.02e-05
2.73e-05;2.18e-05;1.51e-05;1.02e-05;0.000381739;0.000303661;7.93e-06
3.82e-05;3.15e-05;2.28e-05;1.6e-05;0.00065954;0.000517896;9.79e-06
3.62e-05;2.93e-05;2.06e-05;1.41e-05;0.000499105;0.000410988;1.05e-05
2.67e-05;2.22e-05;1.63e-05;1.18e-05;0.000497108;0.000389542;7.08e-06
2.9e-05;2.44e-05;1.88e-05;1.47e-05;0.000467978;0.000402538;8.95e-06
3.74e-05;3.14e-05;2.38e-05;1.82e-05;0.000631149;0.000493359;1.06e-05
3.43e-05;2.85e-05;2.1e-05;1.53e-05;0.000480875;0.000406644;9.21e-06
2.59e-05;2.12e-05;1.53e-05;1.08e-05;0.000440108;0.000331122;7.57e-06
3.46e-05;2.87e-05;2.13e-05;1.58e-05;0.000568421;0.000457333;9.28e-06
3.56e-05;2.94e-05;2.15e-05;1.56e-05;0.00064238;0.000492758;9.76e-06
3.21e-05;2.61e-05;1.85e-05;1.27e-05;0.000585356;0.000413168;8.68e-06
4.33e-05;3.7e-05;2.9e-05;2.27e-05;0.000741203;0.00059929;1.12e-05
3.14e-05;2.47e-05;1.65e-05;1.05e-05;0.000524028;0.000376927;8.85e-06
3.35e-05;2.86e-05;2.26e-05;1.82e-05;0.000574505;0.000479401;8.81e-06
3.77e-05;3.14e-05;2.37e-05;1.79e-05;0.000551199;0.000454732;1.01e-05
3.52e-05;2.99e-05;2.33e-05;1.85e-05;0.000676625;0.000539627;9.89e-06
2.38e-05;1.96e-05;1.41e-05;1.01e-05;0.000314257;0.000268743;6.99e-06
3.76e-05;3.21e-05;2.55e-05;2.06e-05;0.000727657;0.000554569;1.01e-05
3.3e-05;2.77e-05;2.12e-05;1.65e-05;0.000536789;0.000462681;9.83e-06
3.56e-05;2.97e-05;2.23e-05;1.64e-05;0.000493956;0.00041967;9.11e-06
2.28e-05;1.79e-05;1.19e-05;7.61e-06;0.000321245;0.000247064;6.67e-06
2.95e-05;2.49e-05;1.92e-05;1.5e-05;0.00043884;0.000360371;8.46e-06
2.68e-05;2.25e-05;1.7e-05;1.26e-05;0.000458917;0.000348526;7.3e-06
3.1e-05;2.47e-05;1.67e-05;1.08e-05;0.000544424;0.000396202;8.44e-06
2.65e-05;2.19e-05;1.62e-05;1.21e-05;0.000450721;0.000353869;7.5e-06
3.36e-05;2.79e-05;2.06e-05;1.51e-05;0.000588581;0.000459538;8.97e-06
3.11e-05;2.6e-05;1.97e-05;1.5e-05;0.000551619;0.000432675;9.57e-06
2.22e-05;1.86e-05;1.44e-05;1.14e-05;0.000342525;0.000292986;6.7e-06
3.9e-05;3.4e-05;2.81e-05;2.37e-05;0.000748671;0.000615358;1.04e-05
3.37e-05;2.8e-05;2.06e-05;1.51e-05;0.000522236;0.000439503;8.73e-06
4.3e-05;3.54e-05;2.58e-05;1.85e-05;0.000630752;0.000495833;1.11e-05
2.99e-05;2.49e-05;1.88e-05;1.42e-05;0.000506812;0.000411783;8.29e-06
3.52e-05;2.93e-05;2.22e-05;1.7e-05;0.000542056;0.000442286;9.74e-06
3.23e-05;2.73e-05;2.09e-05;1.6e-05;0.000573518;0.000454289;8.78e-06
3.62e-05;3.01e-05;2.23e-05;1.63e-05;0.000713519;0.00055347;1e-05
3.55e-05;2.9e-05;2.13e-05;1.58e-05;0.000598976;0.000486415;1.05e-05
3.87e-05;3.17e-05;2.26e-05;1.57e-05;0.000669617;0.000486743;1.06e-05
2.5e-05;2.01e-05;1.4e-05;9.51e-06;0.00038979;0.000296766;7.25e-06
3.14e-05;2.64e-05;2.04e-05;1.61e-05;0.000525597;0.000444907;9.2e-06
2.7e-05;2.26e-05;1.71e-05;1.3e-05;0.000461592;0.000372344;7.92e-06
3.16e-05;2.62e-05;1.95e-05;1.45e-05;0.000499798;0.000412368;8.24e-06
2.96e-05;2.37e-05;1.64e-05;1.09e-05;0.000458001;0.000346544;8.38e-06
3.86e-05;3.2e-05;2.39e-05;1.79e-05;0.000667236;0.000512498;1.03e-05
3.57e-05;3.03e-05;2.34e-05;1.81e-05;0.000671474;0.000519296;9.55e-06
2.46e-05;1.98e-05;1.38e-05;9.3e-06;0.000466195;0.000325394;7.06e-06
3.57e-05;2.9e-05;2.07e-05;1.46e-05;0.000544172;0.000428487;9.85e-06
2.53e-05;2.02e-05;1.41e-05;9.75e-06;0.000366943;0.000297579;7.53e-06
2.73e-05;2.26e-05;1.68e-05;1.26e-05;0.000449842;0.000356902;7.48e-06
2.79e-05;2.32e-05;1.76e-05;1.36e-05;0.000512595;0.00039173;8.62e-06
3.37e-05;2.79e-05;2.07e-05;1.55e-05;0.000581334;0.000457486;8.95e-06
3.03e-05;2.54e-05;1.93e-05;1.45e-05;0.000599293;0.00046062;7.98e-06
3.52e-05;2.95e-05;2.22e-05;1.66e-05;0.000564492;0.000458713;9.37e-06
3.95e-05;3.32e-05;2.53e-05;1.92e-05;0.000716288;0.000576487;1.01e-05
3.1e-05;2.55e-05;1.84e-05;1.31e-05;0.000415156;0.000343918;8.23e-06
3.06e-05;2.64e-05;2.13e-05;1.74e-05;0.000510651;0.00042848;7.82e-06
2.94e-05;2.53e-05;2.04e-05;1.68e-05;0.000443371;0.000395225;8.19e-06
2.71e-05;2.29e-05;1.76e-05;1.35e-05;0.000464471;0.000379437;7.91e-06
2.75e-05;2.32e-05;1.81e-05;1.42e-05;0.000434683;0.00036684;7.89e-06
2.7e-05;2.29e-05;1.76e-05;1.34e-05;0.000394118;0.000341674;7.36e-06
2.94e-05;2.4e-05;1.72e-05;1.21e-05;0.000540613;0.000400396;8.05e-06
3.49e-05;2.85e-05;2.03e-05;1.42e-05;0.000547235;0.000421541;9.56e-06
3.29e-05;2.67e-05;1.87e-05;1.28e-05;0.000480066;0.000372277;9.03e-06
2.61e-05;2.13e-05;1.53e-05;1.09e-05;0.000417118;0.000328689;7.28e-06
3.29e-05;2.64e-05;1.81e-05;1.19e-05;0.000609478;0.000445001;9.17e-06
2.64e-05;2.27e-05;1.81e-05;1.46e-05;0.000432659;0.00036481;7.13e-06
2.72e-05;2.24e-05;1.62e-05;1.13e-05;0.000454583;0.00035757;7.5e-06
3.34e-05;2.85e-05;2.23e-05;1.76e-05;0.000558476;0.000448427;8.78e-06
3.9e-05;3.27e-05;2.5e-05;1.93e-05;0.00071346;0.000528514;9.97e-06
3.44e-05;2.9e-05;2.2e-05;1.66e-05;0.000622962;0.000484184;9.17e-06
2.63e-05;2.17e-05;1.58e-05;1.14e-05;0.000419768;0.000324202;7.4e-06
2.57e-05;2.04e-05;1.38e-05;8.94e-06;0.000377812;0.000288526;7.13e-06
3.21e-05;2.59e-05;1.81e-05;1.23e-05;0.000463836;0.000380212;8.92e-06
2.9e-05;2.43e-05;1.84e-05;1.4e-05;0.000439014;0.000362902;8.3e-06
3.96e-05;3.36e-05;2.65e-05;2.12e-05;0.000726301;0.000591124;1.08e-05
2.84e-05;2.35e-05;1.77e-05;1.34e-05;0.000527677;0.000404692;7.58e-06
2.73e-05;2.18e-05;1.5e-05;9.88e-06;0.000516195;0.000358545;7.91e-06
2.49e-05;2.15e-05;1.73e-05;1.43e-05;0.000502449;0.000399591;6.99e-06
3.49e-05;2.88e-05;2.1e-05;1.51e-05;0.000555919;0.000456245;9.21e-06
2.99e-05;2.38e-05;1.61e-05;1.05e-05;0.000400863;0.000322335;8.6e-06
3.1e-05;2.61e-05;2e-05;1.54e-05;0.000612935;0.000471236;7.9e-06
2.56e-05;2.17e-05;1.7e-05;1.35e-05;0.00048454;0.000384148;7.06e-06
4.22e-05;3.44e-05;2.43e-05;1.65e-05;0.000709109;0.000538592;1.15e-05
3.01e-05;2.45e-05;1.74e-05;1.19e-05;0.000480165;0.000382554;7.93e-06
2.72e-05;2.31e-05;1.8e-05;1.42e-05;0.000381252;0.000322223;7.98e-06
3.63e-05;2.95e-05;2.1e-05;1.47e-05;0.000557165;0.000437497;9.88e-06
3.41e-05;2.77e-05;1.95e-05;1.31e-05;0.000478194;0.000389725;9.12e-06
2.68e-05;2.27e-05;1.78e-05;1.42e-05;0.000518371;0.000408303;7.35e-06
3.23e-05;2.62e-05;1.84e-05;1.26e-05;0.000537859;0.000408213;9.06e-06
2.54e-05;2.06e-05;1.45e-05;9.88e-06;0.00048673;0.000360533;7.22e-06
3.17e-05;2.66e-05;2.03e-05;1.54e-05;0.000583309;0.000440863;8.61e-06
3.46e-05;2.81e-05;1.99e-05;1.36e-05;0.000524166;0.000393586;9.7e-06
3.87e-05;3.25e-05;2.47e-05;1.88e-05;0.000762234;0.000585338;1.06e-05
2.79e-05;2.38e-05;1.87e-05;1.49e-05;0.000469889;0.000386163;7.68e-06
3.13e-05;2.61e-05;1.95e-05;1.43e-05;0.000580772;0.00043087;8.34e-06
3.53e-05;2.95e-05;2.21e-05;1.66e-05;0.000568998;0.00047166;1.05e-05
2.98e-05;2.46e-05;1.8e-05;1.3e-05;0.000465037;0.000353336;8.5e-06
2.67e-05;2.18e-05;1.56e-05;1.1e-05;0.000471009;0.000362716;7.67e-06
3.02e-05;2.43e-05;1.68e-05;1.12e-05;0.000557175;0.000396612;8.24e-06
3.79e-05;3.2e-05;2.47e-05;1.94e-05;0.000635707;0.000528626;1.05e-05
2.88e-05;2.45e-05;1.89e-05;1.46e-05;0.000454462;0.000389069;8.02e-06
3.11e-05;2.59e-05;1.97e-05;1.53e-05;0.000502997;0.000410548;8.67e-06
2.91e-05;2.35e-05;1.63e-05;1.09e-05;0.000559162;0.00038413;7.87e-06
2.8e-05;2.26e-05;1.56e-05;1.04e-05;0.000461866;0.000335388;7.46e-06
2.84e-05;2.35e-05;1.73e-05;1.28e-05;0.000441963;0.000359064;8.27e-06
3.32e-05;2.8e-05;2.12e-05;1.58e-05;0.000586405;0.000470877;8.62e-06
3.02e-05;2.45e-05;1.72e-05;1.16e-05;0.000462408;0.000362521;7.78e-06
2.87e-05;2.35e-05;1.69e-05;1.19e-05;0.000469476;0.000369599;7.78e-06
3.11e-05;2.68e-05;2.15e-05;1.75e-05;0.000550149;0.000467119;8.21e-06
2.87e-05;2.38e-05;1.8e-05;1.39e-05;0.000495705;0.000400298;8.28e-06
2.47e-05;2.02e-05;1.48e-05;1.09e-05;0.000341536;0.000289545;6.76e-06
3.2e-05;2.67e-05;2.04e-05;1.56e-05;0.000585174;0.000457769;9.22e-06
3.54e-05;2.98e-05;2.23e-05;1.64e-05;0.000540219;0.000450174;9.51e-06
3.03e-05;2.49e-05;1.82e-05;1.33e-05;0.000499092;0.000388106;8.56e-06
3.9e-05;3.2e-05;2.34e-05;1.71e-05;0.000539971;0.000442672;1.08e-05
3.11e-05;2.53e-05;1.77e-05;1.19e-05;0.000522821;0.000380288;8.71e-06
3.47e-05;2.79e-05;1.96e-05;1.35e-05;0.000593551;0.000434702;9.57e-06
3.31e-05;2.76e-05;2.09e-05;1.6e-05;0.000514882;0.000404783;9.38e-06
2.75e-05;2.23e-05;1.59e-05;1.11e-05;0.000397932;0.000324401;7.96e-06
3.89e-05;3.25e-05;2.48e-05;1.89e-05;0.000598762;0.000506392;1.03e-05
3.33e-05;2.76e-05;2.06e-05;1.53e-05;0.000490809;0.000390722;9.6e-06
3.32e-05;2.85e-05;2.26e-05;1.82e-05;0.000542865;0.00045633;8.83e-06
2.88e-05;2.41e-05;1.81e-05;1.36e-05;0.000429668;0.000358452;8.03e-06
3.02e-05;2.47e-05;1.76e-05;1.22e-05;0.000508277;0.000398683;7.67e-06
3.25e-05;2.61e-05;1.78e-05;1.14e-05;0.000500725;0.000370016;8.89e-06
2.9e-05;2.43e-05;1.85e-05;1.41e-05;0.000561592;0.000422026;8.31e-06
3.99e-05;3.36e-05;2.55e-05;1.94e-05;0.000721082;0.000577158;1.02e-05
2.62e-05;2.2e-05;1.65e-05;1.24e-05;0.000433793;0.000340637;7.28e-06
3.53e-05;2.88e-05;2.06e-05;1.46e-05;0.000577182;0.000434605;9.95e-06
2.41e-05;2.04e-05;1.57e-05;1.22e-05;0.000361548;0.000310755;6.77e-06
3.13e-05;2.57e-05;1.84e-05;1.29e-05;0.000508971;0.000408577;8.79e-06
3.24e-05;2.74e-05;2.07e-05;1.55e-05;0.000587953;0.000469996;8.55e-06
2.73e-05;2.2e-05;1.53e-05;1.02e-05;0.000459924;0.000360132;7.48e-06
3.66e-05;3e-05;2.21e-05;1.65e-05;0.000685229;0.000504132;1.06e-05
2.47e-05;2.08e-05;1.6e-05;1.24e-05;0.000390088;0.000324807;6.94e-06
2.81e-05;2.3e-05;1.67e-05;1.19e-05;0.000438624;0.000353544;7.74e-06
2.67e-05;2.25e-05;1.7e-05;1.28e-05;0.000398726;0.000329197;7.32e-06
3.04e-05;2.56e-05;1.98e-05;1.54e-05;0.000474648;0.000398409;8.9e-06
3.05e-05;2.58e-05;2.02e-05;1.61e-05;0.000569481;0.000434659;8.23e-06
3.17e-05;2.52e-05;1.71e-05;1.1e-05;0.000492061;0.000352186;8.92e-06
2.59e-05;2.2e-05;1.73e-05;1.37e-05;0.000436318;0.00037515;7.18e-06
3.75e-05;3.07e-05;2.23e-05;1.6e-05;0.000629172;0.00045611;1.04e-05
3.24e-05;2.72e-05;2.08e-05;1.61e-05;0.000572613;0.000447443;8.61e-06
2.91e-05;2.39e-05;1.76e-05;1.29e-05;0.000488282;0.00037718;8.26e-06
3.68e-05;3.01e-05;2.16e-05;1.52e-05;0.000685373;0.00049125;9.82e-06
2.64e-05;2.22e-05;1.71e-05;1.34e-05;0.00047377;0.000382928;7.64e-06
2.93e-05;2.46e-05;1.89e-05;1.48e-05;0.000527599;0.000429344;8.31e-06
2.76e-05;2.28e-05;1.65e-05;1.16e-05;0.000384506;0.000321684;7.14e-06
2.87e-05;2.33e-05;1.64e-05;1.11e-05;0.000474394;0.000356376;7.8e-06
4.03e-05;3.38e-05;2.56e-05;1.95e-05;0.000555535;0.000468648;1.07e-05
3.29e-05;2.74e-05;2.06e-05;1.56e-05;0.000509701;0.000434468;9.95e-06
2.72e-05;2.33e-05;1.85e-05;1.49e-05;0.000425744;0.000366866;7.69e-06
2.65e-05;2.15e-05;1.55e-05;1.12e-05;0.000450796;0.000337071;7.38e-06
2.5e-05;2.01e-05;1.4e-05;9.39e-06;0.000399309;0.000314655;6.91e-06
3.08e-05;2.6e-05;2e-05;1.56e-05;0.000599473;0.000468235;8.45e-06
2.87e-05;2.47e-05;1.98e-05;1.61e-05;0.00052676;0.000418953;7.37e-06
2.69e-05;2.14e-05;1.45e-05;9.41e-06;0.000439792;0.000321524;8.11e-06
3.64e-05;3.05e-05;2.33e-05;1.78e-05;0.000520515;0.00043102;9.74e-06
3.68e-05;3.05e-05;2.27e-05;1.7e-05;0.000633713;0.000507865;1.03e-05
3.38e-05;2.92e-05;2.35e-05;1.94e-05;0.000597776;0.000484078;9.61e-06
2.5e-05;2.11e-05;1.62e-05;1.26e-05;0.000382391;0.000323672;6.86e-06
2.84e-05;2.33e-05;1.67e-05;1.17e-05;0.000436422;0.000340713;7.43e-06
3.4e-05;2.79e-05;2e-05;1.4e-05;0.000601539;0.000470121;9.41e-06
2.44e-05;1.99e-05;1.43e-05;1.02e-05;0.0003485;0.000276414;7.15e-06
3.76e-05;3.07e-05;2.19e-05;1.53e-05;0.000611892;0.000476708;1.02e-05
4.03e-05;3.41e-05;2.6e-05;1.98e-05;0.000613969;0.000513627;1.07e-05
3.09e-05;2.51e-05;1.8e-05;1.29e-05;0.000494246;0.000375155;8.64e-06
3.69e-05;3.08e-05;2.29e-05;1.67e-05;0.000600386;0.000475651;9.68e-06
3.02e-05;2.53e-05;1.89e-05;1.38e-05;0.000493833;0.000390933;8.57e-06
3.25e-05;2.71e-05;2.03e-05;1.54e-05;0.00048338;0.000421811;8.94e-06
3.27e-05;2.71e-05;2.02e-05;1.52e-05;0.000443628;0.000390467;8.92e-06
2.79e-05;2.36e-05;1.81e-05;1.38e-05;0.000408985;0.000346013;7.7e-06
3.34e-05;2.85e-05;2.23e-05;1.76e-05;0.000625497;0.000477691;9.21e-06
3.04e-05;2.49e-05;1.78e-05;1.24e-05;0.000507848;0.00038951;8.45e-06
4.08e-05;3.4e-05;2.54e-05;1.89e-05;0.000797916;0.00058388;1.13e-05
3.28e-05;2.74e-05;2.08e-05;1.6e-05;0.000438207;0.000381386;8.97e-06
3.29e-05;2.74e-05;2.02e-05;1.47e-05;0.00056998;0.000447093;8.83e-06
3.09e-05;2.6e-05;1.98e-05;1.51e-05;0.000510701;0.000412552;8.77e-06
3.65e-05;2.94e-05;2.04e-05;1.35e-05;0.000546034;0.000408351;1.04e-05
4.23e-05;3.47e-05;2.51e-05;1.78e-05;0.000705176;0.000539662;1.12e-05
3.59e-05;2.97e-05;2.21e-05;1.64e-05;0.000610369;0.000452178;9.29e-06
2.49e-05;2.06e-05;1.56e-05;1.2e-05;0.000422285;0.00032288;7.39e-06
2.77e-05;2.3e-05;1.71e-05;1.29e-05;0.000407911;0.000351273;8.17e-06
3.79e-05;3.13e-05;2.3e-05;1.67e-05;0.000629147;0.000507527;1.08e-05
3.25e-05;2.61e-05;1.79e-05;1.18e-05;0.000569001;0.000399602;9.01e-06
3.94e-05;3.29e-05;2.49e-05;1.89e-05;0.000631304;0.000513136;1.07e-05
3.88e-05;3.28e-05;2.55e-05;2.02e-05;0.000641549;0.000528723;1.03e-05
2.83e-05;2.31e-05;1.65e-05;1.15e-05;0.000407678;0.000322786;7.71e-06
3.11e-05;2.65e-05;2.08e-05;1.65e-05;0.000539119;0.000435969;8.31e-06
2.74e-05;2.3e-05;1.77e-05;1.36e-05;0.000497292;0.000391585;7.76e-06
2.75e-05;2.24e-05;1.61e-05;1.13e-05;0.000460854;0.000349537;7.76e-06
2.78e-05;2.3e-05;1.71e-05;1.28e-05;0.000445212;0.000360984;7.81e-06
3.35e-05;2.75e-05;2.03e-05;1.5e-05;0.000630106;0.00045949;9.42e-06
3.16e-05;2.68e-05;2.08e-05;1.64e-05;0.000471409;0.000404303;8.43e-06
2.91e-05;2.39e-05;1.69e-05;1.14e-05;0.00047037;0.000350057;7.55e-06
2.7e-05;2.23e-05;1.63e-05;1.17e-05;0.000480806;0.000374579;7.18e-06
3.74e-05;3.11e-05;2.3e-05;1.68e-05;0.000539273;0.000440223;1.09e-05
2.99e-05;2.45e-05;1.76e-05;1.21e-05;0.000459063;0.000345073;8.07e-06
3.2e-05;2.66e-05;1.98e-05;1.48e-05;0.000510277;0.000406035;8.8e-06
2.86e-05;2.35e-05;1.74e-05;1.29e-05;0.00053834;0.000407917;8.49e-06
3.24e-05;2.64e-05;1.92e-05;1.4e-05;0.000591342;0.000452357;9.81e-06
2.76e-05;2.31e-05;1.77e-05;1.37e-05;0.000470202;0.00037806;7.61e-06
3.83e-05;3.23e-05;2.49e-05;1.91e-05;0.000547986;0.000468495;1.01e-05
2.56e-05;2.1e-05;1.54e-05;1.12e-05;0.00033426;0.000278232;6.9e-06
2.8e-05;2.33e-05;1.76e-05;1.35e-05;0.000478735;0.000374788;7.67e-06
4.21e-05;3.52e-05;2.66e-05;1.99e-05;0.000699248;0.000545312;1.09e-05
2.73e-05;2.35e-05;1.87e-05;1.51e-05;0.000464517;0.000385356;7.09e-06
3.4e-05;2.81e-05;2.06e-05;1.5e-05;0.00059581;0.000465563;9.97e-06
3.65e-05;3.07e-05;2.31e-05;1.71e-05;0.000627359;0.000478453;9.63e-06
3.88e-05;3.21e-05;2.36e-05;1.71e-05;0.000594748;0.000464662;1.11e-05
2.89e-05;2.48e-05;1.92e-05;1.46e-05;0.000420567;0.000369395;7.74e-06
4.32e-05;3.77e-05;3.12e-05;2.65e-05;0.000618789;0.000561892;1.15e-05
2.84e-05;2.36e-05;1.75e-05;1.3e-05;0.000465214;0.00036991;8.28e-06
3e-05;2.54e-05;1.97e-05;1.54e-05;0.000522922;0.000423595;8.09e-06
2.95e-05;2.52e-05;1.99e-05;1.6e-05;0.000460597;0.000401268;7.64e-06
3.79e-05;3.18e-05;2.41e-05;1.83e-05;0.000625496;0.000492355;1.02e-05
3.65e-05;2.95e-05;2.07e-05;1.38e-05;0.000583443;0.000442647;9.77e-06
3.61e-05;3.07e-05;2.41e-05;1.91e-05;0.00068064;0.000533956;9.75e-06
2.97e-05;2.53e-05;1.97e-05;1.56e-05;0.000475433;0.000391856;8.26e-06
3.57e-05;2.93e-05;2.11e-05;1.49e-05;0.000665656;0.000486659;9.45e-06
2.84e-05;2.45e-05;1.97e-05;1.6e-05;0.000448752;0.000383396;7.55e-06
3.18e-05;2.68e-05;2.04e-05;1.55e-05;0.000473063;0.000394177;8.72e-06
3.73e-05;3.08e-05;2.3e-05;1.74e-05;0.0006278;0.000483111;1.05e-05
3.67e-05;3e-05;2.12e-05;1.45e-05;0.00057871;0.000454824;9.38e-06
3.23e-05;2.68e-05;1.99e-05;1.5e-05;0.000545142;0.000418702;9.35e-06
3.61e-05;3.05e-05;2.38e-05;1.89e-05;0.000572467;0.000478406;9.63e-06
3.44e-05;2.82e-05;2.01e-05;1.38e-05;0.000682685;0.000486711;8.95e-06
3.87e-05;3.23e-05;2.44e-05;1.85e-05;0.000714181;0.000566159;1.03e-05
3.21e-05;2.7e-05;2.01e-05;1.47e-05;0.000644003;0.000478392;8.21e-06
2.45e-05;1.99e-05;1.45e-05;1.06e-05;0.000414766;0.00031779;7.02e-06
3.43e-05;2.84e-05;2.13e-05;1.61e-05;0.000579844;0.000462311;9.44e-06
3.04e-05;2.6e-05;2.02e-05;1.58e-05;0.00053215;0.000428688;7.92e-06
3.4e-05;2.8e-05;2.08e-05;1.56e-05;0.000544698;0.000435241;9.93e-06
2.46e-05;1.99e-05;1.42e-05;1.01e-05;0.000431446;0.000328044;7.39e-06
2.79e-05;2.22e-05;1.51e-05;9.75e-06;0.000507346;0.000357559;7.79e-06
3.11e-05;2.66e-05;2.14e-05;1.76e-05;0.000508691;0.000420274;8.39e-06
3.65e-05;3.06e-05;2.3e-05;1.7e-05;0.000615737;0.00049719;1.06e-05
3.27e-05;2.69e-05;2e-05;1.5e-05;0.000566645;0.000437664;9.46e-06
3.45e-05;2.85e-05;2.09e-05;1.5e-05;0.000541242;0.000421048;9.85e-06
2.83e-05;2.32e-05;1.69e-05;1.22e-05;0.000564151;0.0004288;7.8e-06
3.4e-05;2.88e-05;2.23e-05;1.75e-05;0.000564561;0.00046893;9.42e-06
3.77e-05;3.04e-05;2.12e-05;1.43e-05;0.000701503;0.000512576;1.01e-05
2.59e-05;2.07e-05;1.45e-05;1e-05;0.000434077;0.000331191;7.66e-06
2.85e-05;2.36e-05;1.73e-05;1.24e-05;0.000474256;0.000376684;8.05e-06
3.38e-05;2.83e-05;2.15e-05;1.64e-05;0.000506507;0.000418729;9.24e-06
2.62e-05;2.14e-05;1.54e-05;1.11e-05;0.000460751;0.000339963;7.47e-06
3.83e-05;3.17e-05;2.31e-05;1.64e-05;0.000711478;0.000523791;1.01e-05
2.24e-05;1.82e-05;1.32e-05;9.44e-06;0.00040899;0.000306523;6.74e-06
2.99e-05;2.46e-05;1.82e-05;1.36e-05;0.000543797;0.000417329;7.95e-06
2.98e-05;2.52e-05;1.94e-05;1.52e-05;0.000469684;0.000380499;8.11e-06
2.66e-05;2.14e-05;1.48e-05;9.98e-06;0.00041876;0.000316374;7.56e-06
2.43e-05;1.94e-05;1.35e-05;9.16e-06;0.000347347;0.000275371;7.12e-06
3.6e-05;2.93e-05;2.08e-05;1.42e-05;0.000645638;0.000474364;9.43e-06
3.31e-05;2.69e-05;1.92e-05;1.33e-05;0.000515741;0.000388078;9.35e-06
4.2e-05;3.48e-05;2.56e-05;1.87e-05;0.000723268;0.000572813;1.1e-05
3.24e-05;2.65e-05;1.91e-05;1.37e-05;0.000604565;0.000434671;8.83e-06
2.88e-05;2.35e-05;1.69e-05;1.2e-05;0.00041547;0.000328442;8e-06
2.69e-05;2.18e-05;1.57e-05;1.13e-05;0.000426663;0.000334621;7.32e-06
3.22e-05;2.69e-05;2.03e-05;1.54e-05;0.000577035;0.000463969;9.24e-06
2.8e-05;2.39e-05;1.88e-05;1.51e-05;0.000490135;0.000404566;8.05e-06
4.15e-05;3.37e-05;2.36e-05;1.59e-05;0.000707522;0.000543481;1.12e-05
3.63e-05;3.01e-05;2.26e-05;1.73e-05;0.000581318;0.000467155;1.08e-05
3.81e-05;3.17e-05;2.38e-05;1.8e-05;0.000727867;0.000565632;1.04e-05
2.71e-05;2.3e-05;1.79e-05;1.41e-05;0.000421615;0.000370142;7.1e-06
2.96e-05;2.4e-05;1.75e-05;1.29e-05;0.000561674;0.00042877;8.53e-06
2.65e-05;2.1e-05;1.41e-05;8.93e-06;0.000393322;0.000307445;7.45e-06
2.8e-05;2.28e-05;1.65e-05;1.2e-05;0.000458133;0.000346796;7.74e-06
4.05e-05;3.35e-05;2.46e-05;1.78e-05;0.000666376;0.00051354;1.08e-05
3.39e-05;2.83e-05;2.09e-05;1.52e-05;0.000499128;0.00042883;9.15e-06
3.09e-05;2.62e-05;2.05e-05;1.64e-05;0.000566216;0.000470713;8.96e-06
4.01e-05;3.28e-05;2.32e-05;1.56e-05;0.000687804;0.000526846;1.06e-05
3.14e-05;2.59e-05;1.88e-05;1.33e-05;0.000544465;0.000420366;8.83e-06
2.73e-05;2.22e-05;1.57e-05;1.09e-05;0.000401822;0.000318093;7.18e-06
2.74e-05;2.27e-05;1.69e-05;1.26e-05;0.000470679;0.00036264;7.42e-06
3.95e-05;3.32e-05;2.52e-05;1.92e-05;0.000664605;0.000547603;1.05e-05
3.64e-05;3.01e-05;2.19e-05;1.58e-05;0.000658547;0.000511837;1.03e-05
2.73e-05;2.33e-05;1.83e-05;1.45e-05;0.000484174;0.000384416;7.58e-06
3.68e-05;3.05e-05;2.3e-05;1.74e-05;0.000598534;0.000473128;1.02e-05
2.98e-05;2.44e-05;1.75e-05;1.24e-05;0.000523761;0.000389007;8.27e-06
3.14e-05;2.65e-05;2.03e-05;1.56e-05;0.000551085;0.000434823;8.42e-06
3.17e-05;2.74e-05;2.21e-05;1.82e-05;0.000553999;0.000470189;8.4e-06
2.68e-05;2.15e-05;1.48e-05;9.74e-06;0.000421272;0.000320673;7.12e-06
3.69e-05;3.13e-05;2.43e-05;1.9e-05;0.000659075;0.000521792;1.04e-05
3.45e-05;2.93e-05;2.29e-05;1.8e-05;0.000599382;0.000493102;9.28e-06
2.53e-05;2.07e-05;1.52e-05;1.12e-05;0.00045331;0.000338361;7.14e-06
3.87e-05;3.17e-05;2.29e-05;1.63e-05;0.000668256;0.000488318;1.01e-05
4.15e-05;3.44e-05;2.56e-05;1.9e-05;0.000739367;0.000548738;1.07e-05
2.88e-05;2.34e-05;1.67e-05;1.19e-05;0.000464318;0.000350506;8.13e-06
2.9e-05;2.38e-05;1.73e-05;1.23e-05;0.000454231;0.000364118;7.79e-06
3.75e-05;3.13e-05;2.36e-05;1.76e-05;0.000702884;0.00053361;1.03e-05
4.32e-05;3.65e-05;2.78e-05;2.11e-05;0.000771828;0.0006205;1.12e-05
3.39e-05;2.8e-05;2.03e-05;1.43e-05;0.000495188;0.000393753;8.73e-06
2.82e-05;2.34e-05;1.73e-05;1.25e-05;0.000396145;0.0003183;7.69e-06
3.23e-05;2.67e-05;1.93e-05;1.36e-05;0.000583721;0.000453968;9.02e-06
3.01e-05;2.53e-05;1.94e-05;1.51e-05;0.000531131;0.00043259;8.62e-06
3.16e-05;2.69e-05;2.1e-05;1.67e-05;0.000608362;0.000477681;8.42e-06
2.66e-05;2.19e-05;1.59e-05;1.14e-05;0.00049676;0.000361044;7.39e-06
2.8e-05;2.32e-05;1.69e-05;1.21e-05;0.000406147;0.000324649;8.01e-06
3.67e-05;2.95e-05;2.04e-05;1.36e-05;0.000510912;0.000416244;1.07e-05
2.6e-05;2.13e-05;1.55e-05;1.13e-05;0.000435503;0.000344826;7.37e-06
3.44e-05;2.9e-05;2.21e-05;1.68e-05;0.000545427;0.000448904;9.66e-06
2.64e-05;2.12e-05;1.5e-05;1.04e-05;0.000428223;0.000328918;7.45e-06
2.62e-05;2.16e-05;1.61e-05;1.21e-05;0.000428689;0.000348775;7.37e-06
2.81e-05;2.46e-05;2.02e-05;1.7e-05;0.00040728;0.00036687;7.33e-06
2.69e-05;2.24e-05;1.67e-05;1.22e-05;0.000418557;0.000329873;7.68e-06
3.26e-05;2.71e-05;2.02e-05;1.51e-05;0.000429109;0.000358203;8.86e-06
3.94e-05;3.25e-05;2.35e-05;1.67e-05;0.0007746;0.000550555;1.09e-05
3.09e-05;2.62e-05;2.02e-05;1.58e-05;0.000557977;0.000444228;8.6e-06
3.54e-05;3.02e-05;2.36e-05;1.85e-05;0.000688785;0.000555632;9.32e-06
2.94e-05;2.54e-05;2.08e-05;1.74e-05;0.000453033;0.000404217;8.35e-06
2.82e-05;2.31e-05;1.66e-05;1.16e-05;0.000412298;0.00034142;7.58e-06
3.48e-05;2.85e-05;2.06e-05;1.46e-05;0.000568691;0.000450051;9.87e-06
3.58e-05;2.9e-05;2.06e-05;1.44e-05;0.000606094;0.000477516;1.03e-05
2.88e-05;2.3e-05;1.56e-05;1.02e-05;0.000385244;0.000315381;8.55e-06
3.95e-05;3.35e-05;2.57e-05;1.96e-05;0.00064626;0.000539731;1.08e-05
3e-05;2.46e-05;1.76e-05;1.23e-05;0.000511784;0.00040899;8.4e-06
3.97e-05;3.3e-05;2.44e-05;1.77e-05;0.000715977;0.000526585;1.07e-05
3.44e-05;2.96e-05;2.36e-05;1.91e-05;0.000668554;0.000512571;9.1e-06
3.12e-05;2.61e-05;1.93e-05;1.39e-05;0.000530143;0.000396599;8.29e-06
2.93e-05;2.37e-05;1.71e-05;1.23e-05;0.000487116;0.000369104;8.26e-06
3.32e-05;2.81e-05;2.15e-05;1.65e-05;0.000578011;0.000456937;8.56e-06
3.55e-05;3.08e-05;2.48e-05;2.03e-05;0.000640739;0.000510936;9.38e-06
3.55e-05;2.97e-05;2.22e-05;1.66e-05;0.00065131;0.000525458;1e-05
2.51e-05;2.07e-05;1.56e-05;1.19e-05;0.000356105;0.000303403;6.94e-06
3.11e-05;2.53e-05;1.83e-05;1.34e-05;0.000531464;0.000391036;9.11e-06
2.95e-05;2.43e-05;1.74e-05;1.22e-05;0.000544559;0.000406691;8.03e-06
3.38e-05;2.79e-05;2.01e-05;1.41e-05;0.000630891;0.000476912;9.04e-06
2.24e-05;1.81e-05;1.3e-05;9.42e-06;0.000310061;0.000260352;6.83e-06
3.66e-05;3.02e-05;2.23e-05;1.64e-05;0.000617045;0.000464498;1.01e-05
3.24e-05;2.79e-05;2.22e-05;1.79e-05;0.000543356;0.00045177;8.25e-06
2.65e-05;2.17e-05;1.55e-05;1.08e-05;0.000469177;0.000345236;7.23e-06
3.99e-05;3.24e-05;2.26e-05;1.52e-05;0.000685399;0.000518137;1.09e-05
3.74e-05;3.1e-05;2.25e-05;1.59e-05;0.000605608;0.000476625;9.52e-06
4.05e-05;3.34e-05;2.49e-05;1.87e-05;0.000721189;0.000572327;1.09e-05
3.72e-05;3.15e-05;2.43e-05;1.89e-05;0.000700257;0.000537762;1.05e-05
2.57e-05;2.12e-05;1.55e-05;1.11e-05;0.000415463;0.000337427;7.15e-06
3.52e-05;2.93e-05;2.16e-05;1.57e-05;0.000561032;0.00046019;9.39e-06
3.35e-05;2.83e-05;2.18e-05;1.7e-05;0.000624685;0.000505307;9.05e-06
3.67e-05;2.94e-05;2.02e-05;1.33e-05;0.00061906;0.000452174;9.96e-06
3.09e-05;2.52e-05;1.78e-05;1.2e-05;0.000413452;0.000331509;8.22e-06
2.71e-05;2.24e-05;1.65e-05;1.21e-05;0.000436979;0.000346528;7.5e-06
3.48e-05;2.78e-05;1.9e-05;1.24e-05;0.000681364;0.000464246;9.76e-06
3.21e-05;2.74e-05;2.12e-05;1.63e-05;0.000550601;0.000436335;8.48e-06
4.14e-05;3.43e-05;2.55e-05;1.88e-05;0.000683332;0.000530121;1.12e-05
2.72e-05;2.18e-05;1.5e-05;9.92e-06;0.000472631;0.000339344;7.56e-06
3.86e-05;3.17e-05;2.28e-05;1.58e-05;0.000687089;0.000518676;9.68e-06
3e-05;2.55e-05;2e-05;1.59e-05;0.000503956;0.000414427;8.4e-06
3.69e-05;3.09e-05;2.33e-05;1.74e-05;0.000730031;0.000564609;1.03e-05
2.87e-05;2.42e-05;1.86e-05;1.44e-05;0.000558967;0.000414491;7.98e-06
3.92e-05;3.13e-05;2.12e-05;1.37e-05;0.000628293;0.000489699;1.07e-05
4.3e-05;3.56e-05;2.59e-05;1.84e-05;0.000685268;0.000528903;1.09e-05
2.86e-05;2.41e-05;1.85e-05;1.44e-05;0.000407585;0.000346129;7.84e-06
3.66e-05;3.05e-05;2.27e-05;1.67e-05;0.000634268;0.000499404;1.04e-05
2.91e-05;2.44e-05;1.86e-05;1.42e-05;0.000501868;0.000385713;8.39e-06
3.3e-05;2.8e-05;2.19e-05;1.73e-05;0.000520626;0.000435196;8.77e-06
3.05e-05;2.55e-05;1.88e-05;1.35e-05;0.000432183;0.000360459;8e-06
4.55e-05;3.88e-05;2.98e-05;2.26e-05;0.000832992;0.000666842;1.16e-05
3.41e-05;2.9e-05;2.24e-05;1.75e-05;0.000595876;0.000474258;9.45e-06
2.92e-05;2.36e-05;1.67e-05;1.15e-05;0.000517877;0.000375895;8.53e-06
3.85e-05;3.16e-05;2.29e-05;1.63e-05;0.000680339;0.000515995;1.06e-05
3.67e-05;3.02e-05;2.25e-05;1.7e-05;0.000624424;0.000506792;1.08e-05
3.12e-05;2.64e-05;2.05e-05;1.62e-05;0.000577355;0.000444417;8.32e-06
3.18e-05;2.65e-05;2.01e-05;1.52e-05;0.000552903;0.000445232;8.93e-06
3.52e-05;2.91e-05;2.17e-05;1.6e-05;0.000627161;0.000469272;9.27e-06
2.91e-05;2.5e-05;1.99e-05;1.6e-05;0.000527386;0.000445013;7.46e-06
2.83e-05;2.33e-05;1.68e-05;1.2e-05;0.000394278;0.000333367;7.49e-06
3.39e-05;2.83e-05;2.11e-05;1.57e-05;0.000524521;0.000421011;9.37e-06
2.95e-05;2.54e-05;2.02e-05;1.61e-05;0.000537091;0.000441989;7.58e-06
2.6e-05;2.09e-05;1.46e-05;9.91e-06;0.000340874;0.00027132;7.41e-06
3.32e-05;2.79e-05;2.13e-05;1.64e-05;0.000526864;0.000434567;9.16e-06
2.71e-05;2.24e-05;1.66e-05;1.23e-05;0.000471869;0.000373248;7.36e-06
3.15e-05;2.51e-05;1.71e-05;1.12e-05;0.000562676;0.000402504;8.76e-06
3.68e-05;3.03e-05;2.19e-05;1.55e-05;0.000643298;0.000484065;9.76e-06
3.27e-05;2.72e-05;2e-05;1.45e-05;0.000538373;0.00044213;8.75e-06
3.82e-05;3.21e-05;2.47e-05;1.91e-05;0.000654748;0.000509619;1.06e-05
2.93e-05;2.41e-05;1.74e-05;1.21e-05;0.000551532;0.000409211;7.76e-06
2.43e-05;1.93e-05;1.31e-05;8.33e-06;0.000372024;0.000277355;6.82e-06
3.65e-05;2.99e-05;2.15e-05;1.53e-05;0.000552938;0.000457111;1.05e-05
4.07e-05;3.34e-05;2.4e-05;1.69e-05;0.000717457;0.000542684;1.12e-05
3.54e-05;2.87e-05;2.03e-05;1.39e-05;0.000548041;0.000419795;9.69e-06
2.6e-05;2.13e-05;1.56e-05;1.16e-05;0.000374022;0.000314857;7.81e-06
3.8e-05;3.16e-05;2.3e-05;1.62e-05;0.000496845;0.000424;9.63e-06
2.61e-05;2.12e-05;1.48e-05;1e-05;0.000462622;0.000355281;7.15e-06
2.92e-05;2.41e-05;1.79e-05;1.35e-05;0.000419457;0.000341715;7.96e-06
3.04e-05;2.46e-05;1.74e-05;1.2e-05;0.000540552;0.000401269;7.78e-06
2.84e-05;2.4e-05;1.86e-05;1.46e-05;0.000512153;0.000409809;7.75e-06
2.58e-05;2.06e-05;1.43e-05;9.71e-06;0.000439656;0.000334125;7.25e-06
2.74e-05;2.24e-05;1.6e-05;1.11e-05;0.000443995;0.000342348;7.39e-06
4.02e-05;3.28e-05;2.32e-05;1.59e-05;0.000520722;0.000418464;1.12e-05
2.61e-05;2.18e-05;1.65e-05;1.26e-05;0.000404124;0.000328207;7.38e-06
2.72e-05;2.29e-05;1.75e-05;1.34e-05;0.000429031;0.00035761;7.26e-06
3.63e-05;2.96e-05;2.1e-05;1.45e-05;0.000590443;0.000454789;1e-05
3.46e-05;2.84e-05;2.07e-05;1.49e-05;0.000676321;0.000505658;9.27e-06
2.81e-05;2.36e-05;1.82e-05;1.44e-05;0.000459785;0.000375215;8.44e-06
3.57e-05;3.01e-05;2.33e-05;1.81e-05;0.000565263;0.000458078;9.39e-06
2.93e-05;2.47e-05;1.89e-05;1.46e-05;0.000484351;0.000405713;7.79e-06
2.6e-05;2.21e-05;1.73e-05;1.36e-05;0.000412214;0.000347345;7.07e-06
3.32e-05;2.72e-05;1.97e-05;1.41e-05;0.000503007;0.000407374;8.71e-06
3.97e-05;3.35e-05;2.55e-05;1.93e-05;0.000608698;0.000493531;1.09e-05
3.36e-05;2.75e-05;2.02e-05;1.5e-05;0.000644552;0.000462034;9.48e-06
3.73e-05;3.19e-05;2.52e-05;2.01e-05;0.000682098;0.000543277;1e-05
3.85e-05;3.24e-05;2.44e-05;1.8e-05;0.000637564;0.00051164;9.71e-06
2.86e-05;2.37e-05;1.73e-05;1.25e-05;0.000549813;0.000412533;8.26e-06
3.05e-05;2.46e-05;1.72e-05;1.16e-05;0.000487801;0.000370231;8.31e-06
3.56e-05;2.99e-05;2.27e-05;1.73e-05;0.000669818;0.000533892;9.27e-06
2.79e-05;2.26e-05;1.61e-05;1.13e-05;0.000479719;0.000367581;7.87e-06
3.27e-05;2.69e-05;1.94e-05;1.39e-05;0.000595691;0.00047173;9.34e-06
3.97e-05;3.33e-05;2.5e-05;1.86e-05;0.000738583;0.000589568;1.11e-05
3.33e-05;2.76e-05;2.01e-05;1.44e-05;0.000632857;0.00046861;8.64e-06
3.03e-05;2.58e-05;2.03e-05;1.62e-05;0.000576668;0.000466436;8.52e-06
3.09e-05;2.59e-05;1.91e-05;1.39e-05;0.00043459;0.000353882;8.3e-06
3.89e-05;3.37e-05;2.72e-05;2.23e-05;0.000709548;0.000605457;1.04e-05
3.08e-05;2.6e-05;2.01e-05;1.57e-05;0.000557159;0.000454381;8.28e-06
3.94e-05;3.28e-05;2.4e-05;1.72e-05;0.000526651;0.00044231;9.95e-06
2.98e-05;2.49e-05;1.89e-05;1.45e-05;0.000555444;0.000417848;8.01e-06
3.14e-05;2.5e-05;1.69e-05;1.1e-05;0.00050114;0.00036652;8.94e-06
2.76e-05;2.2e-05;1.49e-05;9.59e-06;0.000465813;0.000335716;7.82e-06
2.82e-05;2.43e-05;1.94e-05;1.57e-05;0.000471963;0.000372038;7.45e-06
3.49e-05;2.86e-05;2.05e-05;1.44e-05;0.000567215;0.000444735;9.47e-06
2.66e-05;2.12e-05;1.46e-05;1e-05;0.000470005;0.000328395;7.94e-06
4.03e-05;3.48e-05;2.79e-05;2.28e-05;0.00066679;0.000571791;1.03e-05
3.33e-05;2.78e-05;2.05e-05;1.48e-05;0.000516015;0.000414128;9.36e-06
2.82e-05;2.41e-05;1.87e-05;1.44e-05;0.000403122;0.000336367;7.76e-06
2.96e-05;2.46e-05;1.84e-05;1.38e-05;0.000433754;0.000349396;8.19e-06
4.15e-05;3.51e-05;2.75e-05;2.19e-05;0.000606181;0.000515797;1.1e-05
2.91e-05;2.44e-05;1.83e-05;1.34e-05;0.000522446;0.000399248;7.47e-06
4.22e-05;3.63e-05;2.89e-05;2.33e-05;0.000752518;0.000614784;1.12e-05
3.91e-05;3.27e-05;2.45e-05;1.84e-05;0.000630393;0.000512743;1.1e-05
2.87e-05;2.35e-05;1.68e-05;1.18e-05;0.000489718;0.000374671;8.04e-06
3.01e-05;2.49e-05;1.82e-05;1.31e-05;0.00045504;0.000360523;8.23e-06
3.88e-05;3.38e-05;2.81e-05;2.38e-05;0.000677901;0.000555678;1.01e-05
3.6e-05;2.97e-05;2.17e-05;1.56e-05;0.000485824;0.000418349;1.04e-05
2.71e-05;2.21e-05;1.58e-05;1.12e-05;0.000423356;0.000317271;7.29e-06
3.16e-05;2.58e-05;1.86e-05;1.35e-05;0.000467846;0.00037884;9.27e-06
2.81e-05;2.29e-05;1.63e-05;1.15e-05;0.000429288;0.00033422;8.42e-06
3.2e-05;2.66e-05;2.01e-05;1.53e-05;0.000526989;0.000422727;8.46e-06
3.15e-05;2.57e-05;1.84e-05;1.28e-05;0.000465225;0.000374615;8.25e-06
4.11e-05;3.45e-05;2.63e-05;2.03e-05;0.000676951;0.000548796;1.1e-05
4.48e-05;3.8e-05;2.95e-05;2.31e-05;0.000822836;0.00066548;1.13e-05
3.12e-05;2.63e-05;2.01e-05;1.54e-05;0.000474588;0.000385216;8.68e-06
3.08e-05;2.57e-05;1.93e-05;1.43e-05;0.000553429;0.000440033;8.14e-06
2.5e-05;2.08e-05;1.57e-05;1.18e-05;0.000435643;0.000342309;7.12e-06
2.96e-05;2.44e-05;1.79e-05;1.29e-05;0.000492852;0.00037824;8.06e-06
3.07e-05;2.55e-05;1.88e-05;1.35e-05;0.000487617;0.000387939;7.92e-06
3.56e-05;2.89e-05;2.02e-05;1.36e-05;0.000591269;0.000441193;9.4e-06
3.73e-05;2.97e-05;2.03e-05;1.35e-05;0.000674381;0.000491528;1.06e-05
2.72e-05;2.15e-05;1.47e-05;9.76e-06;0.000447918;0.000343391;8.01e-06
3.57e-05;3.01e-05;2.27e-05;1.67e-05;0.000527095;0.000426688;9.09e-06
3.32e-05;2.78e-05;2.09e-05;1.56e-05;0.000611621;0.000450731;9.31e-06
3.4e-05;2.84e-05;2.1e-05;1.55e-05;0.000549721;0.00043625;9.39e-06
3.2e-05;2.66e-05;2e-05;1.51e-05;0.000573955;0.000454553;8.24e-06
2.94e-05;2.53e-05;2.03e-05;1.64e-05;0.000445733;0.000395242;8.16e-06
2.77e-05;2.23e-05;1.56e-05;1.05e-05;0.000364989;0.000304723;8e-06
2.99e-05;2.48e-05;1.82e-05;1.33e-05;0.000506911;0.000392071;7.91e-06
3.84e-05;3.2e-05;2.39e-05;1.79e-05;0.000699929;0.000520989;1.09e-05
3.62e-05;3.12e-05;2.49e-05;2e-05;0.000623489;0.000526593;9.57e-06
2.64e-05;2.17e-05;1.58e-05;1.15e-05;0.000410847;0.000317013;7.64e-06
3.22e-05;2.71e-05;2.02e-05;1.49e-05;0.00053095;0.000432639;8.44e-06
3.26e-05;2.85e-05;2.37e-05;2.01e-05;0.000591043;0.000495546;8.39e-06
3.31e-05;2.67e-05;1.86e-05;1.26e-05;0.000618109;0.000465732;9.71e-06
2.84e-05;2.35e-05;1.75e-05;1.31e-05;0.000520047;0.000381572;7.53e-06
2.83e-05;2.33e-05;1.69e-05;1.21e-05;0.000444737;0.000352013;7.58e-06
3.04e-05;2.48e-05;1.8e-05;1.29e-05;0.000484766;0.000372733;8.02e-06
3.8e-05;3.08e-05;2.16e-05;1.47e-05;0.000611033;0.000480697;1.03e-05
2.79e-05;2.35e-05;1.79e-05;1.38e-05;0.000478284;0.000385429;7.38e-06
3.53e-05;2.84e-05;1.95e-05;1.27e-05;0.000579783;0.000413467;9.8e-06
3.05e-05;2.48e-05;1.77e-05;1.23e-05;0.00056918;0.000432436;8.36e-06
3.3e-05;2.76e-05;2.09e-05;1.59e-05;0.000528873;0.000434166;9.22e-06
2.85e-05;2.29e-05;1.6e-05;1.09e-05;0.000540538;0.000388606;8.34e-06
3.47e-05;2.87e-05;2.14e-05;1.59e-05;0.000465682;0.000382601;9.75e-06
3.63e-05;2.95e-05;2.11e-05;1.49e-05;0.000647906;0.000501767;1e-05
3.54e-05;2.98e-05;2.3e-05;1.8e-05;0.00065923;0.000519339;1.03e-05
2.51e-05;2e-05;1.35e-05;8.65e-06;0.000353524;0.000280157;6.88e-06
3.7e-05;3.08e-05;2.27e-05;1.66e-05;0.000641235;0.000504578;9.59e-06
3.71e-05;3.14e-05;2.43e-05;1.88e-05;0.000662741;0.000516524;9.61e-06
3.93e-05;3.27e-05;2.39e-05;1.7e-05;0.000661693;0.000535905;1.03e-05
3.28e-05;2.73e-05;2.04e-05;1.5e-05;0.000663505;0.000488636;8.4e-06
3.62e-05;3.05e-05;2.34e-05;1.8e-05;0.000630524;0.000483949;1.03e-05
3.04e-05;2.6e-05;2.08e-05;1.7e-05;0.000571378;0.000466347;8.1e-06
3e-05;2.48e-05;1.82e-05;1.33e-05;0.000490805;0.000370542;7.83e-06
3.69e-05;3.11e-05;2.39e-05;1.85e-05;0.000630771;0.000479924;1.01e-05
2.92e-05;2.56e-05;2.13e-05;1.81e-05;0.000486975;0.000405374;7.63e-06
2.73e-05;2.28e-05;1.71e-05;1.28e-05;0.000491798;0.000369208;7.33e-06
2.7e-05;2.26e-05;1.71e-05;1.31e-05;0.000362739;0.000302341;7.28e-06
4.04e-05;3.38e-05;2.53e-05;1.88e-05;0.000685463;0.000560287;1.06e-05
3.59e-05;2.93e-05;2.12e-05;1.53e-05;0.000566644;0.000449507;1.04e-05
3.75e-05;3.08e-05;2.26e-05;1.63e-05;0.000576882;0.00044213;1.01e-05
3.52e-05;2.83e-05;1.95e-05;1.29e-05;0.00062745;0.000459007;1e-05
3.94e-05;3.26e-05;2.37e-05;1.7e-05;0.000639833;0.000510529;1.09e-05
3.84e-05;3.22e-05;2.46e-05;1.9e-05;0.00067845;0.000531172;1.02e-05
2.89e-05;2.47e-05;1.92e-05;1.5e-05;0.000405647;0.000348368;8.2e-06
2.51e-05;2.1e-05;1.58e-05;1.18e-05;0.000389928;0.000332413;7.29e-06
4.05e-05;3.36e-05;2.51e-05;1.88e-05;0.000734432;0.000565333;1.07e-05
4.12e-05;3.44e-05;2.58e-05;1.93e-05;0.000659896;0.000510042;1.08e-05
2.98e-05;2.51e-05;1.94e-05;1.51e-05;0.000509854;0.000410482;7.67e-06
3.27e-05;2.7e-05;1.96e-05;1.4e-05;0.00044297;0.000367645;8.74e-06
3.83e-05;3.22e-05;2.49e-05;1.93e-05;0.000607989;0.000492871;1.03e-05
3.43e-05;2.81e-05;2.08e-05;1.58e-05;0.000638871;0.000488985;1e-05
3.04e-05;2.5e-05;1.84e-05;1.35e-05;0.000440778;0.000364712;8.88e-06
3.3e-05;2.75e-05;2.07e-05;1.57e-05;0.000656118;0.000499314;8.96e-06
3.21e-05;2.7e-05;2.05e-05;1.58e-05;0.000599539;0.000463891;8.9e-06
3.58e-05;2.89e-05;2.05e-05;1.44e-05;0.000705595;0.000500168;1.02e-05
2.83e-05;2.3e-05;1.66e-05;1.18e-05;0.000541358;0.000398847;7.8e-06
4.36e-05;3.7e-05;2.83e-05;2.17e-05;0.000682122;0.00057538;1.13e-05
3.55e-05;2.96e-05;2.21e-05;1.66e-05;0.000659618;0.000513678;9.7e-06
2.74e-05;2.36e-05;1.9e-05;1.55e-05;0.000469453;0.00040943;7.29e-06
3.45e-05;2.94e-05;2.31e-05;1.82e-05;0.00051883;0.000452237;9.03e-06
3.41e-05;2.83e-05;2.08e-05;1.49e-05;0.000615458;0.00047402;9.39e-06
3.16e-05;2.61e-05;1.92e-05;1.4e-05;0.000565743;0.000445354;8.57e-06
3.18e-05;2.56e-05;1.76e-05;1.17e-05;0.000464036;0.000355938;8.67e-06
3.65e-05;3.08e-05;2.37e-05;1.83e-05;0.000648453;0.000526396;9.73e-06
2.68e-05;2.19e-05;1.58e-05;1.11e-05;0.000481884;0.000362782;7.66e-06
3.09e-05;2.51e-05;1.78e-05;1.25e-05;0.000525231;0.000396269;8.88e-06
3.45e-05;2.82e-05;2.01e-05;1.41e-05;0.000498282;0.000402333;1e-05
3.14e-05;2.66e-05;2.09e-05;1.65e-05;0.000465824;0.000391476;8.49e-06
2.54e-05;2.18e-05;1.76e-05;1.44e-05;0.000453511;0.000371112;7.11e-06
3.07e-05;2.61e-05;2.02e-05;1.57e-05;0.000501599;0.000405841;8.15e-06
3.83e-05;3.14e-05;2.31e-05;1.7e-05;0.000752669;0.000559166;1.08e-05
3.81e-05;3.2e-05;2.4e-05;1.79e-05;0.000663027;0.000545884;1.05e-05
4.02e-05;3.37e-05;2.55e-05;1.91e-05;0.000736081;0.000582006;1.08e-05
2.96e-05;2.51e-05;1.91e-05;1.43e-05;0.000470561;0.000394736;7.49e-06
2.79e-05;2.34e-05;1.78e-05;1.37e-05;0.000518645;0.000416174;7.48e-06
2.81e-05;2.28e-05;1.61e-05;1.12e-05;0.000361166;0.000302248;7.87e-06
2.79e-05;2.28e-05;1.65e-05;1.2e-05;0.000423271;0.000331714;8.43e-06
3.23e-05;2.7e-05;2.02e-05;1.49e-05;0.000458244;0.000373748;9.04e-06
3.19e-05;2.6e-05;1.87e-05;1.31e-05;0.000597746;0.000433915;9.13e-06
2.92e-05;2.43e-05;1.78e-05;1.27e-05;0.000487469;0.000366828;7.37e-06
2.81e-05;2.26e-05;1.58e-05;1.08e-05;0.000541915;0.00038234;8.14e-06
3.56e-05;2.9e-05;2.02e-05;1.35e-05;0.00047789;0.000375337;9.66e-06
3.62e-05;3.01e-05;2.23e-05;1.63e-05;0.000634923;0.000492468;1.03e-05
3.15e-05;2.64e-05;1.99e-05;1.5e-05;0.000609057;0.000449926;8.22e-06
3.27e-05;2.77e-05;2.18e-05;1.75e-05;0.000606267;0.000471826;9.09e-06
4.13e-05;3.56e-05;2.87e-05;2.35e-05;0.000666118;0.000562017;1.08e-05
3.64e-05;2.93e-05;2.04e-05;1.37e-05;0.000535719;0.000409429;9.97e-06
3.4e-05;2.83e-05;2.12e-05;1.59e-05;0.000653357;0.00049306;9.52e-06
3.68e-05;2.97e-05;2.06e-05;1.37e-05;0.000595698;0.000458351;1e-05
3.11e-05;2.6e-05;1.97e-05;1.5e-05;0.000535998;0.000427131;8.94e-06
3.42e-05;2.85e-05;2.15e-05;1.63e-05;0.000548768;0.000435749;9.64e-06
2.86e-05;2.36e-05;1.72e-05;1.21e-05;0.000379404;0.000318486;7.57e-06
2.69e-05;2.19e-05;1.58e-05;1.14e-05;0.000409322;0.000334018;7.64e-06
2.64e-05;2.14e-05;1.53e-05;1.08e-05;0.000476629;0.000356111;7.27e-06
3.05e-05;2.54e-05;1.9e-05;1.43e-05;0.000568709;0.000447453;8.62e-06
3.2e-05;2.68e-05;2.02e-05;1.52e-05;0.00047771;0.000404077;8.27e-06
3.45e-05;2.92e-05;2.23e-05;1.68e-05;0.000473955;0.000410523;9.18e-06
4.26e-05;3.64e-05;2.88e-05;2.31e-05;0.000658586;0.000536491;1.1e-05
3.73e-05;3.12e-05;2.37e-05;1.78e-05;0.000648169;0.000503814;1.03e-05
4.15e-05;3.5e-05;2.72e-05;2.13e-05;0.000726099;0.000583233;1.07e-05
2.89e-05;2.39e-05;1.75e-05;1.26e-05;0.000434685;0.000350577;8.04e-06
4.11e-05;3.37e-05;2.41e-05;1.67e-05;0.000682466;0.00053497;1.06e-05
2.7e-05;2.23e-05;1.66e-05;1.26e-05;0.000368877;0.00030508;7.96e-06
3.11e-05;2.58e-05;1.93e-05;1.44e-05;0.000453237;0.000390868;8.46e-06
4.34e-05;3.57e-05;2.58e-05;1.82e-05;0.000633131;0.00051002;1.09e-05
3.56e-05;2.92e-05;2.11e-05;1.49e-05;0.000636627;0.00049058;9.62e-06
4.24e-05;3.46e-05;2.44e-05;1.65e-05;0.000654034;0.000514751;1.13e-05
3.24e-05;2.65e-05;1.89e-05;1.28e-05;0.000638956;0.00046846;8.16e-06
3.35e-05;2.73e-05;1.98e-05;1.42e-05;0.000563321;0.000439984;1.02e-05
3.81e-05;3.2e-05;2.42e-05;1.83e-05;0.000559755;0.000455408;9.72e-06
3.62e-05;2.96e-05;2.11e-05;1.48e-05;0.000591748;0.000466979;1.01e-05
3.82e-05;3.29e-05;2.61e-05;2.09e-05;0.000682687;0.000545143;1e-05
3.08e-05;2.62e-05;2.04e-05;1.58e-05;0.000557778;0.000436587;7.96e-06
2.8e-05;2.28e-05;1.62e-05;1.12e-05;0.000480468;0.000372392;8.01e-06
2.66e-05;2.21e-05;1.64e-05;1.2e-05;0.000463842;0.000365672;7.63e-06
2.34e-05;1.95e-05;1.48e-05;1.15e-05;0.00032272;0.00028207;6.84e-06
2.91e-05;2.4e-05;1.76e-05;1.27e-05;0.000515056;0.000392118;8.11e-06
2.86e-05;2.37e-05;1.73e-05;1.22e-05;0.000466302;0.00037488;7.35e-06
3.93e-05;3.25e-05;2.38e-05;1.71e-05;0.000684034;0.000516856;1.01e-05
3.42e-05;2.85e-05;2.13e-05;1.57e-05;0.000497391;0.000420997;8.6e-06
3.4e-05;2.89e-05;2.26e-05;1.78e-05;0.000505016;0.00043344;9.46e-06
2.92e-05;2.44e-05;1.84e-05;1.38e-05;0.000532985;0.000405406;8.45e-06
3.03e-05;2.55e-05;1.93e-05;1.47e-05;0.000494199;0.000400532;8.19e-06
2.71e-05;2.25e-05;1.69e-05;1.29e-05;0.000414438;0.000345616;7.75e-06
2.86e-05;2.32e-05;1.63e-05;1.1e-05;0.000515946;0.000391544;7.5e-06
3.4e-05;2.82e-05;2.04e-05;1.42e-05;0.000537908;0.000405532;8.88e-06
3.68e-05;3.17e-05;2.51e-05;1.97e-05;0.000551053;0.00048724;9.47e-06
2.7e-05;2.24e-05;1.65e-05;1.2e-05;0.000423458;0.000334176;7.2e-06
3.91e-05;3.29e-05;2.53e-05;1.97e-05;0.000592609;0.000497025;1.06e-05
3.35e-05;2.76e-05;2.01e-05;1.43e-05;0.000640229;0.000484029;9.15e-06
3.81e-05;3.14e-05;2.31e-05;1.69e-05;0.000605921;0.000464447;1.01e-05
2.7e-05;2.21e-05;1.58e-05;1.09e-05;0.000500323;0.000378214;7.22e-06
3.3e-05;2.73e-05;1.99e-05;1.41e-05;0.000660054;0.000485192;8.49e-06
2.88e-05;2.37e-05;1.77e-05;1.34e-05;0.000443053;0.000361894;9e-06
2.81e-05;2.37e-05;1.78e-05;1.31e-05;0.00050359;0.000385028;7.39e-06
3.77e-05;3.21e-05;2.46e-05;1.87e-05;0.000673492;0.000530451;9.75e-06
3.98e-05;3.32e-05;2.5e-05;1.86e-05;0.000637548;0.000508118;1.04e-05
3.39e-05;2.8e-05;2.04e-05;1.47e-05;0.00062884;0.000491809;9.53e-06
2.58e-05;2.12e-05;1.53e-05;1.1e-05;0.000474496;0.000350184;6.93e-06
3.65e-05;2.95e-05;2.09e-05;1.45e-05;0.000679656;0.000512532;1.03e-05
2.88e-05;2.49e-05;2.01e-05;1.64e-05;0.000534523;0.000436957;7.65e-06
3.13e-05;2.58e-05;1.86e-05;1.3e-05;0.00056271;0.000429688;7.79e-06
3.38e-05;2.78e-05;2e-05;1.4e-05;0.000573447;0.000418014;9.71e-06
3.31e-05;2.79e-05;2.09e-05;1.54e-05;0.000538863;0.000432031;8.69e-06
4.12e-05;3.34e-05;2.33e-05;1.55e-05;0.000695273;0.000521186;1.07e-05
3.27e-05;2.76e-05;2.09e-05;1.56e-05;0.00059207;0.000458305;8.1e-06
4.24e-05;3.54e-05;2.63e-05;1.93e-05;0.000725616;0.000572852;1.12e-05
3.08e-05;2.65e-05;2.09e-05;1.64e-05;0.000487084;0.000415116;8.05e-06
3.13e-05;2.62e-05;1.98e-05;1.49e-05;0.000536802;0.000410112;9.04e-06
2.92e-05;2.49e-05;1.93e-05;1.48e-05;0.000476716;0.000379243;7.7e-06
3.02e-05;2.6e-05;2.08e-05;1.68e-05;0.000493206;0.000430139;7.85e-06
2.94e-05;2.45e-05;1.86e-05;1.41e-05;0.000536622;0.000400094;8.18e-06
4.42e-05;3.74e-05;2.85e-05;2.15e-05;0.000774097;0.000643465;1.14e-05
3.67e-05;3.01e-05;2.17e-05;1.54e-05;0.000638417;0.000490322;1.01e-05
3.63e-05;3e-05;2.2e-05;1.6e-05;0.000669892;0.000513266;9.47e-06
3.23e-05;2.61e-05;1.81e-05;1.21e-05;0.000565427;0.000429602;8.8e-06
3.38e-05;2.69e-05;1.82e-05;1.16e-05;0.000461464;0.000367516;9.32e-06
3.3e-05;2.76e-05;2.07e-05;1.52e-05;0.000522101;0.000407488;8.56e-06
3.65e-05;3.05e-05;2.3e-05;1.73e-05;0.000558915;0.000468534;9.24e-06
3.72e-05;3.08e-05;2.31e-05;1.73e-05;0.000593102;0.000471083;9.96e-06
3.38e-05;2.78e-05;1.98e-05;1.35e-05;0.000510001;0.000419629;8.63e-06
3.11e-05;2.52e-05;1.75e-05;1.16e-05;0.000469452;0.000364758;8.61e-06
3.88e-05;3.28e-05;2.48e-05;1.85e-05;0.000735931;0.00055926;1.02e-05
3.32e-05;2.7e-05;1.93e-05;1.34e-05;0.000610653;0.000454583;9.16e-06
2.68e-05;2.24e-05;1.69e-05;1.29e-05;0.000454438;0.000373015;7.34e-06
3.23e-05;2.63e-05;1.86e-05;1.28e-05;0.000537934;0.000417863;8.68e-06
3.5e-05;2.83e-05;1.98e-05;1.35e-05;0.000639792;0.000461553;9.84e-06
3.09e-05;2.54e-05;1.82e-05;1.28e-05;0.000461856;0.000379376;9.08e-06
2.73e-05;2.25e-05;1.64e-05;1.2e-05;0.000502228;0.000379025;7.99e-06
4.25e-05;3.56e-05;2.69e-05;2.03e-05;0.000773633;0.000617613;1.1e-05
4.05e-05;3.37e-05;2.51e-05;1.86e-05;0.000723222;0.000576302;1.08e-05
4.21e-05;3.56e-05;2.7e-05;2.01e-05;0.000657957;0.000560573;1.13e-05
2.87e-05;2.35e-05;1.7e-05;1.21e-05;0.000522052;0.000397641;8.09e-06
3.05e-05;2.57e-05;1.97e-05;1.49e-05;0.000519864;0.000407737;8.06e-06
2.82e-05;2.36e-05;1.77e-05;1.32e-05;0.000359794;0.000317029;7.66e-06
2.86e-05;2.4e-05;1.81e-05;1.36e-05;0.000480257;0.000396923;7.38e-06
2.86e-05;2.44e-05;1.94e-05;1.56e-05;0.000441068;0.000370606;7.78e-06
3.13e-05;2.63e-05;2.02e-05;1.55e-05;0.00048916;0.000403043;8.18e-06
2.68e-05;2.19e-05;1.56e-05;1.08e-05;0.000419297;0.000334713;7.35e-06
2.97e-05;2.49e-05;1.88e-05;1.42e-05;0.0004771;0.000386772;8.19e-06
3.61e-05;2.95e-05;2.12e-05;1.5e-05;0.000541446;0.000434902;1.02e-05
3.45e-05;2.9e-05;2.22e-05;1.71e-05;0.000496624;0.000427006;9.41e-06
3.4e-05;2.97e-05;2.47e-05;2.11e-05;0.00063269;0.000526782;9.4e-06
3.39e-05;2.7e-05;1.83e-05;1.17e-05;0.000577883;0.000431382;9.35e-06
3.19e-05;2.62e-05;1.89e-05;1.33e-05;0.000551535;0.000435604;8.45e-06
3.49e-05;3e-05;2.42e-05;1.98e-05;0.000621097;0.000506383;9.16e-06
2.86e-05;2.38e-05;1.77e-05;1.3e-05;0.000522206;0.000401072;7.93e-06
2.8e-05;2.41e-05;1.93e-05;1.57e-05;0.000503119;0.000417201;7.39e-06
3.7e-05;2.97e-05;2.07e-05;1.41e-05;0.000528356;0.000406811;1.06e-05
2.64e-05;2.23e-05;1.71e-05;1.31e-05;0.000459848;0.00035938;7.12e-06
3.86e-05;3.19e-05;2.36e-05;1.74e-05;0.000678497;0.000527955;1.09e-05
3.46e-05;2.72e-05;1.81e-05;1.13e-05;0.000661681;0.000446136;1e-05
2.63e-05;2.2e-05;1.66e-05;1.24e-05;0.000493389;0.000388542;7.49e-06
3.09e-05;2.57e-05;1.9e-05;1.39e-05;0.000544299;0.000407539;8.75e-06
3e-05;2.5e-05;1.87e-05;1.39e-05;0.000571167;0.000416418;7.86e-06
3.72e-05;3.16e-05;2.47e-05;1.96e-05;0.000562943;0.000501676;1.04e-05
2.82e-05;2.39e-05;1.82e-05;1.37e-05;0.000509238;0.00039492;7.28e-06
2.93e-05;2.51e-05;2.01e-05;1.64e-05;0.000565749;0.00044802;7.92e-06
3.17e-05;2.61e-05;1.91e-05;1.37e-05;0.000616051;0.000457165;8.34e-06
2.98e-05;2.4e-05;1.66e-05;1.09e-05;0.000512429;0.000366948;7.97e-06
3.15e-05;2.6e-05;1.93e-05;1.44e-05;0.000483639;0.000396949;8.79e-06
2.96e-05;2.37e-05;1.62e-05;1.06e-05;0.00043344;0.000341961;8.32e-06
2.86e-05;2.45e-05;1.93e-05;1.54e-05;0.000539343;0.000434411;7.72e-06
2.83e-05;2.37e-05;1.8e-05;1.38e-05;0.00048808;0.000397503;8.27e-06
3.42e-05;2.92e-05;2.3e-05;1.82e-05;0.000628188;0.000497066;9.39e-06
3.24e-05;2.73e-05;2.12e-05;1.66e-05;0.000443055;0.000394446;8.65e-06
3.52e-05;2.94e-05;2.17e-05;1.57e-05;0.000579181;0.000471412;9.26e-06
4.06e-05;3.42e-05;2.56e-05;1.88e-05;0.000692099;0.000541122;1.05e-05
3.58e-05;3.02e-05;2.31e-05;1.77e-05;0.000700771;0.000522494;9.89e-06
3.5e-05;2.88e-05;2.13e-05;1.58e-05;0.00044959;0.000390766;9.49e-06
2.68e-05;2.3e-05;1.82e-05;1.47e-05;0.000407845;0.000349079;7.51e-06
3.75e-05;3e-05;2.05e-05;1.35e-05;0.000658395;0.000461397;1.06e-05
3.38e-05;2.8e-05;2.02e-05;1.42e-05;0.000524897;0.000438401;8.48e-06
2.98e-05;2.47e-05;1.8e-05;1.27e-05;0.000476284;0.000374199;7.59e-06
2.81e-05;2.4e-05;1.91e-05;1.54e-05;0.000526975;0.000412445;7.42e-06
3.11e-05;2.57e-05;1.9e-05;1.37e-05;0.00049599;0.000376073;8.33e-06
2.63e-05;2.22e-05;1.7e-05;1.28e-05;0.000459301;0.00036662;7.39e-06
2.91e-05;2.47e-05;1.92e-05;1.5e-05;0.000485437;0.000392467;7.62e-06
3.47e-05;2.82e-05;2e-05;1.37e-05;0.000605554;0.000456937;9.66e-06
2.82e-05;2.34e-05;1.74e-05;1.29e-05;0.000423762;0.000349317;7.49e-06
3.6e-05;2.87e-05;1.96e-05;1.28e-05;0.00067208;0.000471908;9.77e-06
3.44e-05;2.83e-05;2.04e-05;1.45e-05;0.000522866;0.000413439;9.57e-06
2.73e-05;2.36e-05;1.89e-05;1.53e-05;0.000476177;0.000383444;7.53e-06
3.59e-05;2.94e-05;2.11e-05;1.5e-05;0.000660185;0.000490981;9.33e-06
2.71e-05;2.28e-05;1.76e-05;1.38e-05;0.000398191;0.00034669;7.67e-06
2.72e-05;2.29e-05;1.75e-05;1.34e-05;0.000509223;0.000396922;7.5e-06
2.77e-05;2.22e-05;1.51e-05;9.7e-06;0.000374814;0.000301491;7.44e-06
3.74e-05;3.07e-05;2.23e-05;1.61e-05;0.00050005;0.000438764;1.03e-05
2.62e-05;2.22e-05;1.71e-05;1.33e-05;0.000490092;0.000372634;7.39e-06
3.77e-05;3.1e-05;2.25e-05;1.61e-05;0.000668614;0.000522182;9.93e-06
3.33e-05;2.73e-05;1.98e-05;1.42e-05;0.00057469;0.000448593;9.22e-06
3.89e-05;3.24e-05;2.41e-05;1.77e-05;0.00071933;0.000535329;1.04e-05
2.73e-05;2.29e-05;1.73e-05;1.31e-05;0.000427648;0.000359446;7.18e-06
3.43e-05;2.94e-05;2.33e-05;1.87e-05;0.000644121;0.000529835;9.18e-06
3.4e-05;2.82e-05;2.12e-05;1.59e-05;0.000581487;0.000466778;1.01e-05
3.61e-05;3.12e-05;2.52e-05;2.07e-05;0.000664061;0.000519095;9.24e-06
3.09e-05;2.56e-05;1.88e-05;1.37e-05;0.000576766;0.000429176;8.65e-06
2.93e-05;2.49e-05;1.95e-05;1.54e-05;0.000541145;0.000414173;7.46e-06
3.74e-05;3.16e-05;2.44e-05;1.89e-05;0.000611269;0.000516293;1.04e-05
3.15e-05;2.7e-05;2.14e-05;1.72e-05;0.000570607;0.000479386;8.02e-06
3.44e-05;2.82e-05;2.02e-05;1.39e-05;0.000465507;0.000377505;8.94e-06
3.33e-05;2.79e-05;2.09e-05;1.54e-05;0.000602785;0.000467156;9.02e-06
3.05e-05;2.52e-05;1.86e-05;1.38e-05;0.000440441;0.000355346;8.48e-06
2.47e-05;2.04e-05;1.51e-05;1.1e-05;0.000432639;0.000339296;7.12e-06
2.94e-05;2.52e-05;2.01e-05;1.61e-05;0.000562766;0.000448457;7.83e-06
2.58e-05;2.15e-05;1.62e-05;1.24e-05;0.000438138;0.0003427;7.25e-06
3.71e-05;3.14e-05;2.43e-05;1.9e-05;0.000671377;0.000521004;1.04e-05
3.83e-05;3.33e-05;2.71e-05;2.25e-05;0.000597566;0.00053169;9.94e-06
3.5e-05;2.9e-05;2.15e-05;1.59e-05;0.000535497;0.000445092;9.19e-06
2.72e-05;2.23e-05;1.62e-05;1.17e-05;0.000495347;0.00035797;7.45e-06
3.79e-05;3.21e-05;2.49e-05;1.96e-05;0.00059641;0.000511256;1.01e-05
2.63e-05;2.24e-05;1.76e-05;1.38e-05;0.000457311;0.000359832;7.28e-06
3.52e-05;2.92e-05;2.14e-05;1.54e-05;0.000552899;0.000431327;9.85e-06
3.54e-05;2.99e-05;2.3e-05;1.79e-05;0.000602503;0.000512268;9.04e-06
2.68e-05;2.29e-05;1.77e-05;1.37e-05;0.000384082;0.000344066;7.12e-06
2.44e-05;2.01e-05;1.46e-05;1.04e-05;0.000427166;0.000322196;7.01e-06
4.04e-05;3.48e-05;2.78e-05;2.25e-05;0.000570727;0.000514855;1.08e-05
3.05e-05;2.55e-05;1.9e-05;1.41e-05;0.000537144;0.000435117;8.69e-06
2.66e-05;2.19e-05;1.6e-05;1.14e-05;0.000430886;0.000344262;7.47e-06
2.94e-05;2.51e-05;1.95e-05;1.53e-05;0.000512595;0.000406958;7.7e-06
2.48e-05;2.02e-05;1.47e-05;1.07e-05;0.000422955;0.000318758;7.62e-06
2.79e-05;2.31e-05;1.67e-05;1.19e-05;0.000488713;0.000366993;7.42e-06
3.31e-05;2.81e-05;2.16e-05;1.64e-05;0.000530492;0.000423424;8.52e-06
2.45e-05;2.06e-05;1.56e-05;1.19e-05;0.000407915;0.000322283;6.98e-06
2.84e-05;2.32e-05;1.65e-05;1.16e-05;0.000425667;0.000344753;8.32e-06
2.77e-05;2.25e-05;1.62e-05;1.17e-05;0.000550911;0.000407748;7.56e-06
4.23e-05;3.5e-05;2.53e-05;1.74e-05;0.00080051;0.000567657;1.07e-05
2.99e-05;2.5e-05;1.89e-05;1.45e-05;0.000488003;0.000404049;8.5e-06
3.51e-05;2.99e-05;2.34e-05;1.85e-05;0.00064881;0.00050618;9.92e-06
3.88e-05;3.18e-05;2.3e-05;1.62e-05;0.00059639;0.000466112;1.06e-05
2.78e-05;2.28e-05;1.69e-05;1.24e-05;0.000545914;0.000401194;7.62e-06
3.15e-05;2.65e-05;2.03e-05;1.57e-05;0.000470001;0.000400323;8.45e-06
3.35e-05;2.74e-05;2e-05;1.44e-05;0.000603027;0.000458043;9.63e-06
3.23e-05;2.7e-05;2.06e-05;1.58e-05;0.000563466;0.000451274;9.29e-06
3.19e-05;2.68e-05;2.03e-05;1.54e-05;0.000618242;0.000494075;8.74e-06
3.65e-05;2.96e-05;2.1e-05;1.48e-05;0.000487389;0.000409967;1.04e-05
2.89e-05;2.45e-05;1.92e-05;1.52e-05;0.000540655;0.000412109;7.81e-06
2.67e-05;2.19e-05;1.57e-05;1.09e-05;0.000395649;0.000328526;7.47e-06
3.41e-05;2.82e-05;2.06e-05;1.48e-05;0.000522616;0.00043082;8.95e-06
3.48e-05;3.01e-05;2.44e-05;2.02e-05;0.000708303;0.000573734;9.76e-06
3.98e-05;3.42e-05;2.72e-05;2.18e-05;0.00072701;0.000588321;1.05e-05
3.23e-05;2.68e-05;1.96e-05;1.41e-05;0.000528603;0.000409873;8.79e-06
3.96e-05;3.26e-05;2.36e-05;1.67e-05;0.000594698;0.000458402;1.05e-05
3.14e-05;2.62e-05;1.99e-05;1.53e-05;0.000569856;0.000449521;8.63e-06
2.6e-05;2.21e-05;1.75e-05;1.41e-05;0.000401694;0.000340771;7.21e-06
2.78e-05;2.36e-05;1.8e-05;1.38e-05;0.000430417;0.000371649;7.24e-06
3.31e-05;2.7e-05;1.91e-05;1.3e-05;0.000536105;0.000407407;8.95e-06
3.12e-05;2.7e-05;2.18e-05;1.78e-05;0.000450089;0.000395589;8.17e-06
2.84e-05;2.44e-05;1.95e-05;1.6e-05;0.000476003;0.000408873;8.08e-06
2.91e-05;2.54e-05;2.08e-05;1.73e-05;0.000502273;0.00042164;7.57e-06
2.88e-05;2.33e-05;1.64e-05;1.12e-05;0.000466122;0.000365478;8.63e-06
2.92e-05;2.39e-05;1.76e-05;1.29e-05;0.0005737;0.000424469;8.39e-06
3.49e-05;2.88e-05;2.12e-05;1.56e-05;0.000579643;0.00046417;9.55e-06
2.42e-05;1.93e-05;1.31e-05;8.56e-06;0.000431743;0.000301262;6.82e-06
3.17e-05;2.63e-05;1.94e-05;1.39e-05;0.000576091;0.0004336;8.78e-06
3.52e-05;2.79e-05;1.87e-05;1.19e-05;0.000620571;0.000436956;1.02e-05
2.54e-05;2.17e-05;1.72e-05;1.39e-05;0.000432752;0.000368602;7.54e-06
2.8e-05;2.3e-05;1.64e-05;1.14e-05;0.000501018;0.000388111;7.23e-06
2.95e-05;2.4e-05;1.75e-05;1.28e-05;0.00049372;0.000389823;8.22e-06
3.72e-05;3.1e-05;2.31e-05;1.69e-05;0.000501549;0.000434896;9.75e-06
2.57e-05;2.11e-05;1.52e-05;1.08e-05;0.000465685;0.00033429;7.22e-06
2.35e-05;1.93e-05;1.4e-05;1e-05;0.000330347;0.000281786;7.06e-06
2.63e-05;2.16e-05;1.59e-05;1.17e-05;0.000371357;0.000296362;7.63e-06
2.95e-05;2.44e-05;1.82e-05;1.37e-05;0.000464702;0.000366915;8.12e-06
3.53e-05;2.89e-05;2.07e-05;1.46e-05;0.000499277;0.000412347;9.43e-06
3.03e-05;2.66e-05;2.21e-05;1.87e-05;0.00053289;0.00045192;8.11e-06
2.67e-05;2.27e-05;1.75e-05;1.35e-05;0.000507094;0.000405544;7.14e-06
4.12e-05;3.46e-05;2.65e-05;2.04e-05;0.000670696;0.000535456;1.09e-05
3.84e-05;3.29e-05;2.6e-05;2.07e-05;0.000554587;0.000484752;1.01e-05
3.86e-05;3.1e-05;2.13e-05;1.41e-05;0.000716162;0.000520566;1.06e-05
2.47e-05;2.01e-05;1.4e-05;9.48e-06;0.000402018;0.000309995;6.95e-06
3.32e-05;2.71e-05;1.91e-05;1.3e-05;0.000411897;0.000354469;8.61e-06
2.62e-05;2.12e-05;1.5e-05;1.05e-05;0.000423809;0.000337236;7.54e-06
3.72e-05;3.11e-05;2.36e-05;1.79e-05;0.000626109;0.000490298;1.02e-05
2.79e-05;2.24e-05;1.55e-05;1.05e-05;0.000370336;0.000304837;7.73e-06
3.02e-05;2.48e-05;1.81e-05;1.31e-05;0.000473796;0.00039213;8.49e-06
2.9e-05;2.5e-05;2.03e-05;1.67e-05;0.000458273;0.000400392;7.45e-06
4.07e-05;3.36e-05;2.44e-05;1.73e-05;0.000610485;0.000482994;1.06e-05
2.82e-05;2.33e-05;1.73e-05;1.28e-05;0.000450734;0.000362842;7.84e-06
3.96e-05;3.4e-05;2.69e-05;2.14e-05;0.000698023;0.000594327;1.08e-05
3.07e-05;2.5e-05;1.76e-05;1.2e-05;0.000541316;0.000391423;8.16e-06
3.79e-05;3.12e-05;2.32e-05;1.74e-05;0.000571925;0.0004775;1.1e-05
2.64e-05;2.14e-05;1.5e-05;1.01e-05;0.000384649;0.000314821;6.96e-06
3.3e-05;2.76e-05;2.08e-05;1.56e-05;0.000477442;0.000405202;8.95e-06
3.1e-05;2.59e-05;1.94e-05;1.45e-05;0.000579797;0.00043478;8.75e-06
3.02e-05;2.52e-05;1.89e-05;1.42e-05;0.000535038;0.000408956;7.91e-06
3.71e-05;3.05e-05;2.23e-05;1.6e-05;0.000661885;0.000483466;9.78e-06
2.62e-05;2.25e-05;1.79e-05;1.45e-05;0.000496912;0.000403932;7.19e-06
2.59e-05;2.12e-05;1.55e-05;1.13e-05;0.000438329;0.000327001;7.55e-06
3.43e-05;2.78e-05;1.97e-05;1.37e-05;0.000585015;0.000449451;9.48e-06
3.21e-05;2.61e-05;1.87e-05;1.33e-05;0.000615473;0.00043411;9.53e-06
2.75e-05;2.25e-05;1.65e-05;1.22e-05;0.000495496;0.000383829;7.99e-06
3.85e-05;3.17e-05;2.32e-05;1.69e-05;0.000662322;0.000507142;1.08e-05
4.02e-05;3.46e-05;2.74e-05;2.17e-05;0.000714045;0.000567491;1.1e-05
3.03e-05;2.47e-05;1.76e-05;1.24e-05;0.000490762;0.000369522;8.29e-06
3.21e-05;2.75e-05;2.15e-05;1.69e-05;0.000464531;0.00040542;8.3e-06
3.01e-05;2.49e-05;1.81e-05;1.3e-05;0.000546507;0.000417715;8.42e-06
3.74e-05;3.03e-05;2.14e-05;1.48e-05;0.000542356;0.000441907;1.05e-05
3.23e-05;2.73e-05;2.11e-05;1.65e-05;0.00050003;0.000423164;9.06e-06
2.86e-05;2.4e-05;1.8e-05;1.32e-05;0.0004482;0.000356141;7.73e-06
3.08e-05;2.56e-05;1.9e-05;1.4e-05;0.000631038;0.000477986;8.89e-06
2.75e-05;2.32e-05;1.79e-05;1.4e-05;0.000483652;0.000393778;7.47e-06
3.67e-05;3.16e-05;2.52e-05;2.03e-05;0.000538909;0.000463096;9.96e-06
3.98e-05;3.37e-05;2.56e-05;1.92e-05;0.000657839;0.000542563;1.01e-05
3.21e-05;2.69e-05;2.04e-05;1.55e-05;0.000443598;0.000387307;8.29e-06
2.72e-05;2.23e-05;1.6e-05;1.11e-05;0.000481116;0.000353645;7.39e-06
3.13e-05;2.59e-05;1.88e-05;1.33e-05;0.00045871;0.000361836;8.31e-06
3.25e-05;2.62e-05;1.84e-05;1.26e-05;0.000594474;0.000435407;8.79e-06
2.62e-05;2.12e-05;1.5e-05;1.03e-05;0.000460799;0.000342957;7.07e-06
3.73e-05;3.05e-05;2.21e-05;1.58e-05;0.000640257;0.000467623;1.02e-05
3.28e-05;2.77e-05;2.1e-05;1.56e-05;0.000483164;0.000388364;8.59e-06
3.44e-05;2.74e-05;1.86e-05;1.22e-05;0.000582004;0.000437375;9.84e-06
2.96e-05;2.5e-05;1.94e-05;1.53e-05;0.000527686;0.000418724;8.27e-06
3.96e-05;3.5e-05;2.95e-05;2.55e-05;0.000619772;0.000553812;1.02e-05
3.21e-05;2.67e-05;1.96e-05;1.41e-05;0.000552224;0.000432433;8.8e-06
3.22e-05;2.63e-05;1.92e-05;1.41e-05;0.000513558;0.000413829;9.4e-06
2.74e-05;2.28e-05;1.66e-05;1.17e-05;0.000376814;0.000300829;7.32e-06
3.34e-05;2.85e-05;2.25e-05;1.81e-05;0.000474054;0.00041243;9.88e-06
3.26e-05;2.71e-05;2e-05;1.48e-05;0.000574564;0.000437402;9.49e-06
3.24e-05;2.64e-05;1.92e-05;1.42e-05;0.000462409;0.000377483;9.77e-06
3.14e-05;2.69e-05;2.15e-05;1.74e-05;0.000601172;0.000469496;8.45e-06
3.08e-05;2.54e-05;1.85e-05;1.3e-05;0.000596275;0.000430625;7.8e-06
3.12e-05;2.59e-05;1.95e-05;1.46e-05;0.000514824;0.00040585;8.74e-06
3.68e-05;2.97e-05;2.08e-05;1.41e-05;0.000584105;0.000438437;9.64e-06
3.32e-05;2.81e-05;2.12e-05;1.58e-05;0.000574375;0.000457326;8.92e-06
2.45e-05;2.04e-05;1.51e-05;1.1e-05;0.000341366;0.000280747;6.92e-06
3.38e-05;2.8e-05;2.08e-05;1.55e-05;0.000542533;0.00043112;9.37e-06
3.78e-05;3.18e-05;2.41e-05;1.83e-05;0.000537006;0.000461991;1.04e-05
3.73e-05;3.05e-05;2.2e-05;1.57e-05;0.000754691;0.000540198;9.76e-06
3.76e-05;3.12e-05;2.28e-05;1.62e-05;0.000547526;0.000432147;9.83e-06
3.1e-05;2.59e-05;1.93e-05;1.41e-05;0.000568456;0.000427807;7.91e-06
2.53e-05;2.09e-05;1.54e-05;1.13e-05;0.000493759;0.00035974;7.24e-06
2.65e-05;2.19e-05;1.61e-05;1.16e-05;0.00048411;0.000360832;6.99e-06
2.61e-05;2.16e-05;1.6e-05;1.18e-05;0.000499141;0.000359274;7.08e-06
2.65e-05;2.22e-05;1.71e-05;1.33e-05;0.000488118;0.000364778;7.41e-06
2.69e-05;2.28e-05;1.76e-05;1.37e-05;0.000365782;0.000319203;7.22e-06
3.5e-05;2.97e-05;2.32e-05;1.84e-05;0.000663155;0.000527316;9.64e-06
3.28e-05;2.71e-05;2.02e-05;1.51e-05;0.000489868;0.000397513;8.68e-06
3.38e-05;2.86e-05;2.19e-05;1.68e-05;0.000624073;0.000488322;8.92e-06
2.78e-05;2.26e-05;1.63e-05;1.18e-05;0.000461247;0.000341314;8.18e-06
2.78e-05;2.31e-05;1.72e-05;1.28e-05;0.00052065;0.000374912;7.27e-06
2.74e-05;2.28e-05;1.71e-05;1.27e-05;0.000519563;0.000385702;7.41e-06
2.4e-05;1.97e-05;1.44e-05;1.05e-05;0.000375656;0.000292879;6.88e-06
3.77e-05;3.12e-05;2.29e-05;1.65e-05;0.000595387;0.000489642;9.59e-06
3.1e-05;2.57e-05;1.89e-05;1.38e-05;0.000553231;0.00040799;8.55e-06
2.64e-05;2.18e-05;1.61e-05;1.18e-05;0.000417579;0.000347007;7.49e-06
2.56e-05;2.14e-05;1.62e-05;1.23e-05;0.00034114;0.000284494;7.03e-06
4.17e-05;3.62e-05;2.93e-05;2.39e-05;0.000636104;0.000569312;1.05e-05
2.69e-05;2.13e-05;1.45e-05;9.42e-06;0.000463436;0.000331297;7.87e-06
2.48e-05;2.1e-05;1.64e-05;1.3e-05;0.000378616;0.000329315;7.37e-06
3.85e-05;3.24e-05;2.49e-05;1.9e-05;0.000640688;0.000514498;9.97e-06
3.2e-05;2.69e-05;2.07e-05;1.61e-05;0.000604744;0.000471741;8.83e-06
3.34e-05;2.73e-05;2e-05;1.46e-05;0.000628814;0.000448636;9.66e-06
3.65e-05;2.99e-05;2.19e-05;1.62e-05;0.000664307;0.000514112;1.03e-05
3.33e-05;2.82e-05;2.18e-05;1.71e-05;0.000495239;0.000441279;9.24e-06
3.88e-05;3.38e-05;2.76e-05;2.27e-05;0.000711164;0.000584849;9.94e-06
2.88e-05;2.45e-05;1.91e-05;1.52e-05;0.000431554;0.000375381;7.54e-06
2.87e-05;2.42e-05;1.87e-05;1.45e-05;0.000424158;0.000372932;7.62e-06
3.59e-05;3.08e-05;2.47e-05;2.03e-05;0.000648141;0.000541407;9.96e-06
2.47e-05;2.05e-05;1.51e-05;1.11e-05;0.000411158;0.00031993;7e-06
3.35e-05;2.73e-05;1.99e-05;1.47e-05;0.000579866;0.000461917;9.54e-06
3.42e-05;2.87e-05;2.16e-05;1.61e-05;0.000585434;0.000475861;8.91e-06
3.02e-05;2.5e-05;1.84e-05;1.33e-05;0.000483474;0.00038345;7.72e-06
3.08e-05;2.48e-05;1.72e-05;1.13e-05;0.000446507;0.000360068;8.39e-06
3.73e-05;3.16e-05;2.43e-05;1.84e-05;0.000585397;0.000468833;9.81e-06
3.5e-05;2.95e-05;2.3e-05;1.81e-05;0.000646515;0.000485823;9.44e-06
3.68e-05;3.09e-05;2.35e-05;1.79e-05;0.000480158;0.000428662;9.45e-06
3.86e-05;3.26e-05;2.53e-05;1.98e-05;0.000587808;0.000499016;1.03e-05
2.67e-05;2.18e-05;1.55e-05;1.08e-05;0.000454385;0.000337186;7.47e-06
4.37e-05;3.55e-05;2.48e-05;1.67e-05;0.000876527;0.000599416;1.11e-05
3.33e-05;2.69e-05;1.88e-05;1.26e-05;0.000544872;0.000405102;8.86e-06
4.09e-05;3.35e-05;2.41e-05;1.7e-05;0.000694879;0.000520944;1.08e-05
3.11e-05;2.6e-05;1.98e-05;1.51e-05;0.000580204;0.000433926;8.29e-06
3.83e-05;3.22e-05;2.45e-05;1.88e-05;0.000677994;0.000540967;1.05e-05
3.01e-05;2.46e-05;1.78e-05;1.27e-05;0.000528673;0.000408169;8.73e-06
3.47e-05;2.93e-05;2.23e-05;1.68e-05;0.000583521;0.000455306;8.71e-06
2.85e-05;2.38e-05;1.76e-05;1.29e-05;0.000567594;0.000426044;7.89e-06
4.12e-05;3.55e-05;2.81e-05;2.24e-05;0.000796085;0.000635239;1.07e-05
3.32e-05;2.76e-05;2.07e-05;1.55e-05;0.000607738;0.000481285;8.79e-06
2.87e-05;2.43e-05;1.88e-05;1.46e-05;0.000477849;0.00037598;7.69e-06
4.33e-05;3.55e-05;2.54e-05;1.78e-05;0.000651667;0.000524442;1.14e-05
2.83e-05;2.42e-05;1.92e-05;1.54e-05;0.000487754;0.000386124;7.84e-06
3.11e-05;2.53e-05;1.78e-05;1.2e-05;0.000593874;0.000429072;8.08e-06
3.43e-05;2.84e-05;2.08e-05;1.47e-05;0.000538822;0.000422052;8.82e-06
3.29e-05;2.72e-05;2.01e-05;1.48e-05;0.000483608;0.000405137;8.96e-06
2.99e-05;2.39e-05;1.64e-05;1.08e-05;0.000501894;0.000363094;8.74e-06
2.73e-05;2.29e-05;1.73e-05;1.31e-05;0.000446864;0.000348749;7.23e-06
2.9e-05;2.34e-05;1.66e-05;1.15e-05;0.000448694;0.000341458;8.09e-06
2.98e-05;2.47e-05;1.83e-05;1.31e-05;0.000484222;0.000353746;7.75e-06
3.26e-05;2.71e-05;2.01e-05;1.48e-05;0.000496277;0.00040398;8.43e-06
2.94e-05;2.41e-05;1.72e-05;1.19e-05;0.000456559;0.000352316;7.9e-06
4.03e-05;3.44e-05;2.66e-05;2.04e-05;0.000612386;0.000500315;1.04e-05
3.16e-05;2.59e-05;1.84e-05;1.28e-05;0.000476265;0.000371744;8.85e-06
3.78e-05;3.28e-05;2.7e-05;2.28e-05;0.00072683;0.000604003;1.06e-05
2.8e-05;2.3e-05;1.65e-05;1.14e-05;0.000396461;0.000308551;7.45e-06
3.97e-05;3.29e-05;2.45e-05;1.82e-05;0.00073427;0.000545067;1.01e-05
3.42e-05;2.8e-05;2.07e-05;1.55e-05;0.000635671;0.000500104;9.67e-06
3.6e-05;2.99e-05;2.21e-05;1.62e-05;0.000707898;0.000530148;9.63e-06
2.79e-05;2.28e-05;1.66e-05;1.2e-05;0.000447126;0.000348833;7.32e-06
3.67e-05;3.06e-05;2.32e-05;1.77e-05;0.000595975;0.000497557;1.01e-05
2.45e-05;1.99e-05;1.44e-05;1.05e-05;0.000471656;0.000334758;7.1e-06
3.74e-05;2.98e-05;2.04e-05;1.36e-05;0.000571462;0.000431017;1.09e-05
2.99e-05;2.52e-05;1.95e-05;1.54e-05;0.000505924;0.000427735;8.3e-06
3.4e-05;2.78e-05;1.97e-05;1.35e-05;0.000422773;0.000370567;8.73e-06
3.81e-05;3.24e-05;2.54e-05;2e-05;0.000597603;0.000507536;9.68e-06
2.73e-05;2.31e-05;1.78e-05;1.38e-05;0.000502504;0.000381069;7.37e-06
3.37e-05;2.93e-05;2.41e-05;2.03e-05;0.00057802;0.000485443;9.21e-06
2.94e-05;2.54e-05;2.01e-05;1.61e-05;0.000507679;0.000440723;7.5e-06
3.56e-05;2.9e-05;2.08e-05;1.47e-05;0.000655968;0.000485466;9.44e-06
2.55e-05;2.11e-05;1.61e-05;1.24e-05;0.000483874;0.000352988;7.49e-06
4e-05;3.34e-05;2.49e-05;1.83e-05;0.00063843;0.0005127;1.04e-05
3.05e-05;2.62e-05;2.08e-05;1.65e-05;0.000463211;0.000380037;8.04e-06
3.83e-05;3.14e-05;2.29e-05;1.64e-05;0.000623467;0.000476947;1.05e-05
2.68e-05;2.22e-05;1.63e-05;1.19e-05;0.000383944;0.000328627;7.22e-06
2.62e-05;2.15e-05;1.58e-05;1.15e-05;0.00049612;0.000361644;7.23e-06
2.78e-05;2.25e-05;1.56e-05;1.04e-05;0.00037107;0.000301311;7.53e-06
2.46e-05;1.98e-05;1.37e-05;9.32e-06;0.000474914;0.000343794;7.13e-06
3.39e-05;2.75e-05;1.95e-05;1.35e-05;0.000649901;0.000465653;9.82e-06
3.14e-05;2.62e-05;1.97e-05;1.49e-05;0.000575895;0.000445339;8.69e-06
3.35e-05;2.83e-05;2.21e-05;1.75e-05;0.000567851;0.000454936;9.19e-06
3.05e-05;2.47e-05;1.73e-05;1.16e-05;0.000535855;0.000400597;8.36e-06
2.97e-05;2.42e-05;1.7e-05;1.14e-05;0.000400342;0.000321105;8.08e-06
2.47e-05;2.03e-05;1.5e-05;1.1e-05;0.00033557;0.000286762;6.99e-06
4.03e-05;3.4e-05;2.63e-05;2.06e-05;0.000680752;0.000575465;1.06e-05
3.6e-05;2.89e-05;2e-05;1.35e-05;0.000582605;0.000440788;1.04e-05
3.43e-05;2.86e-05;2.18e-05;1.7e-05;0.000590627;0.000476606;1.02e-05
3.81e-05;3.12e-05;2.22e-05;1.53e-05;0.000702188;0.000525413;1.03e-05
3.89e-05;3.32e-05;2.6e-05;2.04e-05;0.000654001;0.000517253;1.05e-05
3.65e-05;3e-05;2.18e-05;1.58e-05;0.000629713;0.000479296;1.03e-05
3.75e-05;3.13e-05;2.32e-05;1.69e-05;0.000549822;0.000441045;1.03e-05
3.47e-05;2.89e-05;2.17e-05;1.65e-05;0.000686427;0.00050571;9.16e-06
3.31e-05;2.71e-05;1.95e-05;1.39e-05;0.000501247;0.000417122;8.78e-06
3.36e-05;2.77e-05;2.03e-05;1.46e-05;0.000483641;0.000404957;9.36e-06
2.62e-05;2.24e-05;1.78e-05;1.41e-05;0.000449949;0.000379652;6.99e-06
2.98e-05;2.5e-05;1.92e-05;1.49e-05;0.000528091;0.000428856;9.07e-06
3.85e-05;3.18e-05;2.34e-05;1.71e-05;0.000715814;0.000514589;1.07e-05
3.62e-05;3.07e-05;2.37e-05;1.8e-05;0.000520346;0.000430075;9.8e-06
2.74e-05;2.31e-05;1.74e-05;1.3e-05;0.000407833;0.000328569;7.2e-06
3.23e-05;2.67e-05;1.98e-05;1.45e-05;0.000448434;0.000368454;8.47e-06
3.26e-05;2.63e-05;1.84e-05;1.24e-05;0.000490476;0.000383977;8.97e-06
3.2e-05;2.56e-05;1.8e-05;1.26e-05;0.000417646;0.000345712;9.64e-06
3.87e-05;3.25e-05;2.44e-05;1.81e-05;0.000624199;0.000514982;1.01e-05
3.79e-05;3.21e-05;2.45e-05;1.86e-05;0.000623877;0.000516581;1.03e-05
2.81e-05;2.3e-05;1.66e-05;1.19e-05;0.000479895;0.000376288;7.78e-06
3e-05;2.46e-05;1.79e-05;1.28e-05;0.000453784;0.000353777;8.14e-06
2.89e-05;2.41e-05;1.78e-05;1.28e-05;0.000533406;0.000396361;8.02e-06
2.76e-05;2.29e-05;1.67e-05;1.19e-05;0.000525069;0.000384212;7.14e-06
2.62e-05;2.29e-05;1.88e-05;1.58e-05;0.000420421;0.000363488;7.1e-06
3.33e-05;2.74e-05;2e-05;1.45e-05;0.0004943;0.000408073;8.56e-06
4.32e-05;3.63e-05;2.77e-05;2.11e-05;0.00079199;0.000609191;1.12e-05
3.39e-05;2.81e-05;2.08e-05;1.55e-05;0.000541486;0.000424651;8.99e-06
2.96e-05;2.44e-05;1.79e-05;1.28e-05;0.00045794;0.000345228;8.11e-06
2.76e-05;2.31e-05;1.75e-05;1.33e-05;0.000486206;0.000381918;7.74e-06
3.13e-05;2.66e-05;2.11e-05;1.7e-05;0.000595248;0.000470132;8.52e-06
4.04e-05;3.31e-05;2.37e-05;1.65e-05;0.000607985;0.000499942;1.09e-05
3.27e-05;2.76e-05;2.14e-05;1.68e-05;0.000566848;0.000453727;9.17e-06
3.76e-05;2.97e-05;2.01e-05;1.31e-05;0.000622519;0.000449038;1.06e-05
2.54e-05;2.07e-05;1.46e-05;1.01e-05;0.000404187;0.000314937;7.13e-06
2.94e-05;2.44e-05;1.83e-05;1.38e-05;0.000521293;0.000390109;7.86e-06
3.31e-05;2.84e-05;2.25e-05;1.81e-05;0.000601964;0.000495087;8.85e-06
3.13e-05;2.53e-05;1.8e-05;1.25e-05;0.000537687;0.000417;8.76e-06
4.1e-05;3.37e-05;2.41e-05;1.65e-05;0.000562911;0.000440471;1.07e-05
3.52e-05;2.89e-05;2.08e-05;1.46e-05;0.000484969;0.000393611;9.49e-06
3.52e-05;2.83e-05;1.98e-05;1.35e-05;0.000536833;0.000433103;9.85e-06
4.3e-05;3.58e-05;2.64e-05;1.9e-05;0.000745156;0.000602303;1.1e-05
3.36e-05;2.81e-05;2.11e-05;1.58e-05;0.000551711;0.000453915;8.65e-06
3.12e-05;2.55e-05;1.81e-05;1.24e-05;0.000452157;0.000359645;8.34e-06
4.08e-05;3.25e-05;2.19e-05;1.38e-05;0.000666737;0.000473334;1.11e-05
3.06e-05;2.52e-05;1.87e-05;1.4e-05;0.00048827;0.000372288;8.75e-06
3.36e-05;2.87e-05;2.25e-05;1.79e-05;0.00052799;0.000460254;8.91e-06
3.05e-05;2.46e-05;1.73e-05;1.2e-05;0.000571453;0.000414526;8.74e-06
3.66e-05;3.14e-05;2.49e-05;2e-05;0.000648679;0.000527434;9.6e-06
2.72e-05;2.31e-05;1.8e-05;1.4e-05;0.00042057;0.000343301;7.25e-06
2.79e-05;2.31e-05;1.7e-05;1.23e-05;0.000507615;0.000375971;7.94e-06
3.36e-05;2.84e-05;2.19e-05;1.7e-05;0.000570802;0.00048267;9.26e-06
3.12e-05;2.6e-05;1.92e-05;1.4e-05;0.000600109;0.000465809;8.11e-06
3.17e-05;2.56e-05;1.82e-05;1.28e-05;0.000555133;0.000423957;9.09e-06
2.53e-05;2.12e-05;1.64e-05;1.29e-05;0.000494067;0.000361655;7.06e-06
2.8e-05;2.35e-05;1.81e-05;1.4e-05;0.00050824;0.000385205;8e-06
3.49e-05;2.84e-05;2e-05;1.37e-05;0.000426492;0.000359621;9.48e-06
3.49e-05;2.95e-05;2.28e-05;1.77e-05;0.000522365;0.000446432;1e-05
3.78e-05;3.15e-05;2.38e-05;1.81e-05;0.00061178;0.000513481;1.09e-05
3.13e-05;2.65e-05;2.05e-05;1.6e-05;0.000464829;0.00039513;8.98e-06
3.88e-05;3.27e-05;2.5e-05;1.93e-05;0.000593922;0.000495748;1.02e-05
2.29e-05;1.81e-05;1.24e-05;8.27e-06;0.000370592;0.000269222;6.87e-06
3.25e-05;2.77e-05;2.14e-05;1.63e-05;0.00056207;0.000458633;8.6e-06
2.53e-05;2.1e-05;1.58e-05;1.18e-05;0.00044548;0.000343867;7.29e-06
2.7e-05;2.32e-05;1.87e-05;1.54e-05;0.000464294;0.000400507;7.5e-06
3.4e-05;2.78e-05;2.01e-05;1.43e-05;0.00060354;0.000457782;9.62e-06
3.55e-05;3e-05;2.29e-05;1.74e-05;0.00065288;0.000522212;9.29e-06
3.08e-05;2.51e-05;1.76e-05;1.2e-05;0.000540366;0.000402323;8.72e-06
4.04e-05;3.3e-05;2.38e-05;1.69e-05;0.000704142;0.000542902;1.06e-05
3.78e-05;3.1e-05;2.21e-05;1.54e-05;0.000555261;0.000460258;1.07e-05
3.21e-05;2.64e-05;1.89e-05;1.32e-05;0.000592796;0.000434746;8.66e-06
3.83e-05;3.11e-05;2.19e-05;1.48e-05;0.000585684;0.000450112;1.04e-05
4.31e-05;3.57e-05;2.64e-05;1.94e-05;0.000770326;0.000587974;1.11e-05
2.51e-05;2.03e-05;1.42e-05;9.64e-06;0.000371387;0.000295642;7.41e-06
3.03e-05;2.46e-05;1.74e-05;1.2e-05;0.000575359;0.000430653;8.38e-06
4.01e-05;3.3e-05;2.44e-05;1.82e-05;0.000581651;0.000483877;1.07e-05
4.12e-05;3.48e-05;2.69e-05;2.1e-05;0.000770273;0.000590324;1.05e-05
3.17e-05;2.64e-05;1.94e-05;1.39e-05;0.000470411;0.00037405;8.35e-06
3.66e-05;3.07e-05;2.37e-05;1.86e-05;0.000658713;0.00053712;9.6e-06
2.74e-05;2.29e-05;1.72e-05;1.29e-05;0.000475465;0.000365318;7.73e-06
2.41e-05;2.05e-05;1.62e-05;1.3e-05;0.00044387;0.000347934;7.03e-06
2.99e-05;2.53e-05;1.97e-05;1.55e-05;0.000442201;0.000382089;8.22e-06
3.34e-05;2.76e-05;2.04e-05;1.51e-05;0.000672789;0.000483744;9.13e-06
2.85e-05;2.29e-05;1.58e-05;1.05e-05;0.000397155;0.000317086;7.89e-06
3.73e-05;3.14e-05;2.36e-05;1.76e-05;0.000745128;0.000547044;9.6e-06
2.48e-05;2.04e-05;1.5e-05;1.12e-05;0.000452054;0.000351923;7.1e-06
2.6e-05;2.18e-05;1.66e-05;1.27e-05;0.000449344;0.000350923;7.33e-06
2.81e-05;2.3e-05;1.67e-05;1.2e-05;0.000444516;0.000351227;7.73e-06
2.68e-05;2.27e-05;1.76e-05;1.38e-05;0.000417915;0.000344357;7.33e-06
3.3e-05;2.76e-05;2.09e-05;1.6e-05;0.000565264;0.000451356;9.49e-06
2.83e-05;2.32e-05;1.7e-05;1.22e-05;0.000440193;0.00035514;7.83e-06
3.42e-05;2.81e-05;2.06e-05;1.52e-05;0.00056264;0.000426742;9.43e-06
3.75e-05;3.08e-05;2.21e-05;1.55e-05;0.000531612;0.000443119;9.98e-06
3.69e-05;3.07e-05;2.29e-05;1.7e-05;0.000644879;0.000511641;1.06e-05
3.29e-05;2.79e-05;2.19e-05;1.74e-05;0.000610584;0.000469558;1.01e-05
3.32e-05;2.68e-05;1.86e-05;1.24e-05;0.000573486;0.00042402;9.44e-06
2.75e-05;2.3e-05;1.73e-05;1.3e-05;0.000452832;0.000364464;7.16e-06
3.72e-05;3.15e-05;2.42e-05;1.86e-05;0.000622565;0.00052152;1.01e-05
4.37e-05;3.66e-05;2.71e-05;1.97e-05;0.000798621;0.000630189;1.11e-05
3.36e-05;2.7e-05;1.87e-05;1.27e-05;0.000496519;0.000379162;1.01e-05
2.81e-05;2.37e-05;1.82e-05;1.41e-05;0.000465683;0.000376473;7.66e-06
3.4e-05;2.97e-05;2.44e-05;2.04e-05;0.000494478;0.000437972;9.07e-06
2.92e-05;2.51e-05;2e-05;1.62e-05;0.000519024;0.000423075;8.07e-06
3.71e-05;3.12e-05;2.36e-05;1.8e-05;0.000662027;0.000536997;1.06e-05
2.86e-05;2.41e-05;1.85e-05;1.42e-05;0.000516904;0.000412923;7.47e-06
3.62e-05;3.01e-05;2.21e-05;1.61e-05;0.00060623;0.000486792;1.01e-05
3.83e-05;3.3e-05;2.67e-05;2.2e-05;0.000714354;0.000559542;1.05e-05
3.38e-05;2.75e-05;1.95e-05;1.36e-05;0.000510269;0.000402443;9.11e-06
4.04e-05;3.38e-05;2.59e-05;2e-05;0.000623806;0.000503541;1.05e-05
3.03e-05;2.51e-05;1.86e-05;1.37e-05;0.000561724;0.00043369;8.48e-06
2.34e-05;1.93e-05;1.41e-05;1.03e-05;0.00038341;0.000314537;7.07e-06
4.31e-05;3.62e-05;2.75e-05;2.05e-05;0.000794765;0.000583296;1.11e-05
2.42e-05;2e-05;1.47e-05;1.07e-05;0.000389993;0.000303898;6.75e-06
2.79e-05;2.22e-05;1.5e-05;9.59e-06;0.000427299;0.000333024;7.46e-06
2.31e-05;1.86e-05;1.31e-05;9.13e-06;0.000382739;0.000292419;6.78e-06
3.88e-05;3.28e-05;2.51e-05;1.92e-05;0.000622829;0.000521753;1.1e-05
2.74e-05;2.25e-05;1.63e-05;1.16e-05;0.000498481;0.000379729;7.58e-06
2.44e-05;2.01e-05;1.49e-05;1.12e-05;0.000447785;0.000351087;6.86e-06
4.06e-05;3.38e-05;2.51e-05;1.85e-05;0.000724877;0.000548994;1.06e-05
2.8e-05;2.28e-05;1.61e-05;1.12e-05;0.00050918;0.000359334;8e-06
2.95e-05;2.49e-05;1.9e-05;1.46e-05;0.000527229;0.000437122;8e-06
2.73e-05;2.27e-05;1.68e-05;1.22e-05;0.00039368;0.000315582;7.57e-06
3.65e-05;3.09e-05;2.39e-05;1.88e-05;0.000569021;0.000496555;1.03e-05
4.11e-05;3.51e-05;2.78e-05;2.24e-05;0.00067307;0.000557282;1.12e-05
3.1e-05;2.54e-05;1.83e-05;1.28e-05;0.000540608;0.000410695;7.94e-06
3.32e-05;2.77e-05;2.08e-05;1.56e-05;0.000554098;0.000442032;9.33e-06
3.07e-05;2.55e-05;1.89e-05;1.41e-05;0.000594363;0.000461996;8.27e-06
4.14e-05;3.5e-05;2.72e-05;2.14e-05;0.000717519;0.000589988;1.09e-05
2.82e-05;2.35e-05;1.75e-05;1.31e-05;0.000457835;0.000380197;7.51e-06
3.69e-05;3.11e-05;2.33e-05;1.71e-05;0.000561854;0.000474804;9.5e-06
3.08e-05;2.56e-05;1.91e-05;1.41e-05;0.000578784;0.00043916;8.1e-06
3.83e-05;3.17e-05;2.35e-05;1.74e-05;0.000558939;0.000465417;1.02e-05
3.79e-05;2.99e-05;1.99e-05;1.26e-05;0.000584726;0.000448764;1.06e-05
2.95e-05;2.35e-05;1.6e-05;1.02e-05;0.000521539;0.00039116;8.06e-06
3.81e-05;3.11e-05;2.23e-05;1.54e-05;0.000713486;0.000527465;9.99e-06
2.84e-05;2.45e-05;1.98e-05;1.62e-05;0.000460267;0.000401634;7.57e-06
3.71e-05;3.07e-05;2.29e-05;1.73e-05;0.000643191;0.000520248;1.04e-05
3.79e-05;3.23e-05;2.53e-05;1.98e-05;0.000668472;0.000510958;9.89e-06
2.72e-05;2.22e-05;1.6e-05;1.14e-05;0.000475625;0.000348658;7.77e-06
2.51e-05;2.05e-05;1.48e-05;1.06e-05;0.000408587;0.000313716;6.87e-06
3.83e-05;3.15e-05;2.29e-05;1.64e-05;0.000667737;0.000499881;1.08e-05
4.39e-05;3.7e-05;2.82e-05;2.15e-05;0.000812456;0.000634178;1.15e-05
3.39e-05;2.86e-05;2.21e-05;1.71e-05;0.000605058;0.000488159;8.64e-06
2.42e-05;1.96e-05;1.41e-05;1.01e-05;0.00038981;0.000308951;7.3e-06
2.63e-05;2.14e-05;1.52e-05;1.06e-05;0.000399432;0.000306979;7.47e-06
3.17e-05;2.63e-05;1.94e-05;1.42e-05;0.00055475;0.000436402;8.78e-06
3.5e-05;2.89e-05;2.14e-05;1.61e-05;0.000574207;0.000470939;1e-05
3.03e-05;2.5e-05;1.81e-05;1.28e-05;0.000430507;0.00035006;7.84e-06
3.52e-05;3.06e-05;2.49e-05;2.07e-05;0.000494236;0.000449056;9.3e-06
2.92e-05;2.48e-05;1.94e-05;1.53e-05;0.00053628;0.000413305;7.31e-06
3.07e-05;2.55e-05;1.88e-05;1.37e-05;0.000473814;0.000393434;8.12e-06
3.94e-05;3.32e-05;2.51e-05;1.89e-05;0.000712359;0.000574878;1.11e-05
2.81e-05;2.33e-05;1.7e-05;1.21e-05;0.000470838;0.000363228;7.59e-06
4.22e-05;3.54e-05;2.71e-05;2.07e-05;0.000704314;0.000545046;1.1e-05
2.89e-05;2.32e-05;1.61e-05;1.07e-05;0.000541454;0.00037814;8.23e-06
3.44e-05;2.91e-05;2.24e-05;1.74e-05;0.000497602;0.000415507;9.73e-06
3.15e-05;2.7e-05;2.15e-05;1.73e-05;0.000471866;0.000402753;8.51e-06
3.4e-05;2.86e-05;2.15e-05;1.6e-05;0.000591888;0.000469713;8.71e-06
2.79e-05;2.35e-05;1.8e-05;1.39e-05;0.000483423;0.000386095;7.48e-06
3.36e-05;2.85e-05;2.2e-05;1.71e-05;0.000591791;0.000455771;9.31e-06
2.84e-05;2.37e-05;1.74e-05;1.25e-05;0.000405514;0.000336497;7.15e-06
3.2e-05;2.56e-05;1.8e-05;1.26e-05;0.00052954;0.000401547;9.26e-06
3.61e-05;2.88e-05;1.97e-05;1.29e-05;0.00052699;0.000408538;1.08e-05
2.97e-05;2.47e-05;1.85e-05;1.39e-05;0.000505525;0.000410653;7.89e-06
3.72e-05;3.07e-05;2.23e-05;1.58e-05;0.000620389;0.000490256;9.65e-06
2.66e-05;2.21e-05;1.61e-05;1.15e-05;0.000436204;0.000338324;7.52e-06
3.1e-05;2.52e-05;1.79e-05;1.23e-05;0.00049097;0.000369667;8.4e-06
2.86e-05;2.4e-05;1.83e-05;1.42e-05;0.000439687;0.000358129;7.85e-06
3.75e-05;3.12e-05;2.3e-05;1.66e-05;0.000575101;0.000465934;1e-05
3.03e-05;2.65e-05;2.18e-05;1.82e-05;0.00043725;0.000387801;7.58e-06
3.53e-05;3.04e-05;2.42e-05;1.93e-05;0.000560644;0.000471493;9.46e-06
3.88e-05;3.22e-05;2.42e-05;1.83e-05;0.000706554;0.000555293;1.07e-05
3.08e-05;2.62e-05;2.03e-05;1.59e-05;0.000600396;0.000465989;8.07e-06
2.94e-05;2.49e-05;1.97e-05;1.58e-05;0.000420675;0.000366824;7.96e-06
2.73e-05;2.24e-05;1.64e-05;1.21e-05;0.000425454;0.000342262;8.27e-06
2.98e-05;2.53e-05;1.95e-05;1.51e-05;0.000482245;0.000393457;7.63e-06
2.51e-05;2.06e-05;1.5e-05;1.08e-05;0.000443321;0.000336208;7.16e-06
3.32e-05;2.86e-05;2.29e-05;1.85e-05;0.000607736;0.000495331;9.07e-06
2.57e-05;2.11e-05;1.54e-05;1.13e-05;0.000480395;0.000358845;7.39e-06
4.35e-05;3.79e-05;3.11e-05;2.58e-05;0.000892424;0.000712888;1.11e-05
2.83e-05;2.29e-05;1.6e-05;1.1e-05;0.000470158;0.000368797;8.18e-06
3.46e-05;2.93e-05;2.25e-05;1.73e-05;0.000568065;0.000455395;8.97e-06
3.78e-05;3.13e-05;2.33e-05;1.72e-05;0.000582291;0.000464795;1.01e-05
3.93e-05;3.26e-05;2.4e-05;1.76e-05;0.000625313;0.000495331;1.06e-05
2.8e-05;2.3e-05;1.66e-05;1.17e-05;0.000436428;0.000347381;7.65e-06
3.3e-05;2.69e-05;1.92e-05;1.33e-05;0.000542715;0.000410192;9.13e-06
3.89e-05;3.17e-05;2.23e-05;1.52e-05;0.000516368;0.000431537;9.89e-06
3.48e-05;2.97e-05;2.32e-05;1.84e-05;0.000522731;0.000468308;9.52e-06
2.78e-05;2.33e-05;1.81e-05;1.43e-05;0.000475409;0.000378675;7.76e-06
3.3e-05;2.76e-05;2.06e-05;1.51e-05;0.000513684;0.000411546;8.57e-06
2.77e-05;2.32e-05;1.77e-05;1.36e-05;0.000470105;0.00037637;7.34e-06
2.98e-05;2.43e-05;1.76e-05;1.27e-05;0.000521988;0.000404612;7.89e-06
3.02e-05;2.55e-05;1.97e-05;1.54e-05;0.000504081;0.000402978;8.94e-06
3.74e-05;3.09e-05;2.28e-05;1.69e-05;0.000655931;0.000518197;1e-05
3.3e-05;2.78e-05;2.11e-05;1.58e-05;0.000565392;0.000470569;8.51e-06
2.87e-05;2.42e-05;1.87e-05;1.46e-05;0.000497127;0.000393412;7.7e-06
3.85e-05;3.23e-05;2.47e-05;1.91e-05;0.000692685;0.000555781;1.11e-05
3.67e-05;2.99e-05;2.14e-05;1.5e-05;0.000655931;0.000498982;9.74e-06
2.95e-05;2.45e-05;1.8e-05;1.3e-05;0.000502267;0.000405625;8.34e-06
3.45e-05;2.87e-05;2.15e-05;1.63e-05;0.000494981;0.000402137;9.81e-06
3.63e-05;3.01e-05;2.22e-05;1.61e-05;0.000565223;0.000452167;9.71e-06
3.83e-05;3.16e-05;2.32e-05;1.68e-05;0.000529274;0.000445992;1.03e-05
3.06e-05;2.44e-05;1.68e-05;1.13e-05;0.000503865;0.000389878;9.11e-06
3.39e-05;2.88e-05;2.23e-05;1.75e-05;0.00056255;0.00046809;9.6e-06
3.59e-05;2.98e-05;2.21e-05;1.61e-05;0.000524106;0.00042727;9.63e-06
3.28e-05;2.73e-05;2.06e-05;1.57e-05;0.000527435;0.000430082;8.87e-06
2.89e-05;2.41e-05;1.78e-05;1.29e-05;0.000458489;0.000378318;7.52e-06
3.85e-05;3.29e-05;2.57e-05;2.03e-05;0.000584353;0.000498358;1.02e-05
3.58e-05;2.98e-05;2.22e-05;1.62e-05;0.000643557;0.000505285;1.06e-05
2.62e-05;2.14e-05;1.54e-05;1.09e-05;0.00046345;0.000349448;7.45e-06
2.48e-05;2.01e-05;1.44e-05;1.05e-05;0.000398434;0.000305265;7.41e-06
3.09e-05;2.55e-05;1.86e-05;1.31e-05;0.000562551;0.000409499;8.39e-06
3.66e-05;3.08e-05;2.33e-05;1.76e-05;0.000636971;0.000505563;9.63e-06
2.73e-05;2.3e-05;1.76e-05;1.33e-05;0.000461203;0.00035698;7.36e-06
3.05e-05;2.59e-05;2.02e-05;1.6e-05;0.000549934;0.00045148;8.54e-06
2.71e-05;2.17e-05;1.5e-05;1.01e-05;0.000409263;0.000314597;8.1e-06
3.78e-05;3.18e-05;2.42e-05;1.85e-05;0.000620368;0.000491585;1.02e-05
3.5e-05;2.97e-05;2.3e-05;1.79e-05;0.000595253;0.000487491;9.58e-06
3.16e-05;2.54e-05;1.76e-05;1.16e-05;0.000415004;0.000326134;8.81e-06
2.97e-05;2.43e-05;1.74e-05;1.21e-05;0.000429061;0.000334172;8.37e-06
3.33e-05;2.82e-05;2.17e-05;1.66e-05;0.000606491;0.000489914;8.76e-06
3.15e-05;2.63e-05;1.96e-05;1.44e-05;0.00060452;0.000445558;8.21e-06
2.85e-05;2.41e-05;1.87e-05;1.46e-05;0.000535893;0.000429941;7.75e-06
2.9e-05;2.46e-05;1.91e-05;1.51e-05;0.000570359;0.00043446;8.04e-06
2.95e-05;2.46e-05;1.84e-05;1.36e-05;0.000486573;0.000383383;7.91e-06
3.38e-05;2.82e-05;2.13e-05;1.63e-05;0.000483557;0.000405939;9.74e-06
3.61e-05;3e-05;2.22e-05;1.6e-05;0.000538508;0.000429516;9.73e-06
3.07e-05;2.6e-05;2e-05;1.52e-05;0.000463296;0.000385826;8.34e-06
2.89e-05;2.36e-05;1.71e-05;1.22e-05;0.00039455;0.000315522;7.89e-06
3.37e-05;2.74e-05;1.95e-05;1.36e-05;0.000615554;0.000465118;9.55e-06
2.97e-05;2.49e-05;1.93e-05;1.52e-05;0.000464615;0.000391906;8.33e-06
3.52e-05;2.99e-05;2.34e-05;1.86e-05;0.000533735;0.000449097;1e-05
2.85e-05;2.37e-05;1.76e-05;1.31e-05;0.000416415;0.00035391;7.88e-06
2.97e-05;2.52e-05;1.97e-05;1.57e-05;0.000541849;0.000420648;8.24e-06
3.13e-05;2.6e-05;1.92e-05;1.4e-05;0.000584777;0.000424971;7.92e-06
4.09e-05;3.32e-05;2.31e-05;1.54e-05;0.00059999;0.00046888;1.08e-05
2.72e-05;2.23e-05;1.65e-05;1.23e-05;0.000397433;0.000321652;7.78e-06
2.84e-05;2.31e-05;1.6e-05;1.05e-05;0.000368957;0.000294498;7.32e-06
3.2e-05;2.58e-05;1.84e-05;1.31e-05;0.000622327;0.000453926;9.13e-06
2.66e-05;2.17e-05;1.54e-05;1.06e-05;0.000387665;0.000317924;7.4e-06
2.77e-05;2.29e-05;1.67e-05;1.2e-05;0.000438747;0.000366365;7.41e-06
3.23e-05;2.71e-05;2.05e-05;1.54e-05;0.000446432;0.000374246;8.43e-06
4.07e-05;3.3e-05;2.32e-05;1.58e-05;0.000805168;0.00058688;1.1e-05
2.44e-05;2.06e-05;1.58e-05;1.23e-05;0.000431939;0.000347133;6.92e-06
2.62e-05;2.12e-05;1.52e-05;1.08e-05;0.000463675;0.000357939;7.24e-06
4.05e-05;3.38e-05;2.52e-05;1.87e-05;0.000578259;0.000485806;1.06e-05
3.78e-05;3.04e-05;2.12e-05;1.45e-05;0.00061938;0.000485688;1.02e-05
2.78e-05;2.33e-05;1.79e-05;1.38e-05;0.00047268;0.000371439;7.72e-06
4e-05;3.37e-05;2.5e-05;1.82e-05;0.000640854;0.000519748;1.02e-05
2.62e-05;2.09e-05;1.44e-05;9.68e-06;0.000478041;0.000337218;7.99e-06
3.21e-05;2.57e-05;1.78e-05;1.21e-05;0.000586639;0.000422002;9.24e-06
3.19e-05;2.62e-05;1.88e-05;1.32e-05;0.000492917;0.000405348;8.87e-06
3.66e-05;2.95e-05;2.07e-05;1.41e-05;0.000656546;0.000467937;9.66e-06
3.42e-05;2.93e-05;2.3e-05;1.82e-05;0.000569892;0.000484113;8.74e-06
3.06e-05;2.52e-05;1.82e-05;1.3e-05;0.000462032;0.000369244;7.89e-06
2.86e-05;2.36e-05;1.71e-05;1.21e-05;0.000454492;0.000371427;7.83e-06
2.54e-05;2.1e-05;1.56e-05;1.16e-05;0.000391217;0.000330852;6.9e-06
3.21e-05;2.64e-05;1.92e-05;1.38e-05;0.000601862;0.000458749;8.63e-06
3.32e-05;2.82e-05;2.2e-05;1.76e-05;0.000660532;0.000515616;9.32e-06
3.27e-05;2.71e-05;2.03e-05;1.52e-05;0.000540624;0.000418192;8.87e-06
3.4e-05;2.9e-05;2.26e-05;1.78e-05;0.000641657;0.000497412;8.94e-06
3e-05;2.45e-05;1.77e-05;1.27e-05;0.000488546;0.000384614;8.46e-06
3.09e-05;2.55e-05;1.91e-05;1.45e-05;0.000546743;0.000433709;8.59e-06
2.91e-05;2.46e-05;1.86e-05;1.4e-05;0.000492457;0.000400694;7.92e-06
3.97e-05;3.24e-05;2.32e-05;1.64e-05;0.000782193;0.00058088;1.04e-05
3.81e-05;3.17e-05;2.35e-05;1.72e-05;0.000538807;0.000456134;1.04e-05
2.61e-05;2.12e-05;1.52e-05;1.07e-05;0.00050514;0.000357677;7.68e-06
3.15e-05;2.59e-05;1.9e-05;1.37e-05;0.000509094;0.000393763;8.45e-06
2.96e-05;2.32e-05;1.54e-05;9.86e-06;0.000450067;0.00034628;9.12e-06
3.07e-05;2.64e-05;2.1e-05;1.68e-05;0.000588198;0.000474528;8.27e-06
2.88e-05;2.36e-05;1.71e-05;1.22e-05;0.000558379;0.000395987;8.29e-06
2.95e-05;2.53e-05;2.02e-05;1.65e-05;0.000538214;0.000432642;8.18e-06
3.25e-05;2.71e-05;2.02e-05;1.48e-05;0.00060192;0.000463547;8.76e-06
3.1e-05;2.49e-05;1.71e-05;1.13e-05;0.000497008;0.000380828;8.57e-06
3.14e-05;2.66e-05;2.03e-05;1.53e-05;0.000492342;0.000398906;8.31e-06
2.76e-05;2.23e-05;1.55e-05;1.02e-05;0.000480772;0.000354847;7.31e-06
2.7e-05;2.21e-05;1.58e-05;1.11e-05;0.000443813;0.000353824;7.5e-06
3.5e-05;2.79e-05;1.93e-05;1.32e-05;0.000590158;0.000445675;1.03e-05
3.35e-05;2.8e-05;2.1e-05;1.56e-05;0.000618489;0.000464232;8.71e-06
3.79e-05;3.18e-05;2.42e-05;1.85e-05;0.000704993;0.000528044;9.77e-06
2.4e-05;1.97e-05;1.44e-05;1.04e-05;0.000463024;0.000345452;6.87e-06
3.06e-05;2.47e-05;1.76e-05;1.24e-05;0.000490723;0.000387031;8.94e-06
2.67e-05;2.2e-05;1.62e-05;1.2e-05;0.000494867;0.000369233;7.48e-06
2.72e-05;2.32e-05;1.8e-05;1.42e-05;0.00051507;0.000409873;7.38e-06
3.95e-05;3.35e-05;2.6e-05;2.01e-05;0.000662076;0.000535935;1.04e-05
3.15e-05;2.52e-05;1.77e-05;1.23e-05;0.000473241;0.000359389;9.17e-06
3.47e-05;2.98e-05;2.36e-05;1.9e-05;0.000629185;0.000503401;9.24e-06
2.5e-05;2.04e-05;1.48e-05;1.07e-05;0.000379626;0.00030979;6.99e-06
3.95e-05;3.32e-05;2.51e-05;1.89e-05;0.000685692;0.000563302;1.01e-05
2.88e-05;2.4e-05;1.78e-05;1.31e-05;0.000591622;0.000421589;7.58e-06
2.61e-05;2.2e-05;1.71e-05;1.35e-05;0.000391041;0.000322458;7.15e-06
2.96e-05;2.48e-05;1.88e-05;1.41e-05;0.000542913;0.000411388;7.89e-06
2.93e-05;2.39e-05;1.73e-05;1.24e-05;0.000543197;0.000417423;8e-06
2.49e-05;2.05e-05;1.48e-05;1.05e-05;0.000452421;0.000346779;7.18e-06
3.7e-05;3.19e-05;2.57e-05;2.11e-05;0.000552554;0.000500941;9.88e-06
3.69e-05;3.09e-05;2.34e-05;1.76e-05;0.000605626;0.000482627;9.51e-06
3.92e-05;3.31e-05;2.52e-05;1.92e-05;0.000779504;0.000584853;1.09e-05
3.5e-05;2.96e-05;2.33e-05;1.87e-05;0.000613367;0.000497637;1e-05
3.75e-05;3.09e-05;2.3e-05;1.71e-05;0.000680084;0.000516477;1.07e-05
3.81e-05;3.12e-05;2.25e-05;1.59e-05;0.000594527;0.000454824;1.08e-05
3.11e-05;2.65e-05;2.08e-05;1.67e-05;0.000511772;0.000436951;8.82e-06
3.2e-05;2.65e-05;1.97e-05;1.48e-05;0.000486266;0.000390784;8.45e-06
2.63e-05;2.13e-05;1.52e-05;1.05e-05;0.000488965;0.000341435;7.82e-06
2.55e-05;2.07e-05;1.45e-05;9.8e-06;0.000435576;0.000319173;7.12e-06
2.71e-05;2.3e-05;1.76e-05;1.35e-05;0.000386523;0.000341251;7.07e-06
3.21e-05;2.6e-05;1.82e-05;1.24e-05;0.000597872;0.000422195;8.33e-06
4.1e-05;3.44e-05;2.62e-05;1.98e-05;0.000580313;0.000495971;1.03e-05
2.97e-05;2.52e-05;1.95e-05;1.52e-05;0.000457843;0.000387205;7.94e-06
3.38e-05;2.89e-05;2.23e-05;1.71e-05;0.000540856;0.000446523;9.29e-06
3.53e-05;2.95e-05;2.19e-05;1.61e-05;0.000542295;0.000447614;9.47e-06
3.61e-05;3.05e-05;2.35e-05;1.84e-05;0.000642967;0.000504279;1.01e-05
3.62e-05;2.97e-05;2.17e-05;1.55e-05;0.000492452;0.00040718;9.72e-06
3.49e-05;2.88e-05;2.08e-05;1.47e-05;0.00057358;0.000454513;1e-05
3.61e-05;2.98e-05;2.19e-05;1.6e-05;0.000662848;0.000477713;1e-05
2.72e-05;2.17e-05;1.46e-05;9.31e-06;0.000415431;0.000306276;7.55e-06
2.87e-05;2.39e-05;1.76e-05;1.26e-05;0.000463197;0.000360193;7.55e-06
3.1e-05;2.53e-05;1.81e-05;1.26e-05;0.000493399;0.00036372;9.29e-06
2.86e-05;2.39e-05;1.77e-05;1.29e-05;0.000514706;0.000384909;7.59e-06
2.97e-05;2.51e-05;1.91e-05;1.41e-05;0.000489397;0.000372856;8.11e-06
3.74e-05;3.13e-05;2.35e-05;1.76e-05;0.0005587;0.00048271;1.02e-05
3.8e-05;3.17e-05;2.34e-05;1.7e-05;0.000647795;0.000486278;1.01e-05
3.09e-05;2.54e-05;1.85e-05;1.32e-05;0.000538484;0.000408017;8.91e-06
3.13e-05;2.64e-05;2.03e-05;1.57e-05;0.000611393;0.000476717;7.87e-06
3.19e-05;2.61e-05;1.92e-05;1.42e-05;0.00061175;0.000462751;8.98e-06
3.41e-05;2.83e-05;2.12e-05;1.61e-05;0.000575647;0.000448119;1.02e-05
3.25e-05;2.64e-05;1.88e-05;1.32e-05;0.000525671;0.000400411;9.2e-06
3.39e-05;2.86e-05;2.16e-05;1.6e-05;0.000495711;0.000406936;8.72e-06
2.82e-05;2.33e-05;1.69e-05;1.2e-05;0.000486038;0.000373983;7.98e-06
3.4e-05;2.85e-05;2.16e-05;1.65e-05;0.000616703;0.000486014;9.59e-06
3.08e-05;2.66e-05;2.15e-05;1.75e-05;0.000498944;0.000416668;8.12e-06
2.52e-05;2.1e-05;1.54e-05;1.11e-05;0.000456155;0.000347024;7.47e-06
3.5e-05;2.91e-05;2.16e-05;1.59e-05;0.000610426;0.000493725;9.38e-06
3.87e-05;3.28e-05;2.56e-05;2.03e-05;0.000644028;0.000545681;1.06e-05
3.89e-05;3.31e-05;2.59e-05;2.02e-05;0.000640649;0.000516304;1e-05
3.68e-05;3.02e-05;2.18e-05;1.54e-05;0.000592629;0.000457326;9.41e-06
3.09e-05;2.58e-05;1.94e-05;1.48e-05;0.000473501;0.000398972;8.76e-06
2.71e-05;2.28e-05;1.76e-05;1.36e-05;0.000441405;0.000350882;7.67e-06
3.93e-05;3.45e-05;2.87e-05;2.45e-05;0.000610434;0.000551759;9.8e-06
3.18e-05;2.59e-05;1.84e-05;1.27e-05;0.000547273;0.000428997;9.41e-06
2.39e-05;2.01e-05;1.54e-05;1.19e-05;0.000417212;0.000337824;7.05e-06
3.85e-05;3.27e-05;2.56e-05;2.03e-05;0.000681156;0.000568813;1.06e-05
2.61e-05;2.23e-05;1.76e-05;1.42e-05;0.000421592;0.000347701;7.5e-06
3.79e-05;3.12e-05;2.29e-05;1.67e-05;0.000710307;0.000539814;1.04e-05
2.62e-05;2.18e-05;1.63e-05;1.22e-05;0.000352815;0.00031572;7.42e-06
3.16e-05;2.68e-05;2.08e-05;1.62e-05;0.000490789;0.000417505;8.5e-06
2.62e-05;2.16e-05;1.58e-05;1.15e-05;0.000474321;0.000357777;7.53e-06
3.2e-05;2.68e-05;2e-05;1.48e-05;0.000574108;0.000459328;8.82e-06
2.81e-05;2.41e-05;1.92e-05;1.55e-05;0.000404384;0.000348768;7.62e-06
2.65e-05;2.26e-05;1.78e-05;1.43e-05;0.000422294;0.000350421;7.2e-06
3.81e-05;3.13e-05;2.25e-05;1.57e-05;0.000548665;0.00043332;1.06e-05
3.24e-05;2.67e-05;1.95e-05;1.4e-05;0.0005223;0.000418377;8.75e-06
2.68e-05;2.14e-05;1.48e-05;1e-05;0.000490298;0.00036776;7.7e-06
2.37e-05;1.92e-05;1.38e-05;9.98e-06;0.000349247;0.000290067;6.74e-06
3.27e-05;2.69e-05;1.97e-05;1.42e-05;0.000564868;0.000435907;9.83e-06
4.34e-05;3.63e-05;2.69e-05;1.94e-05;0.000611191;0.000496014;1.11e-05
2.75e-05;2.33e-05;1.8e-05;1.42e-05;0.000471412;0.000395124;7.67e-06
3.03e-05;2.47e-05;1.77e-05;1.27e-05;0.000447659;0.000353732;8.96e-06
2.94e-05;2.44e-05;1.85e-05;1.41e-05;0.000531376;0.000412119;8.45e-06
3.08e-05;2.54e-05;1.82e-05;1.27e-05;0.000480216;0.000388006;8.41e-06
2.69e-05;2.14e-05;1.48e-05;1e-05;0.000383385;0.000297895;8.06e-06
3.3e-05;2.69e-05;1.94e-05;1.37e-05;0.000515721;0.000412096;8.64e-06
3.94e-05;3.24e-05;2.37e-05;1.72e-05;0.000592157;0.000490251;1.01e-05
2.76e-05;2.35e-05;1.82e-05;1.42e-05;0.000469686;0.000389838;7.27e-06
3.71e-05;3.08e-05;2.32e-05;1.76e-05;0.000587326;0.000478187;1.04e-05
4.37e-05;3.72e-05;2.9e-05;2.27e-05;0.000712395;0.000570777;1.12e-05
3e-05;2.48e-05;1.81e-05;1.3e-05;0.000547655;0.000427261;8.7e-06
3.76e-05;3.11e-05;2.32e-05;1.75e-05;0.000668215;0.000497221;9.87e-06
3.87e-05;3.18e-05;2.31e-05;1.66e-05;0.000658882;0.000513034;1.02e-05
2.84e-05;2.36e-05;1.75e-05;1.28e-05;0.000512483;0.00037823;8.6e-06
3.86e-05;3.24e-05;2.51e-05;1.97e-05;0.0007095;0.000549562;1.07e-05
3.99e-05;3.33e-05;2.47e-05;1.79e-05;0.000602067;0.000506594;1.04e-05
4.25e-05;3.5e-05;2.54e-05;1.82e-05;0.000664905;0.000546584;1.12e-05
2.51e-05;2.08e-05;1.53e-05;1.13e-05;0.000355683;0.000298778;7.02e-06
2.89e-05;2.37e-05;1.7e-05;1.21e-05;0.000469835;0.000367314;7.65e-06
2.67e-05;2.27e-05;1.76e-05;1.37e-05;0.000498354;0.000397506;7.4e-06
3.56e-05;2.99e-05;2.24e-05;1.67e-05;0.00068465;0.000544532;9.34e-06
3.87e-05;3.21e-05;2.41e-05;1.83e-05;0.000660719;0.000534818;1.05e-05
3.65e-05;3.19e-05;2.65e-05;2.26e-05;0.00066323;0.000572316;9.55e-06
3.82e-05;3.15e-05;2.33e-05;1.72e-05;0.000509007;0.000446866;1.03e-05
3.62e-05;3e-05;2.21e-05;1.61e-05;0.000658184;0.000506474;9.81e-06
3.21e-05;2.67e-05;2e-05;1.5e-05;0.000607332;0.000455774;9.11e-06
3.94e-05;3.21e-05;2.31e-05;1.65e-05;0.000728321;0.000534321;1.07e-05
3.17e-05;2.7e-05;2.12e-05;1.69e-05;0.000526335;0.000450152;9.17e-06
2.59e-05;2.15e-05;1.58e-05;1.14e-05;0.000420554;0.000343069;7.34e-06
3.7e-05;3.16e-05;2.49e-05;1.99e-05;0.000561289;0.000471482;1.01e-05
3.45e-05;2.83e-05;2.05e-05;1.47e-05;0.000618523;0.000478306;9.24e-06
2.94e-05;2.55e-05;2.07e-05;1.72e-05;0.000560677;0.000438742;8.4e-06
4.46e-05;3.73e-05;2.77e-05;1.99e-05;0.00059061;0.00050023;1.13e-05
3.25e-05;2.75e-05;2.13e-05;1.66e-05;0.000615328;0.000494541;9.26e-06
3.13e-05;2.64e-05;2.01e-05;1.51e-05;0.000537917;0.000434739;8.24e-06
3.58e-05;3.03e-05;2.33e-05;1.81e-05;0.000578064;0.00049579;9.78e-06
3.58e-05;3e-05;2.3e-05;1.78e-05;0.000697654;0.000532657;1.01e-05
2.77e-05;2.35e-05;1.79e-05;1.35e-05;0.000531585;0.000401166;7.45e-06
3.09e-05;2.57e-05;1.92e-05;1.43e-05;0.000598371;0.000454014;8.79e-06
2.85e-05;2.4e-05;1.81e-05;1.36e-05;0.0004694;0.000379053;8.24e-06
3.53e-05;2.8e-05;1.89e-05;1.24e-05;0.000626284;0.000449245;1.02e-05
3.53e-05;2.93e-05;2.16e-05;1.58e-05;0.00064376;0.000480311;1.05e-05
2.62e-05;2.22e-05;1.75e-05;1.4e-05;0.00039285;0.000329821;7.5e-06
4.02e-05;3.38e-05;2.58e-05;1.98e-05;0.000696996;0.000539882;1.09e-05
3.23e-05;2.63e-05;1.84e-05;1.24e-05;0.000519548;0.000397243;8.49e-06
3.24e-05;2.65e-05;1.89e-05;1.33e-05;0.000604455;0.000450956;9.34e-06
3.34e-05;2.84e-05;2.22e-05;1.74e-05;0.000558713;0.000463905;8.74e-06
3.85e-05;3.16e-05;2.3e-05;1.64e-05;0.000678592;0.00050041;1.02e-05
4.17e-05;3.6e-05;2.91e-05;2.4e-05;0.000774649;0.000642531;1.13e-05
3.52e-05;2.97e-05;2.27e-05;1.74e-05;0.000672438;0.000514768;9.64e-06
3.46e-05;2.9e-05;2.23e-05;1.73e-05;0.000499107;0.000405184;9.9e-06
3.33e-05;2.89e-05;2.36e-05;1.97e-05;0.0006378;0.000496694;8.59e-06
3.06e-05;2.53e-05;1.83e-05;1.29e-05;0.000463595;0.000363724;8.53e-06
3.07e-05;2.58e-05;1.98e-05;1.53e-05;0.000533474;0.000428451;8.43e-06
3.55e-05;2.86e-05;1.97e-05;1.29e-05;0.000493862;0.00038412;9.61e-06
3.92e-05;3.17e-05;2.24e-05;1.56e-05;0.000656209;0.000480589;1.11e-05
2.98e-05;2.5e-05;1.89e-05;1.43e-05;0.000505542;0.000422042;8.12e-06
3.09e-05;2.6e-05;2.01e-05;1.58e-05;0.000565017;0.000458208;8.55e-06
3.39e-05;2.72e-05;1.89e-05;1.27e-05;0.000560044;0.000406409;9.91e-06
3.16e-05;2.64e-05;1.98e-05;1.48e-05;0.000554455;0.000443144;8.62e-06
2.66e-05;2.26e-05;1.76e-05;1.39e-05;0.00043409;0.000363794;7.04e-06
4.06e-05;3.43e-05;2.66e-05;2.08e-05;0.000553247;0.000490741;1.06e-05
3.91e-05;3.29e-05;2.53e-05;1.96e-05;0.000629059;0.000502117;1.1e-05
3.11e-05;2.5e-05;1.71e-05;1.11e-05;0.000583225;0.000399912;8.12e-06
3.46e-05;2.87e-05;2.1e-05;1.5e-05;0.000479994;0.000407603;9.14e-06
3.02e-05;2.46e-05;1.76e-05;1.23e-05;0.000504111;0.000368115;9.27e-06
3.52e-05;2.88e-05;2.05e-05;1.41e-05;0.000596774;0.000452725;9.95e-06
4.04e-05;3.4e-05;2.55e-05;1.9e-05;0.000726497;0.000567057;1.07e-05
3.5e-05;2.83e-05;2.02e-05;1.43e-05;0.000558275;0.000428441;9.88e-06
2.62e-05;2.12e-05;1.5e-05;1.04e-05;0.000419991;0.000331286;7.66e-06
3.54e-05;2.97e-05;2.23e-05;1.65e-05;0.000541901;0.000428734;9.19e-06
3.73e-05;3.08e-05;2.27e-05;1.68e-05;0.000516577;0.000421665;9.95e-06
3.47e-05;2.86e-05;2.09e-05;1.51e-05;0.000679799;0.000513105;9.48e-06
3.47e-05;2.88e-05;2.12e-05;1.52e-05;0.00061269;0.000470489;8.98e-06
2.93e-05;2.46e-05;1.84e-05;1.35e-05;0.000441168;0.000356951;7.92e-06
3.89e-05;3.23e-05;2.38e-05;1.72e-05;0.000737334;0.000543836;1.08e-05
2.66e-05;2.13e-05;1.45e-05;9.37e-06;0.000475415;0.000347391;7.02e-06
3.69e-05;3.15e-05;2.5e-05;2.02e-05;0.00064562;0.00051396;1.01e-05
2.78e-05;2.35e-05;1.81e-05;1.37e-05;0.000493928;0.000375554;7.29e-06
3.78e-05;3.22e-05;2.5e-05;1.96e-05;0.000595147;0.000494841;9.89e-06
2.95e-05;2.5e-05;1.93e-05;1.5e-05;0.000495547;0.000397001;7.45e-06
2.95e-05;2.32e-05;1.55e-05;9.81e-06;0.000408889;0.000305705;8.86e-06
4.05e-05;3.34e-05;2.46e-05;1.8e-05;0.0006887;0.00055136;1.04e-05
2.72e-05;2.3e-05;1.77e-05;1.37e-05;0.000480745;0.000376882;7.56e-06
2.7e-05;2.28e-05;1.77e-05;1.39e-05;0.000448812;0.000361565;7.84e-06
2.74e-05;2.31e-05;1.75e-05;1.31e-05;0.000391852;0.000337633;7.57e-06
3.32e-05;2.73e-05;1.99e-05;1.42e-05;0.000649996;0.000471185;8.89e-06
3.24e-05;2.77e-05;2.16e-05;1.71e-05;0.000597749;0.00048987;8.41e-06
3.44e-05;2.86e-05;2.17e-05;1.67e-05;0.000565717;0.000462444;9.48e-06
3.52e-05;2.84e-05;1.97e-05;1.3e-05;0.000617327;0.000450628;9.28e-06
3.62e-05;3.03e-05;2.3e-05;1.76e-05;0.000534457;0.000463105;1.01e-05
2.35e-05;1.91e-05;1.38e-05;9.91e-06;0.000304092;0.000262728;6.66e-06
3.9e-05;3.31e-05;2.59e-05;2.04e-05;0.000596066;0.000496997;1.01e-05
3.68e-05;3.06e-05;2.29e-05;1.73e-05;0.000628673;0.000504676;1.01e-05
3.05e-05;2.57e-05;2.01e-05;1.59e-05;0.00049764;0.00040826;8.1e-06
3.98e-05;3.31e-05;2.47e-05;1.86e-05;0.000650775;0.000527178;1.07e-05
3.4e-05;2.87e-05;2.18e-05;1.65e-05;0.000477043;0.000412111;8.88e-06
2.8e-05;2.31e-05;1.7e-05;1.21e-05;0.000475415;0.00035494;7.27e-06
4.05e-05;3.36e-05;2.51e-05;1.87e-05;0.000658564;0.000516976;1.05e-05
2.92e-05;2.46e-05;1.88e-05;1.45e-05;0.000396495;0.000350042;7.57e-06
2.92e-05;2.39e-05;1.74e-05;1.23e-05;0.000554352;0.000395471;8.12e-06
2.81e-05;2.31e-05;1.69e-05;1.22e-05;0.000516644;0.000384534;7.57e-06
2.97e-05;2.48e-05;1.89e-05;1.45e-05;0.00052833;0.000421854;8.39e-06
3.24e-05;2.74e-05;2.13e-05;1.67e-05;0.000524607;0.000429262;9.12e-06
4e-05;3.32e-05;2.44e-05;1.77e-05;0.000692094;0.000526585;1.05e-05
2.66e-05;2.22e-05;1.67e-05;1.26e-05;0.000368897;0.000321497;7.17e-06
4.07e-05;3.42e-05;2.55e-05;1.87e-05;0.00069876;0.000567275;1.05e-05
3.01e-05;2.41e-05;1.67e-05;1.13e-05;0.00058051;0.000427213;8.85e-06
3.67e-05;2.98e-05;2.08e-05;1.38e-05;0.000587718;0.000436542;9.71e-06
2.93e-05;2.47e-05;1.88e-05;1.44e-05;0.000468592;0.000389119;7.88e-06
2.83e-05;2.37e-05;1.81e-05;1.4e-05;0.000560669;0.000414378;7.88e-06
3.31e-05;2.68e-05;1.87e-05;1.26e-05;0.000557742;0.000419347;8.77e-06
3.86e-05;3.25e-05;2.49e-05;1.92e-05;0.000725641;0.000583842;1e-05
3.33e-05;2.8e-05;2.14e-05;1.62e-05;0.000517373;0.000438498;8.99e-06
2.61e-05;2.2e-05;1.69e-05;1.3e-05;0.000428475;0.000351167;7.52e-06
3.8e-05;3.16e-05;2.38e-05;1.81e-05;0.000688232;0.000551342;1.07e-05
4.02e-05;3.39e-05;2.56e-05;1.92e-05;0.00065966;0.000538216;1.09e-05
2.58e-05;2.15e-05;1.61e-05;1.19e-05;0.000449208;0.000353532;7.02e-06
3.7e-05;3.14e-05;2.46e-05;1.96e-05;0.000576267;0.000498944;1.02e-05
2.72e-05;2.26e-05;1.69e-05;1.29e-05;0.000385534;0.000339551;7.81e-06
2.58e-05;2.11e-05;1.51e-05;1.07e-05;0.000355635;0.000299553;7.8e-06
3.33e-05;2.73e-05;1.94e-05;1.33e-05;0.000532457;0.000397794;8.71e-06
4.13e-05;3.46e-05;2.63e-05;2.02e-05;0.000747422;0.000594561;1.06e-05
3.52e-05;2.92e-05;2.17e-05;1.6e-05;0.000614554;0.000487339;9.22e-06
3.48e-05;2.87e-05;2.11e-05;1.56e-05;0.000460215;0.000390829;9.74e-06
4.07e-05;3.54e-05;2.86e-05;2.34e-05;0.000630091;0.000548658;1e-05
2.63e-05;2.12e-05;1.47e-05;9.73e-06;0.000411761;0.000312389;7.15e-06
2.99e-05;2.4e-05;1.69e-05;1.17e-05;0.000512757;0.000367288;8.74e-06
3.57e-05;3e-05;2.29e-05;1.77e-05;0.000667585;0.00051692;9.7e-06
3.41e-05;2.8e-05;2.09e-05;1.58e-05;0.000607782;0.000460549;9.91e-06
3.47e-05;2.9e-05;2.2e-05;1.68e-05;0.000556778;0.000450689;1.01e-05
4e-05;3.35e-05;2.49e-05;1.83e-05;0.000685199;0.000539466;1.06e-05
4.12e-05;3.46e-05;2.63e-05;2e-05;0.000765674;0.00061241;1.08e-05
3.27e-05;2.72e-05;1.99e-05;1.42e-05;0.000563485;0.000450243;8.4e-06
3e-05;2.47e-05;1.82e-05;1.35e-05;0.000577837;0.000418362;8.41e-06
2.98e-05;2.51e-05;1.92e-05;1.48e-05;0.000470249;0.000398782;8.28e-06
3.75e-05;3.21e-05;2.52e-05;2e-05;0.000657889;0.000521982;1.02e-05
3.69e-05;3e-05;2.11e-05;1.43e-05;0.000539691;0.000431534;9.61e-06
3.93e-05;3.23e-05;2.36e-05;1.7e-05;0.000595422;0.000475645;1.08e-05
3.6e-05;2.95e-05;2.12e-05;1.46e-05;0.000616231;0.000469321;9.16e-06
2.46e-05;2.01e-05;1.48e-05;1.1e-05;0.000374092;0.000306549;7.14e-06
2.93e-05;2.47e-05;1.91e-05;1.49e-05;0.000539387;0.000419882;8.37e-06
3.2e-05;2.65e-05;1.99e-05;1.5e-05;0.000475001;0.000390564;9.14e-06
3.54e-05;2.95e-05;2.2e-05;1.62e-05;0.000579339;0.000452314;9.13e-06
2.81e-05;2.27e-05;1.59e-05;1.09e-05;0.000492946;0.000359628;7.97e-06
3.3e-05;2.72e-05;1.99e-05;1.45e-05;0.00046279;0.000392743;8.82e-06
3.33e-05;2.7e-05;1.9e-05;1.26e-05;0.000568274;0.000400495;8.92e-06
3.29e-05;2.78e-05;2.16e-05;1.69e-05;0.000554181;0.0004493;8.39e-06
3.07e-05;2.54e-05;1.89e-05;1.41e-05;0.000544814;0.000426201;9.16e-06
2.93e-05;2.52e-05;2e-05;1.62e-05;0.000475368;0.000408709;8.15e-06
2.66e-05;2.24e-05;1.7e-05;1.27e-05;0.000373148;0.000325129;7.56e-06
2.85e-05;2.35e-05;1.75e-05;1.29e-05;0.000409881;0.000333198;8.44e-06
3.45e-05;2.78e-05;1.92e-05;1.28e-05;0.000484238;0.000397436;9.49e-06
3.44e-05;2.95e-05;2.33e-05;1.85e-05;0.000472522;0.000435119;9.02e-06
2.49e-05;2.11e-05;1.65e-05;1.3e-05;0.00042322;0.000339832;7e-06
3.68e-05;2.93e-05;2.03e-05;1.39e-05;0.000675135;0.0004747;1.08e-05
4.39e-05;3.69e-05;2.82e-05;2.17e-05;0.0007503;0.000591949;1.1e-05
3.72e-05;3.12e-05;2.36e-05;1.78e-05;0.000631032;0.000488915;1.07e-05
3.15e-05;2.53e-05;1.77e-05;1.21e-05;0.000504152;0.00036755;8.89e-06
4.08e-05;3.41e-05;2.56e-05;1.9e-05;0.00073942;0.000541473;1.11e-05
3.09e-05;2.61e-05;2.01e-05;1.57e-05;0.000497661;0.000410531;7.92e-06
3.74e-05;3.14e-05;2.37e-05;1.78e-05;0.000723457;0.000561165;9.85e-06
2.85e-05;2.34e-05;1.69e-05;1.2e-05;0.000477228;0.000362489;7.7e-06
2.63e-05;2.14e-05;1.52e-05;1.05e-05;0.000440903;0.000328826;7.42e-06
3.07e-05;2.64e-05;2.09e-05;1.68e-05;0.000456501;0.000402187;7.96e-06
2.44e-05;1.98e-05;1.41e-05;9.78e-06;0.00040336;0.000299592;7.02e-06
2.8e-05;2.35e-05;1.8e-05;1.41e-05;0.000482792;0.000389412;7.61e-06
3.18e-05;2.64e-05;1.94e-05;1.4e-05;0.00056807;0.000418205;8.84e-06
4.13e-05;3.48e-05;2.63e-05;1.96e-05;0.000573137;0.000486173;1.07e-05
3.22e-05;2.57e-05;1.76e-05;1.15e-05;0.00055835;0.000391326;9.08e-06
3.39e-05;2.81e-05;2.06e-05;1.48e-05;0.000636494;0.000458536;9.12e-06
3.41e-05;2.71e-05;1.86e-05;1.27e-05;0.000605862;0.000422045;1.02e-05
2.97e-05;2.45e-05;1.77e-05;1.27e-05;0.000444289;0.00035392;8.22e-06
3.69e-05;3.03e-05;2.2e-05;1.56e-05;0.000645067;0.000501082;1.03e-05
2.86e-05;2.37e-05;1.74e-05;1.25e-05;0.00047957;0.000371508;8.16e-06
2.68e-05;2.18e-05;1.56e-05;1.09e-05;0.000527401;0.000378082;7.85e-06
2.77e-05;2.27e-05;1.65e-05;1.19e-05;0.000388668;0.000321592;7.72e-06
2.96e-05;2.47e-05;1.88e-05;1.45e-05;0.000549109;0.000442088;8.49e-06
3.14e-05;2.68e-05;2.08e-05;1.63e-05;0.000541653;0.000428134;7.88e-06
2.66e-05;2.19e-05;1.6e-05;1.16e-05;0.000453848;0.000346045;7.37e-06
2.99e-05;2.52e-05;1.95e-05;1.53e-05;0.000514086;0.000406563;8.46e-06
2.46e-05;2.05e-05;1.51e-05;1.09e-05;0.000332445;0.000280462;7.05e-06
3.66e-05;3.05e-05;2.27e-05;1.68e-05;0.000692768;0.000533233;9.99e-06
3.26e-05;2.76e-05;2.11e-05;1.6e-05;0.000564773;0.000443294;8.2e-06
2.87e-05;2.35e-05;1.71e-05;1.24e-05;0.000522021;0.000401342;7.88e-06
2.7e-05;2.16e-05;1.47e-05;9.54e-06;0.000509527;0.000354644;8.05e-06
2.98e-05;2.46e-05;1.8e-05;1.3e-05;0.000576305;0.000425886;8.02e-06
2.68e-05;2.2e-05;1.61e-05;1.16e-05;0.000375059;0.000321226;7.2e-06
2.88e-05;2.46e-05;1.92e-05;1.51e-05;0.000550174;0.000436207;7.66e-06
2.7e-05;2.22e-05;1.65e-05;1.22e-05;0.000440837;0.000335428;7.54e-06
3.6e-05;3.07e-05;2.42e-05;1.94e-05;0.000637695;0.000510152;9.54e-06
3.28e-05;2.72e-05;1.98e-05;1.39e-05;0.000588028;0.000449273;8.5e-06
2.45e-05;2.07e-05;1.59e-05;1.23e-05;0.000387405;0.000332642;7.04e-06
3.69e-05;3.07e-05;2.3e-05;1.7e-05;0.000654031;0.000488058;1.04e-05
3.26e-05;2.7e-05;2.02e-05;1.51e-05;0.000547136;0.000439715;8.4e-06
4.09e-05;3.37e-05;2.45e-05;1.76e-05;0.000658589;0.000499194;1.1e-05
2.77e-05;2.31e-05;1.75e-05;1.33e-05;0.000544065;0.000402495;7.62e-06
3.15e-05;2.64e-05;1.98e-05;1.49e-05;0.000500609;0.000399485;8.22e-06
3.24e-05;2.68e-05;2e-05;1.51e-05;0.000559595;0.000429989;8.63e-06
3.34e-05;2.77e-05;2.04e-05;1.48e-05;0.000577933;0.000435476;8.68e-06
2.5e-05;2.12e-05;1.65e-05;1.31e-05;0.00041258;0.000347272;7.25e-06
3.04e-05;2.5e-05;1.84e-05;1.36e-05;0.000551382;0.000424993;8.82e-06
3.32e-05;2.7e-05;1.92e-05;1.32e-05;0.000440598;0.000369196;9.31e-06
3.18e-05;2.6e-05;1.86e-05;1.31e-05;0.000464503;0.000363148;9.09e-06
3.24e-05;2.77e-05;2.17e-05;1.7e-05;0.000574092;0.000456083;8.63e-06
3.04e-05;2.59e-05;2.02e-05;1.59e-05;0.000519717;0.000429161;8.28e-06
3.28e-05;2.79e-05;2.23e-05;1.81e-05;0.000555685;0.000465939;9.12e-06
4.1e-05;3.47e-05;2.67e-05;2.08e-05;0.000642394;0.00055166;1.09e-05
3.37e-05;2.82e-05;2.11e-05;1.53e-05;0.000498589;0.000395383;9e-06
2.57e-05;2.15e-05;1.66e-05;1.31e-05;0.000424878;0.000343546;7.21e-06
2.68e-05;2.18e-05;1.58e-05;1.14e-05;0.00045334;0.000344295;7.55e-06
4.1e-05;3.41e-05;2.58e-05;1.95e-05;0.000813679;0.000624157;1.11e-05
2.84e-05;2.41e-05;1.84e-05;1.38e-05;0.000414738;0.000349312;7.68e-06
2.84e-05;2.33e-05;1.73e-05;1.29e-05;0.000490148;0.000373582;8.09e-06
4.06e-05;3.44e-05;2.63e-05;1.97e-05;0.000624719;0.000543845;1e-05
3.05e-05;2.47e-05;1.73e-05;1.17e-05;0.000522059;0.000385895;8.61e-06
3.19e-05;2.62e-05;1.93e-05;1.43e-05;0.000469363;0.000393981;8.87e-06
3.04e-05;2.47e-05;1.75e-05;1.22e-05;0.00044542;0.00034605;8.29e-06
2.87e-05;2.37e-05;1.73e-05;1.25e-05;0.000474568;0.000359897;7.33e-06
2.73e-05;2.23e-05;1.61e-05;1.15e-05;0.000458324;0.000348495;7.37e-06
2.88e-05;2.32e-05;1.6e-05;1.04e-05;0.000441674;0.000318681;7.65e-06
2.94e-05;2.4e-05;1.7e-05;1.17e-05;0.000483073;0.000377409;8.17e-06
2.73e-05;2.25e-05;1.66e-05;1.21e-05;0.00044853;0.000357821;7.74e-06
3.45e-05;2.94e-05;2.28e-05;1.76e-05;0.000586492;0.000482198;8.65e-06
2.64e-05;2.16e-05;1.59e-05;1.17e-05;0.000428156;0.000345208;7.49e-06
3.31e-05;2.77e-05;2.1e-05;1.62e-05;0.000533023;0.000445307;8.72e-06
3.47e-05;2.9e-05;2.14e-05;1.56e-05;0.000659695;0.000493183;9.42e-06
2.6e-05;2.12e-05;1.53e-05;1.09e-05;0.000375163;0.000315227;7.39e-06
2.52e-05;2.15e-05;1.69e-05;1.34e-05;0.000415151;0.000330018;6.95e-06
3.52e-05;2.91e-05;2.16e-05;1.59e-05;0.000627923;0.000473477;9.06e-06
3.4e-05;2.75e-05;1.91e-05;1.29e-05;0.000559301;0.000425869;9.3e-06
4.02e-05;3.31e-05;2.48e-05;1.88e-05;0.000757715;0.000581684;1.13e-05
2.84e-05;2.39e-05;1.81e-05;1.37e-05;0.000489401;0.000381149;7.47e-06
3.13e-05;2.64e-05;2.01e-05;1.54e-05;0.000564557;0.000443519;8.68e-06
2.69e-05;2.28e-05;1.78e-05;1.41e-05;0.00037232;0.000331939;7.19e-06
3.31e-05;2.75e-05;2.08e-05;1.58e-05;0.00060362;0.000471961;9.28e-06
3.46e-05;2.88e-05;2.15e-05;1.59e-05;0.000572938;0.000463722;9.01e-06
3.49e-05;2.83e-05;1.97e-05;1.29e-05;0.000599125;0.000434324;9.29e-06
3.16e-05;2.58e-05;1.84e-05;1.26e-05;0.000573664;0.000434125;8.51e-06
3.35e-05;2.79e-05;2.1e-05;1.58e-05;0.000560572;0.00044612;9.49e-06
3.13e-05;2.61e-05;1.96e-05;1.48e-05;0.000556302;0.000452746;8.55e-06
3.7e-05;3.08e-05;2.26e-05;1.62e-05;0.000655273;0.000483885;9.5e-06
3.04e-05;2.51e-05;1.87e-05;1.41e-05;0.000451528;0.000383259;8.52e-06
3.4e-05;2.79e-05;2.01e-05;1.41e-05;0.000541487;0.00040516;9.6e-06
2.57e-05;2.1e-05;1.55e-05;1.15e-05;0.000466514;0.000363835;7.66e-06
2.55e-05;2.05e-05;1.4e-05;9.22e-06;0.000445229;0.000320469;7.07e-06
3.94e-05;3.26e-05;2.41e-05;1.77e-05;0.000546661;0.000456582;1.06e-05
3.33e-05;2.82e-05;2.19e-05;1.7e-05;0.000533083;0.000438264;8.39e-06
2.82e-05;2.27e-05;1.58e-05;1.06e-05;0.000511086;0.000367904;8.14e-06
3.03e-05;2.53e-05;1.85e-05;1.32e-05;0.000477833;0.000374818;7.84e-06
3.07e-05;2.5e-05;1.82e-05;1.32e-05;0.000532026;0.000391894;8.56e-06
3.54e-05;2.97e-05;2.19e-05;1.57e-05;0.000584001;0.000443446;9.41e-06
3.23e-05;2.62e-05;1.81e-05;1.19e-05;0.000398898;0.000333417;8.3e-06
2.65e-05;2.21e-05;1.67e-05;1.28e-05;0.000443705;0.000354664;7.6e-06
4.32e-05;3.56e-05;2.56e-05;1.8e-05;0.000668541;0.00052665;1.1e-05
3.56e-05;3.06e-05;2.46e-05;2.02e-05;0.000477516;0.000440479;9.89e-06
3.02e-05;2.52e-05;1.89e-05;1.4e-05;0.000585184;0.000431315;7.77e-06
3.32e-05;2.82e-05;2.19e-05;1.72e-05;0.000572332;0.000460364;8.81e-06
3.26e-05;2.63e-05;1.89e-05;1.37e-05;0.000457955;0.000370459;1.01e-05
2.8e-05;2.32e-05;1.71e-05;1.25e-05;0.000484942;0.000365415;7.66e-06
2.92e-05;2.45e-05;1.87e-05;1.44e-05;0.000446182;0.000359633;8.2e-06
3.04e-05;2.52e-05;1.87e-05;1.38e-05;0.000466714;0.000375247;8.27e-06
3.76e-05;3.16e-05;2.39e-05;1.8e-05;0.000720059;0.000554171;1.03e-05
3.63e-05;3.04e-05;2.27e-05;1.68e-05;0.000677107;0.000529381;9.51e-06
3.25e-05;2.68e-05;2.02e-05;1.54e-05;0.000580303;0.000450131;9.39e-06
4.24e-05;3.54e-05;2.69e-05;2.05e-05;0.000846478;0.000624996;1.13e-05
2.79e-05;2.3e-05;1.68e-05;1.23e-05;0.000499077;0.000379868;7.95e-06
3.02e-05;2.54e-05;1.96e-05;1.52e-05;0.000566116;0.000458741;8.75e-06
3.06e-05;2.56e-05;1.96e-05;1.54e-05;0.000556117;0.00044742;9.02e-06
3.41e-05;2.86e-05;2.14e-05;1.57e-05;0.000533021;0.000421903;9.1e-06
2.97e-05;2.45e-05;1.76e-05;1.24e-05;0.000427812;0.000341404;8.21e-06
3.07e-05;2.46e-05;1.7e-05;1.14e-05;0.000570172;0.000411715;8.48e-06
2.3e-05;1.84e-05;1.28e-05;8.76e-06;0.000399724;0.00029709;6.8e-06
3.14e-05;2.71e-05;2.17e-05;1.76e-05;0.000561819;0.000471074;8.31e-06
3.01e-05;2.54e-05;1.93e-05;1.47e-05;0.000509681;0.000409232;7.77e-06
3.12e-05;2.54e-05;1.83e-05;1.3e-05;0.000522164;0.000402389;8.73e-06
2.4e-05;1.96e-05;1.44e-05;1.07e-05;0.000383645;0.000312242;7.05e-06
3.43e-05;2.91e-05;2.24e-05;1.7e-05;0.000670015;0.000501175;9.19e-06
4.14e-05;3.41e-05;2.45e-05;1.71e-05;0.000597668;0.000491953;1.11e-05
3.75e-05;3.11e-05;2.31e-05;1.7e-05;0.000549593;0.000446538;1.05e-05
2.81e-05;2.27e-05;1.59e-05;1.07e-05;0.000382113;0.000300133;7.75e-06
3.82e-05;3.17e-05;2.33e-05;1.67e-05;0.000704269;0.000541674;1.04e-05
2.69e-05;2.23e-05;1.65e-05;1.2e-05;0.000480868;0.0003614;7.29e-06
2.57e-05;2.1e-05;1.51e-05;1.07e-05;0.000368907;0.000303669;7.2e-06
3.21e-05;2.65e-05;1.96e-05;1.46e-05;0.000608365;0.000439592;9.08e-06
4.17e-05;3.48e-05;2.6e-05;1.91e-05;0.000804966;0.000599536;1.11e-05
3.17e-05;2.66e-05;2.02e-05;1.54e-05;0.000439951;0.000370428;8.1e-06
4.05e-05;3.4e-05;2.55e-05;1.88e-05;0.000550017;0.000472986;1.07e-05
2.87e-05;2.36e-05;1.74e-05;1.3e-05;0.000404112;0.000345741;8.14e-06
2.91e-05;2.39e-05;1.76e-05;1.27e-05;0.000475096;0.000375878;8.2e-06
3.33e-05;2.7e-05;1.9e-05;1.3e-05;0.000520693;0.000388564;9.19e-06
2.54e-05;2.13e-05;1.62e-05;1.25e-05;0.000431699;0.000337612;7.53e-06
2.68e-05;2.19e-05;1.58e-05;1.13e-05;0.000374391;0.000303394;7.47e-06
2.9e-05;2.42e-05;1.82e-05;1.35e-05;0.00043336;0.000360361;7.69e-06
3.19e-05;2.56e-05;1.76e-05;1.15e-05;0.000568093;0.000404276;8.68e-06
3.48e-05;2.96e-05;2.32e-05;1.82e-05;0.000608632;0.000492505;9.54e-06
2.91e-05;2.39e-05;1.74e-05;1.24e-05;0.000533064;0.000399366;8.44e-06
3.18e-05;2.63e-05;1.95e-05;1.46e-05;0.000571768;0.000448457;9.15e-06
2.98e-05;2.49e-05;1.89e-05;1.45e-05;0.000497302;0.000404097;8.07e-06
2.82e-05;2.37e-05;1.79e-05;1.34e-05;0.000449053;0.000354099;7.82e-06
3.45e-05;2.84e-05;2.1e-05;1.56e-05;0.000603467;0.000473016;9.26e-06
3.24e-05;2.68e-05;1.95e-05;1.4e-05;0.00043859;0.000365843;9.18e-06
2.72e-05;2.25e-05;1.68e-05;1.25e-05;0.00048775;0.000381982;7.62e-06
2.9e-05;2.4e-05;1.75e-05;1.22e-05;0.000363644;0.000306197;7.95e-06
2.82e-05;2.31e-05;1.68e-05;1.21e-05;0.000518908;0.000394738;7.88e-06
3.26e-05;2.76e-05;2.13e-05;1.65e-05;0.000456777;0.000401538;8.91e-06
3.75e-05;3.18e-05;2.43e-05;1.85e-05;0.000576051;0.00048856;9.65e-06
3.91e-05;3.17e-05;2.22e-05;1.5e-05;0.000640133;0.000477681;1.05e-05
4.01e-05;3.42e-05;2.68e-05;2.11e-05;0.000672018;0.000564848;1.05e-05
2.77e-05;2.28e-05;1.64e-05;1.15e-05;0.000550835;0.0003965;7.43e-06
2.84e-05;2.39e-05;1.81e-05;1.37e-05;0.00050215;0.000390191;7.63e-06
2.93e-05;2.46e-05;1.91e-05;1.5e-05;0.000547839;0.000403587;8.48e-06
3.94e-05;3.24e-05;2.36e-05;1.66e-05;0.000694716;0.000520695;1.02e-05
2.99e-05;2.56e-05;2e-05;1.57e-05;0.000561013;0.000449735;7.76e-06
3.66e-05;3.04e-05;2.22e-05;1.6e-05;0.000684599;0.000503492;9.89e-06
2.67e-05;2.21e-05;1.6e-05;1.13e-05;0.000461023;0.000353679;7.18e-06
2.57e-05;2.08e-05;1.45e-05;9.93e-06;0.000430563;0.000321229;7.86e-06
3.72e-05;3.13e-05;2.35e-05;1.75e-05;0.000492567;0.000432446;1.03e-05
3.63e-05;2.98e-05;2.16e-05;1.57e-05;0.000549355;0.000443159;1.01e-05
3.46e-05;2.92e-05;2.2e-05;1.62e-05;0.000644987;0.000492448;9.59e-06
3.95e-05;3.3e-05;2.5e-05;1.89e-05;0.00064713;0.000517489;1.04e-05
3.12e-05;2.64e-05;2.04e-05;1.59e-05;0.000597413;0.000472193;8.3e-06
3.17e-05;2.63e-05;1.95e-05;1.44e-05;0.00050616;0.000399327;9.51e-06
3.32e-05;2.65e-05;1.8e-05;1.17e-05;0.000488288;0.000382977;9.91e-06
3.96e-05;3.22e-05;2.28e-05;1.58e-05;0.000601561;0.000461555;1.08e-05
3.08e-05;2.61e-05;2.03e-05;1.56e-05;0.000486279;0.000391153;8.46e-06
2.75e-05;2.26e-05;1.61e-05;1.12e-05;0.00050734;0.000376159;7.43e-06
2.57e-05;2.05e-05;1.39e-05;9.02e-06;0.000450202;0.000330843;7.14e-06
3.47e-05;2.79e-05;1.93e-05;1.28e-05;0.000621678;0.000453239;9.62e-06
2.8e-05;2.3e-05;1.64e-05;1.14e-05;0.000458623;0.000351263;7.51e-06
2.83e-05;2.31e-05;1.7e-05;1.25e-05;0.000445928;0.000356724;7.85e-06
4.13e-05;3.46e-05;2.6e-05;1.93e-05;0.000692714;0.000524036;1.07e-05
2.74e-05;2.34e-05;1.85e-05;1.48e-05;0.000523504;0.000415324;7.7e-06
2.52e-05;2.06e-05;1.5e-05;1.08e-05;0.000407614;0.000315087;7.04e-06
3.19e-05;2.65e-05;1.96e-05;1.42e-05;0.000569768;0.000431246;8.74e-06
3.36e-05;2.81e-05;2.08e-05;1.51e-05;0.00055652;0.000429577;9.12e-06
3.07e-05;2.53e-05;1.86e-05;1.36e-05;0.000494747;0.000397523;8.17e-06
3.5e-05;2.78e-05;1.87e-05;1.19e-05;0.00065663;0.000454364;9.6e-06
3.38e-05;2.87e-05;2.22e-05;1.71e-05;0.000513002;0.000436382;8.83e-06
2.97e-05;2.55e-05;2.02e-05;1.62e-05;0.000465709;0.00040168;7.88e-06
4.25e-05;3.52e-05;2.57e-05;1.84e-05;0.00075386;0.000571223;1.13e-05
4.11e-05;3.45e-05;2.6e-05;1.93e-05;0.00077693;0.000599145;1.12e-05
3.86e-05;3.19e-05;2.34e-05;1.71e-05;0.000754737;0.000549942;1.04e-05
2.76e-05;2.25e-05;1.59e-05;1.1e-05;0.000455738;0.000358534;7.69e-06
3.29e-05;2.76e-05;2.12e-05;1.64e-05;0.000481636;0.000391814;8.72e-06
2.76e-05;2.35e-05;1.85e-05;1.47e-05;0.000422567;0.000363869;7.52e-06
3.9e-05;3.16e-05;2.22e-05;1.49e-05;0.000682262;0.000491918;1.07e-05
3.19e-05;2.65e-05;1.98e-05;1.46e-05;0.000529084;0.000401022;8.64e-06
3.06e-05;2.54e-05;1.88e-05;1.39e-05;0.00042453;0.000352137;8.52e-06
2.7e-05;2.24e-05;1.66e-05;1.23e-05;0.000382669;0.000315696;7.18e-06
3.42e-05;2.8e-05;2.02e-05;1.44e-05;0.000594922;0.000458352;9.43e-06
3.36e-05;2.87e-05;2.24e-05;1.76e-05;0.000573153;0.000457153;8.62e-06
2.59e-05;2.11e-05;1.51e-05;1.06e-05;0.000453004;0.000341755;7.21e-06
3.19e-05;2.58e-05;1.82e-05;1.23e-05;0.000402139;0.000320541;8.94e-06
3.94e-05;3.22e-05;2.28e-05;1.55e-05;0.000763561;0.000537472;1.06e-05
3.79e-05;3.15e-05;2.3e-05;1.64e-05;0.000638514;0.00047561;9.89e-06
3.96e-05;3.4e-05;2.73e-05;2.23e-05;0.00061005;0.000507313;1.1e-05
2.88e-05;2.39e-05;1.81e-05;1.38e-05;0.000412487;0.000352841;8.39e-06
2.81e-05;2.33e-05;1.75e-05;1.33e-05;0.000454085;0.000353375;7.99e-06
2.61e-05;2.13e-05;1.53e-05;1.07e-05;0.000483074;0.000363516;7.48e-06
3.34e-05;2.88e-05;2.31e-05;1.9e-05;0.000495719;0.000425358;9.19e-06
3.28e-05;2.67e-05;1.9e-05;1.35e-05;0.000550801;0.00043185;9.33e-06
2.86e-05;2.4e-05;1.84e-05;1.42e-05;0.00050458;0.000399691;7.95e-06
4.21e-05;3.5e-05;2.64e-05;2e-05;0.000729031;0.000573916;1.15e-05
3.83e-05;3.32e-05;2.7e-05;2.23e-05;0.000691794;0.000544607;1.01e-05
3.16e-05;2.75e-05;2.24e-05;1.84e-05;0.000519256;0.000438567;8.08e-06
3.42e-05;2.88e-05;2.16e-05;1.6e-05;0.00047688;0.000400261;9.01e-06
2.72e-05;2.28e-05;1.73e-05;1.29e-05;0.000477249;0.00038539;7.59e-06
4.1e-05;3.51e-05;2.77e-05;2.21e-05;0.000704695;0.000582834;1.11e-05
4.13e-05;3.4e-05;2.48e-05;1.76e-05;0.000756866;0.000550075;1.13e-05
3.35e-05;2.86e-05;2.25e-05;1.79e-05;0.00049679;0.000430429;9.06e-06
3.8e-05;3.09e-05;2.21e-05;1.56e-05;0.000594689;0.000481356;1.06e-05
2.43e-05;2.06e-05;1.58e-05;1.23e-05;0.00034119;0.000292541;6.82e-06
2.98e-05;2.5e-05;1.88e-05;1.4e-05;0.000511492;0.000402045;7.86e-06
4.04e-05;3.32e-05;2.43e-05;1.77e-05;0.000740593;0.000539576;1.09e-05
3.44e-05;2.77e-05;1.93e-05;1.31e-05;0.000657573;0.000456499;9.85e-06
2.67e-05;2.2e-05;1.6e-05;1.15e-05;0.00049992;0.00036619;7.53e-06
2.76e-05;2.36e-05;1.88e-05;1.53e-05;0.000435408;0.000370144;7.45e-06
3.82e-05;3.18e-05;2.36e-05;1.75e-05;0.000686054;0.000543278;1.09e-05
3.05e-05;2.57e-05;1.98e-05;1.54e-05;0.000546495;0.000450427;8.33e-06
2.74e-05;2.29e-05;1.72e-05;1.26e-05;0.000498307;0.000380499;7.63e-06
2.77e-05;2.39e-05;1.91e-05;1.56e-05;0.00041615;0.000354204;7.93e-06
2.41e-05;1.96e-05;1.42e-05;1.03e-05;0.000354446;0.000283187;6.85e-06
3.95e-05;3.27e-05;2.41e-05;1.77e-05;0.000628325;0.000512516;1.1e-05
3.26e-05;2.77e-05;2.16e-05;1.71e-05;0.000569639;0.000470745;8.56e-06
2.84e-05;2.3e-05;1.63e-05;1.13e-05;0.000497869;0.000365775;8.33e-06
2.49e-05;2.14e-05;1.71e-05;1.37e-05;0.000381142;0.000315373;7.04e-06
4.1e-05;3.5e-05;2.76e-05;2.19e-05;0.000736618;0.000570463;1.08e-05
3.49e-05;2.85e-05;2.04e-05;1.44e-05;0.000599933;0.000432373;9.62e-06
2.9e-05;2.42e-05;1.81e-05;1.33e-05;0.000508697;0.000393033;7.97e-06
3.15e-05;2.62e-05;1.98e-05;1.51e-05;0.000408958;0.000360592;9.04e-06
2.74e-05;2.22e-05;1.55e-05;1.04e-05;0.000433001;0.000323467;7.38e-06
2.75e-05;2.24e-05;1.6e-05;1.14e-05;0.00044977;0.000357832;7.94e-06
3.66e-05;3.05e-05;2.29e-05;1.68e-05;0.000465584;0.000392645;9.63e-06
4.02e-05;3.22e-05;2.22e-05;1.47e-05;0.000702978;0.000506687;1.07e-05
3.07e-05;2.43e-05;1.62e-05;1.03e-05;0.000502133;0.000355539;8.69e-06
3.12e-05;2.64e-05;2.02e-05;1.53e-05;0.000450461;0.00039942;8.13e-06
3.24e-05;2.69e-05;1.97e-05;1.42e-05;0.000614897;0.000477991;8.82e-06
2.7e-05;2.22e-05;1.63e-05;1.19e-05;0.000476943;0.000373575;8.06e-06
3.94e-05;3.26e-05;2.38e-05;1.7e-05;0.00057152;0.000484987;1.02e-05
2.47e-05;1.99e-05;1.4e-05;9.67e-06;0.000391637;0.000298984;7.21e-06
3.11e-05;2.53e-05;1.81e-05;1.28e-05;0.000608172;0.000430053;8.59e-06
3.68e-05;3.01e-05;2.19e-05;1.59e-05;0.000696274;0.000510166;1.04e-05
2.68e-05;2.24e-05;1.66e-05;1.21e-05;0.000462921;0.000365373;7.16e-06
3.28e-05;2.65e-05;1.9e-05;1.36e-05;0.000590251;0.000443077;9.71e-06
3.18e-05;2.57e-05;1.82e-05;1.27e-05;0.000576138;0.000428566;9.44e-06
2.52e-05;2.05e-05;1.48e-05;1.08e-05;0.000451099;0.000331069;7.27e-06
3.62e-05;3.08e-05;2.43e-05;1.94e-05;0.000530022;0.000477349;9.86e-06
2.78e-05;2.33e-05;1.78e-05;1.38e-05;0.000397189;0.000332473;7.68e-06
2.59e-05;2.13e-05;1.55e-05;1.11e-05;0.000459265;0.000357813;7.44e-06
3.74e-05;3.15e-05;2.41e-05;1.87e-05;0.000647393;0.000530504;1.07e-05
3.65e-05;2.99e-05;2.13e-05;1.47e-05;0.000602068;0.000470384;1.02e-05
3.9e-05;3.17e-05;2.24e-05;1.51e-05;0.000609659;0.000467348;1.03e-05
3.02e-05;2.48e-05;1.82e-05;1.36e-05;0.000462379;0.000389943;8.8e-06
2.91e-05;2.43e-05;1.85e-05;1.41e-05;0.000462991;0.000365776;7.95e-06
2.84e-05;2.42e-05;1.89e-05;1.5e-05;0.000436377;0.00037129;8.03e-06
3.77e-05;3.11e-05;2.26e-05;1.63e-05;0.000584509;0.000459238;1.02e-05
2.55e-05;2.11e-05;1.54e-05;1.11e-05;0.00040963;0.000316466;6.99e-06
3.25e-05;2.71e-05;2e-05;1.45e-05;0.000517991;0.000412256;8.55e-06
3.61e-05;3.01e-05;2.26e-05;1.69e-05;0.000696469;0.000542341;9.43e-06
3.75e-05;3.04e-05;2.15e-05;1.51e-05;0.000626806;0.000483205;1.03e-05
2.69e-05;2.27e-05;1.73e-05;1.33e-05;0.000486745;0.000375838;7.17e-06
4.11e-05;3.43e-05;2.53e-05;1.81e-05;0.000662641;0.000529291;1.04e-05
2.87e-05;2.33e-05;1.69e-05;1.22e-05;0.000479358;0.000356658;8.08e-06
3.46e-05;2.88e-05;2.15e-05;1.6e-05;0.000635555;0.000488592;9.04e-06
2.75e-05;2.29e-05;1.73e-05;1.31e-05;0.000409491;0.000339321;7.59e-06
3.34e-05;2.79e-05;2.1e-05;1.59e-05;0.000504253;0.000417697;9.7e-06
3.35e-05;2.7e-05;1.89e-05;1.3e-05;0.000511592;0.000410634;9.34e-06
2.85e-05;2.32e-05;1.64e-05;1.14e-05;0.000513793;0.000387583;8.19e-06
4.38e-05;3.8e-05;3.07e-05;2.51e-05;0.000831911;0.000668995;1.14e-05
3.21e-05;2.63e-05;1.89e-05;1.33e-05;0.000559901;0.000421951;8.97e-06
3.08e-05;2.45e-05;1.67e-05;1.11e-05;0.000524857;0.000387376;9.4e-06
3.33e-05;2.8e-05;2.12e-05;1.61e-05;0.000501139;0.000412922;8.99e-06
2.85e-05;2.38e-05;1.78e-05;1.33e-05;0.000496522;0.000383605;7.94e-06
3.74e-05;3.05e-05;2.22e-05;1.61e-05;0.000663848;0.000511627;1.04e-05
3.95e-05;3.21e-05;2.24e-05;1.51e-05;0.000627598;0.000471729;1.09e-05
3.37e-05;2.76e-05;2e-05;1.43e-05;0.000607759;0.000435358;9.29e-06
2.96e-05;2.5e-05;1.9e-05;1.45e-05;0.000514678;0.000423972;8.01e-06
3.76e-05;3.14e-05;2.35e-05;1.74e-05;0.000595557;0.000464212;1.06e-05
3.74e-05;3.18e-05;2.45e-05;1.89e-05;0.000568786;0.000468219;9.85e-06
3.42e-05;2.91e-05;2.28e-05;1.79e-05;0.000611264;0.000487426;8.93e-06
2.94e-05;2.46e-05;1.86e-05;1.39e-05;0.000495854;0.00038454;8.55e-06
2.88e-05;2.39e-05;1.75e-05;1.25e-05;0.000388053;0.000330363;8.15e-06
3.71e-05;3.05e-05;2.23e-05;1.58e-05;0.000615498;0.000470703;9.88e-06
3.38e-05;2.91e-05;2.32e-05;1.87e-05;0.00062917;0.000495351;9.03e-06
2.86e-05;2.35e-05;1.73e-05;1.27e-05;0.000503339;0.000381565;8.01e-06
2.78e-05;2.31e-05;1.71e-05;1.25e-05;0.000521766;0.000393657;7.7e-06
3.23e-05;2.66e-05;2e-05;1.52e-05;0.000570764;0.000457187;9.09e-06
2.69e-05;2.25e-05;1.68e-05;1.22e-05;0.000502761;0.000366739;7.42e-06
3.45e-05;2.89e-05;2.2e-05;1.68e-05;0.000589883;0.000455389;9.25e-06
3.97e-05;3.25e-05;2.32e-05;1.6e-05;0.000723614;0.000548875;1.05e-05
2.9e-05;2.37e-05;1.71e-05;1.19e-05;0.000370109;0.000311287;8.36e-06
3.91e-05;3.22e-05;2.34e-05;1.66e-05;0.000761057;0.000549045;1.02e-05
3.21e-05;2.72e-05;2.1e-05;1.63e-05;0.000611289;0.000476045;8.78e-06
2.86e-05;2.28e-05;1.55e-05;1e-05;0.000396397;0.000314295;8.37e-06
3.07e-05;2.52e-05;1.82e-05;1.28e-05;0.000511659;0.000393154;8.46e-06
2.63e-05;2.15e-05;1.56e-05;1.13e-05;0.000372169;0.000309164;7.17e-06
2.71e-05;2.22e-05;1.63e-05;1.19e-05;0.000362476;0.000304067;7.52e-06
2.99e-05;2.57e-05;2.07e-05;1.7e-05;0.000516106;0.00043246;7.89e-06
2.92e-05;2.41e-05;1.77e-05;1.28e-05;0.0004065;0.000324763;8.12e-06
3.86e-05;3.12e-05;2.17e-05;1.45e-05;0.000612317;0.000455413;1.09e-05
2.84e-05;2.34e-05;1.71e-05;1.24e-05;0.000527283;0.000390358;8.27e-06
2.89e-05;2.44e-05;1.87e-05;1.44e-05;0.000579667;0.00045654;7.59e-06
2.75e-05;2.26e-05;1.66e-05;1.21e-05;0.000489436;0.000358616;7.68e-06
2.94e-05;2.44e-05;1.78e-05;1.27e-05;0.000575146;0.000411142;7.99e-06
3.14e-05;2.57e-05;1.83e-05;1.27e-05;0.000468005;0.000363133;8.27e-06
2.65e-05;2.25e-05;1.75e-05;1.38e-05;0.000393883;0.000349318;7.77e-06
3.55e-05;2.93e-05;2.15e-05;1.57e-05;0.000608114;0.000473123;1.02e-05
2.46e-05;2.02e-05;1.47e-05;1.05e-05;0.000453597;0.000339593;7.23e-06
2.55e-05;2.1e-05;1.53e-05;1.11e-05;0.000426802;0.000332701;7.07e-06
2.65e-05;2.17e-05;1.6e-05;1.18e-05;0.000464512;0.00036233;7.66e-06
3.21e-05;2.67e-05;2.01e-05;1.5e-05;0.000618762;0.000476601;8.35e-06
3.26e-05;2.78e-05;2.18e-05;1.74e-05;0.000614146;0.000501841;8.5e-06
2.74e-05;2.28e-05;1.7e-05;1.26e-05;0.000529438;0.000406765;7.95e-06
2.83e-05;2.33e-05;1.7e-05;1.24e-05;0.000476827;0.000354729;7.57e-06
3.66e-05;2.97e-05;2.09e-05;1.41e-05;0.000665162;0.000472549;1e-05
2.67e-05;2.16e-05;1.54e-05;1.08e-05;0.000442558;0.000332514;7.72e-06
3.35e-05;2.83e-05;2.17e-05;1.67e-05;0.000575257;0.000467864;8.62e-06
3.94e-05;3.34e-05;2.59e-05;2.03e-05;0.000691333;0.000562123;1.06e-05
3.56e-05;2.98e-05;2.23e-05;1.67e-05;0.000504881;0.000416845;9.68e-06
3.17e-05;2.63e-05;1.95e-05;1.45e-05;0.00048058;0.00037563;8.18e-06
3.35e-05;2.76e-05;2.03e-05;1.49e-05;0.000595159;0.000469329;8.7e-06
3.41e-05;2.92e-05;2.31e-05;1.84e-05;0.000545011;0.000457734;9.19e-06
3.13e-05;2.58e-05;1.9e-05;1.38e-05;0.000620013;0.000468385;8.13e-06
3.53e-05;2.94e-05;2.19e-05;1.61e-05;0.000583796;0.000458464;1.03e-05
3.27e-05;2.73e-05;2.06e-05;1.56e-05;0.000563725;0.000439023;9.32e-06
3.72e-05;3.19e-05;2.56e-05;2.1e-05;0.000590259;0.000508575;1e-05
3.46e-05;2.94e-05;2.3e-05;1.83e-05;0.000543263;0.000474623;9.7e-06
2.79e-05;2.24e-05;1.56e-05;1.06e-05;0.000447145;0.00035167;8.39e-06
3.41e-05;2.84e-05;2.11e-05;1.55e-05;0.00046468;0.00038625;8.86e-06
3.12e-05;2.61e-05;1.94e-05;1.44e-05;0.00047279;0.000400288;8.44e-06
2.57e-05;2.12e-05;1.57e-05;1.16e-05;0.000444334;0.000358944;7.01e-06
3.76e-05;3.09e-05;2.28e-05;1.69e-05;0.00053155;0.000456755;1.01e-05
3.89e-05;3.21e-05;2.33e-05;1.68e-05;0.000696835;0.000522364;1.09e-05
3.48e-05;2.87e-05;2.11e-05;1.54e-05;0.000481401;0.00039946;9.82e-06
3.76e-05;3.09e-05;2.26e-05;1.64e-05;0.000670435;0.000513771;1.03e-05
2.96e-05;2.54e-05;2.01e-05;1.6e-05;0.00058853;0.000449501;7.43e-06
3.23e-05;2.65e-05;1.88e-05;1.29e-05;0.000571375;0.000437809;8.41e-06
3.38e-05;2.8e-05;2.08e-05;1.55e-05;0.000594831;0.000458684;9.18e-06
2.89e-05;2.51e-05;2.07e-05;1.75e-05;0.000516367;0.000417019;7.64e-06
2.8e-05;2.28e-05;1.64e-05;1.15e-05;0.000438678;0.000338323;7.86e-06
3.8e-05;3.23e-05;2.49e-05;1.92e-05;0.000639504;0.000519506;9.99e-06
2.43e-05;1.97e-05;1.41e-05;1e-05;0.000406251;0.000311449;7e-06
3.23e-05;2.68e-05;1.97e-05;1.42e-05;0.00054852;0.000439221;9.1e-06
3.99e-05;3.23e-05;2.24e-05;1.48e-05;0.000504432;0.000426652;1.05e-05
3.44e-05;2.95e-05;2.32e-05;1.82e-05;0.000548432;0.000452961;8.88e-06
3.5e-05;2.9e-05;2.11e-05;1.5e-05;0.000540464;0.000443351;1e-05
3.44e-05;2.85e-05;2.1e-05;1.55e-05;0.00046309;0.000388187;9.52e-06
2.41e-05;1.98e-05;1.48e-05;1.13e-05;0.000451757;0.000340499;6.96e-06
3.83e-05;3.27e-05;2.57e-05;2.03e-05;0.000643975;0.000523452;1.05e-05
3.74e-05;3.12e-05;2.3e-05;1.68e-05;0.000634796;0.000492921;1.03e-05
3.04e-05;2.5e-05;1.86e-05;1.39e-05;0.000515571;0.000396697;8.62e-06
3.92e-05;3.4e-05;2.76e-05;2.27e-05;0.000703679;0.000567897;1.02e-05
3.84e-05;3.22e-05;2.46e-05;1.9e-05;0.000620858;0.000507611;1.07e-05
2.6e-05;2.2e-05;1.7e-05;1.3e-05;0.000491214;0.000377888;7.17e-06
3.64e-05;3.06e-05;2.36e-05;1.84e-05;0.000656107;0.000525056;9.82e-06
2.55e-05;2.13e-05;1.59e-05;1.17e-05;0.000479686;0.000355729;7.23e-06
2.92e-05;2.42e-05;1.81e-05;1.35e-05;0.0004531;0.000360788;8.21e-06
3.32e-05;2.78e-05;2.06e-05;1.49e-05;0.000609793;0.000454891;8.91e-06
3.17e-05;2.62e-05;1.94e-05;1.41e-05;0.000554767;0.000417563;9.14e-06
3.15e-05;2.52e-05;1.77e-05;1.23e-05;0.000603831;0.000417375;9.24e-06
2.68e-05;2.17e-05;1.52e-05;1.03e-05;0.000415779;0.000331671;7.2e-06
4e-05;3.26e-05;2.3e-05;1.57e-05;0.0005614;0.000465506;1.03e-05
3.33e-05;2.7e-05;1.9e-05;1.31e-05;0.000544298;0.000406433;9.17e-06
3.54e-05;2.94e-05;2.21e-05;1.69e-05;0.000613852;0.000494985;9.93e-06
3.13e-05;2.54e-05;1.84e-05;1.34e-05;0.000487655;0.000372713;9.04e-06
2.49e-05;2.1e-05;1.64e-05;1.3e-05;0.000346459;0.000307189;6.9e-06
3.25e-05;2.81e-05;2.3e-05;1.93e-05;0.000639806;0.000509977;8.35e-06
2.83e-05;2.42e-05;1.9e-05;1.5e-05;0.000423879;0.000380296;7.39e-06
2.52e-05;2.09e-05;1.57e-05;1.2e-05;0.000468359;0.000367013;7.55e-06
2.98e-05;2.51e-05;1.9e-05;1.41e-05;0.000448099;0.00036295;7.81e-06
2.75e-05;2.28e-05;1.72e-05;1.31e-05;0.000397437;0.000327545;8.3e-06
2.67e-05;2.26e-05;1.77e-05;1.41e-05;0.000421936;0.000342819;7.2e-06
3.74e-05;3.18e-05;2.44e-05;1.87e-05;0.00075251;0.00056635;1e-05
3.35e-05;2.79e-05;2.08e-05;1.53e-05;0.000503988;0.000413404;9e-06
3.01e-05;2.48e-05;1.82e-05;1.33e-05;0.000528821;0.000399391;8.59e-06
2.65e-05;2.17e-05;1.57e-05;1.13e-05;0.000521873;0.0003769;7.38e-06
2.68e-05;2.14e-05;1.46e-05;9.42e-06;0.000540548;0.000377195;7.21e-06
3.15e-05;2.65e-05;2.04e-05;1.59e-05;0.00059586;0.000453895;8.05e-06
3.14e-05;2.61e-05;1.92e-05;1.39e-05;0.000447785;0.000357856;8.53e-06
3.15e-05;2.62e-05;1.94e-05;1.41e-05;0.000461236;0.000372528;8.91e-06
3.07e-05;2.55e-05;1.88e-05;1.36e-05;0.000552415;0.000422673;8.37e-06
3.56e-05;2.86e-05;1.97e-05;1.31e-05;0.000488678;0.00039702;9.92e-06
3.21e-05;2.71e-05;2.09e-05;1.63e-05;0.000529665;0.000425639;8.33e-06
3.86e-05;3.26e-05;2.5e-05;1.92e-05;0.000665177;0.000538175;1.08e-05
3.35e-05;2.77e-05;2.02e-05;1.45e-05;0.000553527;0.000411612;1.03e-05
2.66e-05;2.13e-05;1.47e-05;9.86e-06;0.000383167;0.000301068;7.73e-06
3.82e-05;3.18e-05;2.34e-05;1.68e-05;0.000571064;0.000449216;1.04e-05
2.77e-05;2.31e-05;1.75e-05;1.34e-05;0.000454883;0.000363388;7.36e-06
2.69e-05;2.28e-05;1.79e-05;1.43e-05;0.000404667;0.000342565;7.91e-06
4e-05;3.38e-05;2.58e-05;1.97e-05;0.0006886;0.000559124;1.05e-05
3.85e-05;3.16e-05;2.3e-05;1.65e-05;0.000619461;0.000481819;1.03e-05
2.48e-05;1.99e-05;1.38e-05;9.34e-06;0.000446219;0.000332438;7.27e-06
2.78e-05;2.34e-05;1.76e-05;1.31e-05;0.000434534;0.000361537;7.22e-06
2.89e-05;2.34e-05;1.65e-05;1.11e-05;0.000549051;0.00038373;8.13e-06
2.65e-05;2.27e-05;1.81e-05;1.47e-05;0.000444762;0.000359484;7.5e-06
2.76e-05;2.32e-05;1.73e-05;1.26e-05;0.000493692;0.00038023;7.39e-06
2.71e-05;2.16e-05;1.49e-05;1e-05;0.000465358;0.000339292;7.67e-06
3.28e-05;2.67e-05;1.92e-05;1.36e-05;0.000474097;0.000390568;1e-05
3.47e-05;2.78e-05;1.92e-05;1.3e-05;0.000591078;0.000429737;1.03e-05
2.66e-05;2.18e-05;1.62e-05;1.21e-05;0.000435485;0.000346737;7.41e-06
3.77e-05;3.23e-05;2.56e-05;2.06e-05;0.000648913;0.000517653;9.77e-06
3.47e-05;2.84e-05;2.04e-05;1.43e-05;0.000559694;0.000428;9.33e-06
3.92e-05;3.27e-05;2.41e-05;1.74e-05;0.000677067;0.000543065;1.05e-05
2.92e-05;2.38e-05;1.69e-05;1.16e-05;0.000449967;0.000359674;8.65e-06
4.4e-05;3.68e-05;2.76e-05;2.02e-05;0.000862744;0.000622839;1.14e-05
3.28e-05;2.7e-05;1.95e-05;1.38e-05;0.000538977;0.000410787;9.2e-06
2.79e-05;2.27e-05;1.59e-05;1.07e-05;0.000423064;0.00032729;7.19e-06
3.85e-05;3.2e-05;2.32e-05;1.64e-05;0.000628001;0.000477497;1.03e-05
3.79e-05;3.15e-05;2.37e-05;1.76e-05;0.000665307;0.000504512;9.73e-06
3.93e-05;3.25e-05;2.43e-05;1.84e-05;0.000607132;0.000494501;1.06e-05
2.63e-05;2.2e-05;1.68e-05;1.29e-05;0.000507988;0.000372791;7.27e-06
2.4e-05;1.96e-05;1.4e-05;9.72e-06;0.000367893;0.000295598;7.09e-06
2.62e-05;2.14e-05;1.52e-05;1.05e-05;0.000468204;0.000357442;7.18e-06
3.51e-05;2.92e-05;2.17e-05;1.58e-05;0.00060676;0.000479458;9.15e-06
2.82e-05;2.34e-05;1.76e-05;1.35e-05;0.000511775;0.000387167;7.83e-06
3.57e-05;2.97e-05;2.24e-05;1.71e-05;0.000619361;0.000471432;1.01e-05
3.46e-05;2.81e-05;1.98e-05;1.34e-05;0.000649147;0.000466919;9.53e-06
4.14e-05;3.46e-05;2.57e-05;1.87e-05;0.000620965;0.000511724;1.08e-05
2.73e-05;2.31e-05;1.78e-05;1.38e-05;0.000437816;0.000359201;7.64e-06
3.4e-05;2.76e-05;1.95e-05;1.32e-05;0.000578103;0.000422012;9.57e-06
2.39e-05;2e-05;1.52e-05;1.16e-05;0.000414583;0.000341896;7.09e-06
3.5e-05;2.84e-05;1.99e-05;1.35e-05;0.000656874;0.000485811;9.28e-06
2.47e-05;2.03e-05;1.5e-05;1.12e-05;0.00049391;0.000367218;6.83e-06
3.51e-05;2.94e-05;2.24e-05;1.73e-05;0.000654986;0.000522047;9.71e-06
3.14e-05;2.72e-05;2.19e-05;1.79e-05;0.000475853;0.000405843;8.06e-06
3.26e-05;2.74e-05;2.1e-05;1.62e-05;0.000470246;0.000406993;8.82e-06
3.25e-05;2.77e-05;2.16e-05;1.72e-05;0.000591952;0.00048156;9.18e-06
3.66e-05;3.1e-05;2.38e-05;1.84e-05;0.000528804;0.000440254;9.93e-06
3.83e-05;3.29e-05;2.6e-05;2.06e-05;0.000670094;0.000541506;9.82e-06
3.51e-05;2.94e-05;2.26e-05;1.75e-05;0.000598106;0.000495597;9.13e-06
3.85e-05;3.22e-05;2.42e-05;1.81e-05;0.000619454;0.000492266;1.1e-05
3.42e-05;2.89e-05;2.25e-05;1.76e-05;0.000631158;0.000484205;9.63e-06
3.83e-05;3.19e-05;2.37e-05;1.73e-05;0.000640774;0.000520886;1.05e-05
3.12e-05;2.62e-05;2.01e-05;1.53e-05;0.000627964;0.000482068;8.27e-06
2.53e-05;2.11e-05;1.56e-05;1.14e-05;0.0004453;0.000353186;7.02e-06
2.91e-05;2.39e-05;1.73e-05;1.23e-05;0.000507725;0.00037615;7.51e-06
3.24e-05;2.63e-05;1.84e-05;1.23e-05;0.000597295;0.000419077;8.57e-06
2.45e-05;2.11e-05;1.69e-05;1.38e-05;0.000395038;0.000325724;6.91e-06
3.69e-05;3.05e-05;2.24e-05;1.65e-05;0.000608685;0.000490755;9.53e-06
2.68e-05;2.21e-05;1.61e-05;1.15e-05;0.000494986;0.000359915;7.42e-06
3.23e-05;2.65e-05;1.94e-05;1.43e-05;0.000433258;0.00037229;9.69e-06
2.97e-05;2.45e-05;1.8e-05;1.32e-05;0.000544107;0.000403592;8.28e-06
3.56e-05;3e-05;2.34e-05;1.84e-05;0.000484616;0.000423391;9.06e-06
4.31e-05;3.69e-05;2.97e-05;2.43e-05;0.000818777;0.000649339;1.13e-05
2.8e-05;2.34e-05;1.79e-05;1.39e-05;0.000478606;0.000370347;7.84e-06
3.63e-05;3.01e-05;2.23e-05;1.65e-05;0.00057761;0.000479027;1.01e-05
2.95e-05;2.43e-05;1.77e-05;1.28e-05;0.000536659;0.000399651;8.61e-06
3.45e-05;2.74e-05;1.9e-05;1.3e-05;0.000571486;0.000421869;1.03e-05
2.8e-05;2.32e-05;1.71e-05;1.24e-05;0.000478332;0.000379749;7.97e-06
2.85e-05;2.35e-05;1.72e-05;1.23e-05;0.000453408;0.000351405;7.33e-06
2.97e-05;2.47e-05;1.87e-05;1.43e-05;0.000432514;0.000373888;8.38e-06
3.44e-05;2.91e-05;2.24e-05;1.74e-05;0.000578385;0.000476352;9.08e-06
2.63e-05;2.2e-05;1.64e-05;1.2e-05;0.000401237;0.000327999;7.09e-06
3.42e-05;2.96e-05;2.4e-05;1.99e-05;0.000655963;0.000544863;9.5e-06
3.81e-05;3.18e-05;2.38e-05;1.79e-05;0.000536594;0.000445111;9.97e-06
2.66e-05;2.24e-05;1.71e-05;1.33e-05;0.000494685;0.000395228;7.63e-06
2.53e-05;2e-05;1.36e-05;9.09e-06;0.000396429;0.000305856;7.37e-06
3.46e-05;2.84e-05;2.07e-05;1.5e-05;0.000519974;0.000408471;9.18e-06
3.27e-05;2.73e-05;2.06e-05;1.55e-05;0.00060994;0.000474078;8.75e-06
2.79e-05;2.31e-05;1.71e-05;1.25e-05;0.000381536;0.000324393;7.52e-06
3.23e-05;2.68e-05;2.04e-05;1.57e-05;0.000510139;0.000399428;9.37e-06
3.45e-05;2.77e-05;1.9e-05;1.27e-05;0.000433288;0.000350147;9.82e-06
3.24e-05;2.58e-05;1.75e-05;1.13e-05;0.000440072;0.000354958;9e-06
3.47e-05;2.87e-05;2.13e-05;1.57e-05;0.000635148;0.000491211;9.8e-06
2.65e-05;2.15e-05;1.53e-05;1.09e-05;0.000420432;0.000333266;7.29e-06
3.85e-05;3.25e-05;2.49e-05;1.92e-05;0.000626405;0.000492566;9.98e-06
3.69e-05;3.09e-05;2.33e-05;1.76e-05;0.000648418;0.000495978;9.68e-06
2.79e-05;2.33e-05;1.78e-05;1.38e-05;0.000418719;0.000350665;7.58e-06
3.5e-05;2.91e-05;2.14e-05;1.56e-05;0.000518305;0.000438339;9.64e-06
3.32e-05;2.85e-05;2.24e-05;1.78e-05;0.000535885;0.00047153;8.51e-06
3.36e-05;2.7e-05;1.92e-05;1.35e-05;0.000542384;0.000403517;1.01e-05
2.58e-05;2.1e-05;1.49e-05;1.02e-05;0.000447332;0.000330343;7.41e-06
4.05e-05;3.31e-05;2.39e-05;1.71e-05;0.000690347;0.000513915;1.03e-05
4.08e-05;3.44e-05;2.59e-05;1.92e-05;0.000626164;0.000491033;1.04e-05
3.26e-05;2.71e-05;2.02e-05;1.49e-05;0.000571105;0.000461543;9.21e-06
3.24e-05;2.64e-05;1.89e-05;1.32e-05;0.000465264;0.000386098;8.87e-06
3.52e-05;2.93e-05;2.19e-05;1.64e-05;0.000604066;0.000464688;8.77e-06
3.21e-05;2.73e-05;2.11e-05;1.62e-05;0.000521251;0.000425615;8.36e-06
2.64e-05;2.16e-05;1.56e-05;1.12e-05;0.000402477;0.000317351;7.82e-06
3.43e-05;2.89e-05;2.22e-05;1.73e-05;0.000589536;0.000471963;9.87e-06
3.94e-05;3.28e-05;2.43e-05;1.75e-05;0.000732505;0.000525528;1.05e-05
3.82e-05;3.13e-05;2.25e-05;1.58e-05;0.000636075;0.000503746;1e-05
2.68e-05;2.16e-05;1.5e-05;9.97e-06;0.000369086;0.000294974;7.55e-06
3.83e-05;3.13e-05;2.27e-05;1.63e-05;0.000649851;0.000471639;1.05e-05
3.22e-05;2.68e-05;1.97e-05;1.43e-05;0.000532855;0.000409143;8.47e-06
3.11e-05;2.7e-05;2.2e-05;1.82e-05;0.000472444;0.000404322;8.06e-06
3.35e-05;2.71e-05;1.91e-05;1.31e-05;0.000579289;0.000419176;9.18e-06
2.84e-05;2.36e-05;1.73e-05;1.25e-05;0.000473914;0.000362151;7.7e-06
3.26e-05;2.77e-05;2.16e-05;1.7e-05;0.000658522;0.000509701;8.48e-06
2.63e-05;2.15e-05;1.53e-05;1.06e-05;0.000430027;0.00032741;7.31e-06
2.99e-05;2.41e-05;1.71e-05;1.2e-05;0.000544664;0.000403261;9.09e-06
3.25e-05;2.61e-05;1.79e-05;1.19e-05;0.000437735;0.000349616;9.32e-06
2.88e-05;2.4e-05;1.78e-05;1.32e-05;0.00043455;0.000371009;7.61e-06
2.9e-05;2.38e-05;1.72e-05;1.23e-05;0.000404286;0.000343338;7.91e-06
3.68e-05;3.19e-05;2.59e-05;2.15e-05;0.000672162;0.000544956;9.98e-06
2.83e-05;2.36e-05;1.79e-05;1.37e-05;0.000521419;0.000406068;7.67e-06
3.44e-05;2.83e-05;2.05e-05;1.47e-05;0.000576559;0.000462603;9.63e-06
2.76e-05;2.33e-05;1.8e-05;1.39e-05;0.00048917;0.000391261;7.38e-06
3.92e-05;3.28e-05;2.47e-05;1.86e-05;0.00067116;0.000508619;1.1e-05
4.01e-05;3.39e-05;2.58e-05;1.94e-05;0.000617003;0.000498809;1.01e-05
3.21e-05;2.65e-05;1.96e-05;1.44e-05;0.000534557;0.000428887;8.4e-06
3.44e-05;2.82e-05;2.07e-05;1.54e-05;0.000544106;0.000423595;1.04e-05
3.29e-05;2.74e-05;2.04e-05;1.51e-05;0.0005697;0.000461838;9.55e-06
2.59e-05;2.18e-05;1.68e-05;1.32e-05;0.000508602;0.000387791;6.96e-06
3.5e-05;2.9e-05;2.18e-05;1.65e-05;0.000618855;0.000469252;9.92e-06
3.14e-05;2.49e-05;1.68e-05;1.1e-05;0.000431193;0.000339034;8.86e-06
3.89e-05;3.27e-05;2.51e-05;1.96e-05;0.000594915;0.00051586;1.1e-05
3.62e-05;3.08e-05;2.35e-05;1.76e-05;0.000632834;0.000490608;9.58e-06
3.44e-05;2.84e-05;2.07e-05;1.48e-05;0.000479721;0.000403071;9.29e-06
3.56e-05;2.93e-05;2.13e-05;1.52e-05;0.000656469;0.00050822;9.38e-06
3.57e-05;2.92e-05;2.11e-05;1.52e-05;0.000551327;0.000432362;1.03e-05
2.43e-05;2.01e-05;1.49e-05;1.11e-05;0.000431827;0.000345137;7.07e-06
3.67e-05;3.06e-05;2.29e-05;1.72e-05;0.00062654;0.000507189;1.02e-05
4.01e-05;3.26e-05;2.29e-05;1.53e-05;0.000673818;0.000478992;1.05e-05
4.07e-05;3.39e-05;2.55e-05;1.91e-05;0.000625724;0.000511876;1.12e-05
3.61e-05;2.93e-05;2.09e-05;1.47e-05;0.000494422;0.000420177;1.04e-05
3.63e-05;3.09e-05;2.4e-05;1.86e-05;0.000578165;0.000486718;9.49e-06
2.88e-05;2.38e-05;1.75e-05;1.27e-05;0.000541192;0.00041565;7.91e-06
3.74e-05;2.98e-05;2.02e-05;1.3e-05;0.000670244;0.000478111;1.07e-05
2.9e-05;2.36e-05;1.67e-05;1.14e-05;0.00055486;0.000404203;7.83e-06
2.59e-05;2.13e-05;1.57e-05;1.17e-05;0.000387457;0.000309197;7.87e-06
2.65e-05;2.29e-05;1.84e-05;1.5e-05;0.00049264;0.000391248;7.18e-06
3.29e-05;2.7e-05;1.97e-05;1.44e-05;0.000642932;0.000472377;9.79e-06
4e-05;3.41e-05;2.65e-05;2.06e-05;0.00068014;0.000582346;1.05e-05
3.84e-05;3.16e-05;2.3e-05;1.66e-05;0.000666118;0.000514646;1.02e-05
2.75e-05;2.22e-05;1.55e-05;1.05e-05;0.000507993;0.00035756;7.22e-06
3.81e-05;3.26e-05;2.56e-05;2.03e-05;0.000642018;0.000530779;1e-05
2.76e-05;2.31e-05;1.71e-05;1.26e-05;0.00048235;0.000380872;7.42e-06
2.88e-05;2.43e-05;1.87e-05;1.46e-05;0.000462776;0.00037671;8.14e-06
3.73e-05;3.09e-05;2.27e-05;1.64e-05;0.000698998;0.000512145;9.85e-06
2.97e-05;2.41e-05;1.68e-05;1.13e-05;0.000526638;0.000388032;7.94e-06
3.46e-05;2.92e-05;2.25e-05;1.76e-05;0.000572975;0.000477697;9.51e-06
3.38e-05;2.83e-05;2.16e-05;1.66e-05;0.000501918;0.000422837;9.03e-06
4.06e-05;3.34e-05;2.42e-05;1.73e-05;0.000520518;0.000444712;1.07e-05
3.33e-05;2.77e-05;2.08e-05;1.57e-05;0.000573641;0.000457995;8.63e-06
3.06e-05;2.56e-05;1.91e-05;1.4e-05;0.000572998;0.000453255;8.18e-06
2.69e-05;2.16e-05;1.51e-05;1.02e-05;0.000468793;0.000339459;7.65e-06
3.78e-05;3.14e-05;2.33e-05;1.71e-05;0.000661407;0.000515068;9.7e-06
2.84e-05;2.26e-05;1.53e-05;9.91e-06;0.000436252;0.000327004;7.95e-06
3.27e-05;2.66e-05;1.93e-05;1.4e-05;0.000447759;0.000365731;9.42e-06
4.05e-05;3.37e-05;2.49e-05;1.79e-05;0.000698464;0.000535172;1.06e-05
3.3e-05;2.75e-05;2.08e-05;1.58e-05;0.000503274;0.000415286;8.87e-06
2.84e-05;2.4e-05;1.86e-05;1.46e-05;0.000497144;0.000392191;7.63e-06
3.6e-05;2.91e-05;2.05e-05;1.41e-05;0.000625716;0.000480242;1.01e-05
3.85e-05;3.08e-05;2.11e-05;1.38e-05;0.000657976;0.000470761;1.05e-05
2.94e-05;2.39e-05;1.71e-05;1.21e-05;0.000431617;0.000354286;8.56e-06
3.22e-05;2.83e-05;2.36e-05;2.01e-05;0.000506887;0.000451386;8.64e-06
4.08e-05;3.45e-05;2.64e-05;1.99e-05;0.000698077;0.000569058;1.06e-05
3.01e-05;2.47e-05;1.82e-05;1.36e-05;0.000503447;0.000387764;8.46e-06
3.37e-05;2.74e-05;1.96e-05;1.39e-05;0.000425669;0.000349114;9.57e-06
3.73e-05;3.09e-05;2.28e-05;1.66e-05;0.000609226;0.000488591;9.42e-06
3.6e-05;2.94e-05;2.12e-05;1.52e-05;0.000655119;0.000475716;9.92e-06
2.72e-05;2.3e-05;1.76e-05;1.33e-05;0.00045213;0.000355672;7.56e-06
2.57e-05;2.14e-05;1.58e-05;1.15e-05;0.000358914;0.000306446;6.88e-06
3.26e-05;2.79e-05;2.21e-05;1.76e-05;0.000508523;0.000439979;8.32e-06
4.05e-05;3.29e-05;2.34e-05;1.63e-05;0.000651436;0.000505083;1.08e-05
3.97e-05;3.33e-05;2.52e-05;1.91e-05;0.000687214;0.000526928;1.03e-05
2.86e-05;2.44e-05;1.91e-05;1.51e-05;0.0004541;0.000393695;7.35e-06
2.7e-05;2.24e-05;1.65e-05;1.19e-05;0.000433873;0.000347164;7.24e-06
4.1e-05;3.49e-05;2.7e-05;2.08e-05;0.000728518;0.000592699;1.09e-05
3.56e-05;3.03e-05;2.36e-05;1.85e-05;0.000514596;0.00046571;9.81e-06
3.91e-05;3.16e-05;2.19e-05;1.45e-05;0.000514377;0.000416968;1.05e-05
2.65e-05;2.19e-05;1.64e-05;1.24e-05;0.000453409;0.000336309;7.49e-06
4.05e-05;3.39e-05;2.52e-05;1.83e-05;0.0007013;0.000551374;1.03e-05
3.66e-05;3.12e-05;2.45e-05;1.96e-05;0.000542491;0.000475701;1.06e-05
2.88e-05;2.4e-05;1.76e-05;1.26e-05;0.000497089;0.000376712;7.47e-06
3.59e-05;3.06e-05;2.4e-05;1.92e-05;0.000550416;0.000488896;1.05e-05
3.55e-05;2.94e-05;2.22e-05;1.69e-05;0.000580253;0.000462321;9.99e-06
3.89e-05;3.36e-05;2.68e-05;2.14e-05;0.000620027;0.0005252;1.08e-05
3.81e-05;3.22e-05;2.47e-05;1.9e-05;0.000658893;0.000514505;9.89e-06
3.13e-05;2.55e-05;1.82e-05;1.27e-05;0.000471455;0.000379031;8.45e-06
2.85e-05;2.36e-05;1.75e-05;1.26e-05;0.000500277;0.000387041;7.72e-06
3.5e-05;2.88e-05;2.1e-05;1.52e-05;0.000617943;0.000464088;9.39e-06
3.31e-05;2.77e-05;2.08e-05;1.55e-05;0.000615353;0.000467835;8.61e-06
3.54e-05;2.9e-05;2.11e-05;1.51e-05;0.000546393;0.000436519;1.06e-05
2.65e-05;2.15e-05;1.53e-05;1.07e-05;0.000366531;0.000295443;7.08e-06
2.45e-05;2.06e-05;1.56e-05;1.18e-05;0.000407403;0.000314804;6.8e-06
2.78e-05;2.25e-05;1.6e-05;1.12e-05;0.000474467;0.000369697;7.66e-06
2.79e-05;2.38e-05;1.86e-05;1.46e-05;0.000455122;0.000370264;7.35e-06
3.19e-05;2.6e-05;1.88e-05;1.34e-05;0.000447886;0.000375835;9.01e-06
3.89e-05;3.17e-05;2.27e-05;1.58e-05;0.000539806;0.00044416;1.08e-05
3.47e-05;3.01e-05;2.42e-05;1.97e-05;0.000517587;0.000450935;9.52e-06
3.47e-05;3.01e-05;2.44e-05;2.02e-05;0.000589054;0.000479574;9.05e-06
2.73e-05;2.32e-05;1.81e-05;1.43e-05;0.000466767;0.000389904;7.6e-06
2.9e-05;2.49e-05;2e-05;1.62e-05;0.000420762;0.000353744;7.38e-06
3.28e-05;2.71e-05;2.04e-05;1.57e-05;0.000610838;0.00047184;9.33e-06
2.93e-05;2.41e-05;1.73e-05;1.2e-05;0.0005169;0.000380097;7.45e-06
2.97e-05;2.53e-05;1.96e-05;1.52e-05;0.000463656;0.000394796;7.52e-06
3.38e-05;2.85e-05;2.16e-05;1.65e-05;0.000619699;0.0004671;9.46e-06
3.94e-05;3.34e-05;2.57e-05;1.95e-05;0.000604359;0.000506162;1.04e-05
2.72e-05;2.21e-05;1.56e-05;1.06e-05;0.000465092;0.000340216;7.21e-06
3.01e-05;2.49e-05;1.83e-05;1.32e-05;0.000554877;0.000417144;8.2e-06
2.78e-05;2.2e-05;1.48e-05;9.36e-06;0.000488461;0.000346861;7.99e-06
2.68e-05;2.32e-05;1.88e-05;1.54e-05;0.000465042;0.000373518;7.41e-06
3.95e-05;3.31e-05;2.49e-05;1.87e-05;0.000648756;0.000541318;1.09e-05
3.79e-05;3.18e-05;2.37e-05;1.73e-05;0.000616536;0.000489205;9.9e-06
3.27e-05;2.78e-05;2.18e-05;1.73e-05;0.000557609;0.00043635;8.84e-06
2.8e-05;2.3e-05;1.67e-05;1.17e-05;0.000501941;0.000372904;7.56e-06
3.77e-05;3.07e-05;2.15e-05;1.44e-05;0.000540547;0.000443579;9.88e-06
4.2e-05;3.43e-05;2.45e-05;1.71e-05;0.000692915;0.000531669;1.11e-05
4.22e-05;3.52e-05;2.64e-05;1.98e-05;0.000676999;0.000554825;1.11e-05
3.11e-05;2.62e-05;2.02e-05;1.58e-05;0.000483957;0.00039612;8.78e-06
3.7e-05;3.14e-05;2.45e-05;1.93e-05;0.000598847;0.000513799;1.07e-05
3.44e-05;2.77e-05;1.91e-05;1.27e-05;0.000625141;0.000446777;9.05e-06
2.72e-05;2.23e-05;1.64e-05;1.21e-05;0.000411019;0.000325867;7.89e-06
3.01e-05;2.52e-05;1.93e-05;1.48e-05;0.000495612;0.000386815;8.34e-06
3.24e-05;2.67e-05;1.95e-05;1.41e-05;0.000598649;0.000435784;9.02e-06
2.82e-05;2.37e-05;1.81e-05;1.4e-05;0.000460239;0.000374307;7.66e-06
2.9e-05;2.36e-05;1.68e-05;1.15e-05;0.000447516;0.000347863;7.7e-06
3.61e-05;3.01e-05;2.27e-05;1.71e-05;0.000541551;0.000454503;1.02e-05
3.77e-05;3.06e-05;2.14e-05;1.44e-05;0.000564164;0.000452032;1.02e-05
3.96e-05;3.38e-05;2.67e-05;2.14e-05;0.000689627;0.000545131;1.07e-05
3.78e-05;3.1e-05;2.22e-05;1.57e-05;0.000644972;0.000486957;1.08e-05
2.4e-05;1.98e-05;1.47e-05;1.1e-05;0.000358377;0.000286409;7.06e-06
2.82e-05;2.43e-05;1.93e-05;1.56e-05;0.000502745;0.000428989;7.84e-06
4.14e-05;3.52e-05;2.74e-05;2.12e-05;0.000805266;0.000635401;1.07e-05
3.19e-05;2.62e-05;1.89e-05;1.31e-05;0.00061026;0.000451115;8.34e-06
2.86e-05;2.36e-05;1.72e-05;1.24e-05;0.00044243;0.000343865;8.06e-06
2.93e-05;2.46e-05;1.86e-05;1.4e-05;0.000534505;0.000420197;7.58e-06
3.69e-05;3.07e-05;2.31e-05;1.76e-05;0.000623531;0.000497518;1.06e-05
4e-05;3.32e-05;2.49e-05;1.89e-05;0.000693724;0.000536942;1.08e-05
3.61e-05;2.97e-05;2.14e-05;1.51e-05;0.000573453;0.00044248;1.02e-05
4.01e-05;3.35e-05;2.49e-05;1.81e-05;0.000756833;0.000552785;1.08e-05
3.5e-05;2.99e-05;2.37e-05;1.9e-05;0.000644025;0.000507868;9.07e-06
3.28e-05;2.72e-05;2.01e-05;1.46e-05;0.000511439;0.0004267;9.01e-06
3.45e-05;2.85e-05;2.11e-05;1.55e-05;0.000509776;0.000423806;9.75e-06
2.56e-05;2.11e-05;1.58e-05;1.19e-05;0.000493724;0.000377718;6.94e-06
2.62e-05;2.19e-05;1.63e-05;1.21e-05;0.000379256;0.000312033;7.14e-06
3.98e-05;3.32e-05;2.44e-05;1.75e-05;0.000539782;0.00044746;1.04e-05
3.49e-05;3e-05;2.39e-05;1.93e-05;0.000561246;0.000473564;9.1e-06
2.8e-05;2.34e-05;1.75e-05;1.3e-05;0.000426259;0.000347805;7.53e-06
3.32e-05;2.67e-05;1.85e-05;1.23e-05;0.00043148;0.00033691;9.47e-06
3.84e-05;3.15e-05;2.29e-05;1.63e-05;0.000570169;0.000463617;1.06e-05
2.8e-05;2.3e-05;1.7e-05;1.26e-05;0.000488946;0.000378795;7.83e-06
3.23e-05;2.68e-05;1.97e-05;1.43e-05;0.00054268;0.000434779;8.36e-06
3.6e-05;2.93e-05;2.06e-05;1.38e-05;0.000579527;0.000454785;9.38e-06
2.76e-05;2.26e-05;1.6e-05;1.1e-05;0.000409991;0.000321829;7.5e-06
3.18e-05;2.63e-05;1.94e-05;1.43e-05;0.000461238;0.000392316;8.65e-06
3.04e-05;2.53e-05;1.9e-05;1.41e-05;0.000479349;0.000378806;8.15e-06
2.82e-05;2.35e-05;1.74e-05;1.28e-05;0.000544737;0.000408689;7.52e-06
3.37e-05;2.73e-05;1.94e-05;1.35e-05;0.000550918;0.000434198;9.46e-06
2.58e-05;2.13e-05;1.58e-05;1.18e-05;0.000418752;0.00034819;7.42e-06
3.38e-05;2.7e-05;1.9e-05;1.35e-05;0.000524945;0.000407482;1.01e-05
3.06e-05;2.51e-05;1.8e-05;1.27e-05;0.000480052;0.000368584;8.1e-06
2.64e-05;2.22e-05;1.68e-05;1.26e-05;0.000384005;0.000319462;7.2e-06
2.74e-05;2.25e-05;1.61e-05;1.13e-05;0.000451294;0.000356076;7.81e-06
3.22e-05;2.65e-05;1.93e-05;1.38e-05;0.000460144;0.000380266;8.73e-06
2.75e-05;2.3e-05;1.74e-05;1.3e-05;0.00045302;0.000367319;7.79e-06
2.92e-05;2.35e-05;1.67e-05;1.18e-05;0.000484005;0.000356203;8.69e-06
2.49e-05;2.06e-05;1.53e-05;1.14e-05;0.00039526;0.000305397;6.83e-06
3.52e-05;2.89e-05;2.1e-05;1.52e-05;0.000530473;0.000437256;9.37e-06
3.61e-05;2.95e-05;2.15e-05;1.57e-05;0.000689576;0.000513142;9.58e-06
3.82e-05;3.23e-05;2.49e-05;1.92e-05;0.000653559;0.000529553;9.91e-06
2.53e-05;2.09e-05;1.54e-05;1.13e-05;0.000453862;0.000351305;7.03e-06
2.63e-05;2.15e-05;1.53e-05;1.07e-05;0.000452398;0.00035219;7.08e-06
3.56e-05;2.97e-05;2.17e-05;1.54e-05;0.000641098;0.000482851;9.02e-06
3.14e-05;2.65e-05;2.03e-05;1.58e-05;0.000465055;0.00039996;8.57e-06
2.63e-05;2.1e-05;1.43e-05;9.24e-06;0.000393343;0.0002923;7.4e-06
3.64e-05;3.02e-05;2.22e-05;1.61e-05;0.000595947;0.000475027;9.81e-06
2.78e-05;2.26e-05;1.62e-05;1.15e-05;0.000472087;0.000341623;7.85e-06
2.94e-05;2.44e-05;1.82e-05;1.38e-05;0.000514266;0.000415432;7.98e-06
2.7e-05;2.28e-05;1.75e-05;1.33e-05;0.000481988;0.000391008;7.04e-06
3.92e-05;3.25e-05;2.37e-05;1.7e-05;0.000754976;0.000549236;1.02e-05
2.65e-05;2.21e-05;1.65e-05;1.24e-05;0.000436239;0.000338362;7.44e-06
3.85e-05;3.18e-05;2.35e-05;1.72e-05;0.000562101;0.000475839;1.06e-05
3.71e-05;3.1e-05;2.28e-05;1.65e-05;0.000556484;0.000446971;9.53e-06
2.72e-05;2.26e-05;1.66e-05;1.21e-05;0.000414597;0.000336719;7.35e-06
4.14e-05;3.49e-05;2.63e-05;1.95e-05;0.000679606;0.000575487;1.1e-05
2.57e-05;2.13e-05;1.58e-05;1.16e-05;0.000408076;0.000331655;7.22e-06
3.71e-05;3.18e-05;2.54e-05;2.06e-05;0.000715295;0.000552048;1.05e-05
2.56e-05;2.05e-05;1.42e-05;9.55e-06;0.000437649;0.000308827;7.65e-06
2.63e-05;2.22e-05;1.71e-05;1.32e-05;0.000508757;0.000403759;7.18e-06
3.33e-05;2.73e-05;2e-05;1.47e-05;0.000543959;0.000437096;9.2e-06
3.2e-05;2.65e-05;1.96e-05;1.43e-05;0.00051393;0.000405744;8.26e-06
3.38e-05;2.7e-05;1.84e-05;1.22e-05;0.000529036;0.000415389;9.3e-06
2.91e-05;2.31e-05;1.57e-05;1.02e-05;0.00048384;0.000350688;8.69e-06
3.82e-05;3.14e-05;2.28e-05;1.62e-05;0.000604976;0.00046385;1.01e-05
2.65e-05;2.19e-05;1.62e-05;1.2e-05;0.000490268;0.000359953;7.43e-06
3.23e-05;2.73e-05;2.05e-05;1.51e-05;0.000513044;0.000420468;8.18e-06
2.68e-05;2.19e-05;1.58e-05;1.12e-05;0.000493724;0.000373262;7.29e-06
2.75e-05;2.27e-05;1.66e-05;1.21e-05;0.000509348;0.000393823;7.82e-06
2.51e-05;2.12e-05;1.62e-05;1.25e-05;0.000454314;0.000356028;6.93e-06
2.97e-05;2.48e-05;1.87e-05;1.42e-05;0.00048367;0.000379556;8.04e-06
3.45e-05;2.94e-05;2.27e-05;1.76e-05;0.000551185;0.000476163;9.35e-06
3.67e-05;3e-05;2.16e-05;1.52e-05;0.000568533;0.000458668;1.04e-05
2.64e-05;2.21e-05;1.68e-05;1.29e-05;0.00040232;0.000348094;7.93e-06
2.79e-05;2.37e-05;1.86e-05;1.47e-05;0.000429095;0.000358186;7.68e-06
2.94e-05;2.37e-05;1.66e-05;1.14e-05;0.000390859;0.000320448;8.17e-06
3.34e-05;2.71e-05;1.94e-05;1.37e-05;0.0006119;0.000449339;9.71e-06
2.81e-05;2.31e-05;1.69e-05;1.22e-05;0.00050136;0.00038813;7.62e-06
2.63e-05;2.13e-05;1.5e-05;1.02e-05;0.000394735;0.000302777;7.43e-06
3.56e-05;3.01e-05;2.3e-05;1.78e-05;0.000514511;0.000450254;1e-05
4.02e-05;3.34e-05;2.47e-05;1.78e-05;0.000749698;0.000545612;1.07e-05
3.21e-05;2.64e-05;1.9e-05;1.33e-05;0.000534901;0.000403047;8.39e-06
2.98e-05;2.39e-05;1.66e-05;1.11e-05;0.00053764;0.00039358;8.48e-06
3.53e-05;2.93e-05;2.21e-05;1.67e-05;0.000612932;0.000479735;1e-05
3.26e-05;2.78e-05;2.17e-05;1.68e-05;0.000590471;0.000455693;9.28e-06
3.41e-05;2.82e-05;2.04e-05;1.44e-05;0.00051007;0.000396424;9.12e-06
3.9e-05;3.19e-05;2.27e-05;1.57e-05;0.000627763;0.000471067;1.07e-05
2.97e-05;2.52e-05;1.96e-05;1.54e-05;0.000591555;0.000469966;8.37e-06
3.75e-05;3.13e-05;2.37e-05;1.8e-05;0.00061685;0.000512486;1.05e-05
3.79e-05;3.15e-05;2.37e-05;1.81e-05;0.000628965;0.000515973;1.06e-05
3.08e-05;2.51e-05;1.77e-05;1.21e-05;0.000597665;0.000444631;8.51e-06
3.13e-05;2.61e-05;1.94e-05;1.44e-05;0.000492861;0.000417435;8.81e-06
3.31e-05;2.71e-05;1.98e-05;1.44e-05;0.000568374;0.000422206;9.85e-06
2.61e-05;2.16e-05;1.6e-05;1.17e-05;0.000465018;0.000357198;7.46e-06
2.7e-05;2.25e-05;1.69e-05;1.29e-05;0.000415253;0.000349152;7.62e-06
3.61e-05;3.05e-05;2.33e-05;1.79e-05;0.00058726;0.000484389;1.01e-05
4.17e-05;3.59e-05;2.85e-05;2.29e-05;0.000812724;0.000629627;1.08e-05
3.28e-05;2.77e-05;2.17e-05;1.73e-05;0.000514484;0.00045247;9.61e-06
2.81e-05;2.35e-05;1.77e-05;1.33e-05;0.000462444;0.000365183;7.74e-06
3.95e-05;3.23e-05;2.33e-05;1.66e-05;0.000570696;0.00046197;1.08e-05
2.82e-05;2.39e-05;1.84e-05;1.43e-05;0.000485366;0.00040522;7.44e-06
3.45e-05;2.83e-05;2.1e-05;1.58e-05;0.000581434;0.000469048;1.02e-05
3.93e-05;3.19e-05;2.27e-05;1.58e-05;0.000658885;0.000498361;1.09e-05
2.84e-05;2.3e-05;1.62e-05;1.12e-05;0.000438923;0.00034818;7.8e-06
3.21e-05;2.6e-05;1.87e-05;1.34e-05;0.000472437;0.000379837;9.16e-06
3.48e-05;2.94e-05;2.28e-05;1.79e-05;0.000507905;0.000417182;8.98e-06
3.69e-05;3.1e-05;2.36e-05;1.8e-05;0.000689518;0.000519882;1.08e-05
3.79e-05;3.12e-05;2.28e-05;1.66e-05;0.000605303;0.000464308;1.03e-05
3.21e-05;2.76e-05;2.16e-05;1.68e-05;0.000536463;0.000455856;8.14e-06
3.8e-05;3.16e-05;2.31e-05;1.65e-05;0.000556957;0.000463551;9.98e-06
3.3e-05;2.74e-05;2.06e-05;1.57e-05;0.000637918;0.000479096;9.3e-06
3.31e-05;2.8e-05;2.19e-05;1.76e-05;0.000585168;0.000481716;1e-05
3.32e-05;2.74e-05;2e-05;1.43e-05;0.00046962;0.000383995;8.88e-06
2.99e-05;2.49e-05;1.9e-05;1.46e-05;0.000511294;0.00040747;8.25e-06
2.81e-05;2.36e-05;1.77e-05;1.32e-05;0.000550533;0.000432949;7.81e-06
2.8e-05;2.3e-05;1.64e-05;1.14e-05;0.000397076;0.000319009;7.51e-06
3.53e-05;2.99e-05;2.32e-05;1.83e-05;0.00057553;0.000461426;9.7e-06
2.85e-05;2.33e-05;1.7e-05;1.23e-05;0.000460992;0.000348333;7.34e-06
3.6e-05;3.03e-05;2.32e-05;1.8e-05;0.000549851;0.00046467;9.5e-06
2.67e-05;2.15e-05;1.48e-05;9.88e-06;0.000467317;0.000344278;7.51e-06
4e-05;3.3e-05;2.43e-05;1.75e-05;0.000722238;0.000520682;1.03e-05
2.61e-05;2.25e-05;1.82e-05;1.5e-05;0.000508344;0.000412238;7e-06
3.99e-05;3.36e-05;2.55e-05;1.93e-05;0.000735622;0.000574566;1.1e-05
2.66e-05;2.21e-05;1.64e-05;1.18e-05;0.000454199;0.000352106;7.15e-06
2.8e-05;2.29e-05;1.65e-05;1.18e-05;0.000434073;0.000346916;8.1e-06
3.45e-05;2.9e-05;2.22e-05;1.69e-05;0.000596413;0.000487013;8.99e-06
3.06e-05;2.51e-05;1.82e-05;1.29e-05;0.000553294;0.000412939;8.01e-06
4.04e-05;3.39e-05;2.58e-05;1.98e-05;0.000615078;0.000510889;1.1e-05
2.6e-05;2.17e-05;1.62e-05;1.2e-05;0.000453945;0.000357567;7.11e-06
3.87e-05;3.18e-05;2.34e-05;1.72e-05;0.000651214;0.000501208;1.06e-05
3.08e-05;2.66e-05;2.18e-05;1.82e-05;0.000531965;0.00045085;8.16e-06
3.58e-05;3.04e-05;2.37e-05;1.89e-05;0.000662027;0.000504711;1.02e-05
3.29e-05;2.73e-05;2.05e-05;1.55e-05;0.000528933;0.000433424;9.74e-06
2.4e-05;2.01e-05;1.53e-05;1.18e-05;0.000369825;0.000317926;6.76e-06
3.09e-05;2.56e-05;1.9e-05;1.4e-05;0.000531745;0.000403274;9.04e-06
3.23e-05;2.62e-05;1.87e-05;1.32e-05;0.000550338;0.000420693;9.15e-06
3.75e-05;3.13e-05;2.37e-05;1.82e-05;0.000684729;0.000549388;1.08e-05
3.83e-05;3.3e-05;2.66e-05;2.19e-05;0.000658495;0.000528331;1.07e-05
3.68e-05;3.16e-05;2.51e-05;2.02e-05;0.000672259;0.000535419;1.01e-05
2.62e-05;2.16e-05;1.6e-05;1.19e-05;0.000367993;0.000305952;7.49e-06
2.82e-05;2.29e-05;1.64e-05;1.17e-05;0.000551975;0.000411463;7.68e-06
3.07e-05;2.54e-05;1.9e-05;1.43e-05;0.000559496;0.000437642;9e-06
2.7e-05;2.22e-05;1.64e-05;1.21e-05;0.000459086;0.000357902;7.57e-06
2.78e-05;2.36e-05;1.84e-05;1.44e-05;0.000504617;0.000391194;7.26e-06
