0.58423316;1.1499026;1.8881488;2.4579797
0.6490658;1.3601735;2.322476;3.0902472
0.66347563;1.3012998;2.1873925;2.905822
0.6339484;1.3327737;2.3022325;3.0924306
0.54697996;1.1032941;1.8426049;2.424697
0.6707647;1.3732929;2.3343177;3.108401
0.6198484;1.2228632;2.0318518;2.6698267
0.5595145;1.2426931;2.1674614;2.9060946
0.71245253;1.3696256;2.2521;2.9534392
0.6781106;1.2914511;2.1165655;2.7724822
0.6041478;1.2577614;2.1106625;2.7729824
0.66442364;1.3047868;2.1769338;2.8714972
0.7185847;1.3302827;2.1432972;2.7820363
0.58400065;1.1464897;1.8909178;2.4729693
0.72804606;1.2831442;2.0092416;2.5736308
0.5784395;1.1134793;1.8190582;2.3702419
0.68117243;1.3289436;2.174047;2.829659
0.6553815;1.2347182;2.0084734;2.6192749
0.7602149;1.3470595;2.1111455;2.700265
0.5569211;1.2399507;2.1850476;2.9489162
0.6325159;1.262072;2.1042197;2.768877
0.5939035;1.2176832;2.04621;2.6986232
0.7119498;1.327564;2.1704104;2.848251
0.6498088;1.2471104;2.041247;2.6641166
0.7229582;1.3931236;2.3315475;3.095849
0.6324295;1.3069905;2.2471628;3.0121834
0.73784643;1.2960829;2.0486274;2.6475472
0.61031026;1.286382;2.23235;3.0065558
0.55032164;1.1371086;1.9289181;2.5598989
0.67316663;1.3698726;2.332625;3.110053
0.6711365;1.376717;2.338991;3.113151
0.6890725;1.408406;2.396459;3.196003
0.66199034;1.2998422;2.1619616;2.8474631
0.56701756;1.206754;2.061276;2.737637
0.5880358;1.2385538;2.1106336;2.7986841
0.71182835;1.282325;2.0277958;2.6057155
0.65619606;1.2591553;2.0507827;2.6683464
0.7263986;1.4292579;2.3811414;3.139225
0.6416998;1.3213596;2.229529;2.9464312
0.6224767;1.1894015;1.958529;2.5730464
0.7332541;1.470784;2.4851737;3.3049808
0.6329872;1.251895;2.0854836;2.7466693
0.74254113;1.4501977;2.4320283;3.2303793
0.6747638;1.2560726;2.0481467;2.6853306
0.64974165;1.3970785;2.4282358;3.2623732
0.73601335;1.403627;2.3057015;3.0228846
0.7581225;1.4455409;2.4087715;3.1941738
0.6915988;1.2948332;2.1234703;2.7913706
0.6045297;1.2318814;2.0632453;2.7158577
0.721639;1.2602648;1.9797366;2.5447066
0.6191403;1.196319;1.9799224;2.6022575
0.6393459;1.2704413;2.1534302;2.8757124
0.58974457;1.3503563;2.3993654;3.2490964
0.7544049;1.4842569;2.4629726;3.2380955
0.57861716;1.183908;2.0324526;2.725367
0.62135875;1.3160065;2.2790782;3.0583375
0.7371679;1.3748335;2.2142172;2.8680308
0.5802443;1.2446429;2.1425924;2.8586934
0.59008783;1.2332542;2.0939143;2.7747924
0.58739424;1.1534588;1.8989985;2.4801133
0.5853806;1.2211274;2.0654285;2.7300572
0.62584996;1.2763748;2.1605635;2.8659391
0.5818507;1.2105322;2.0606234;2.7390788
0.67275685;1.294596;2.1602273;2.8647285
0.5892805;1.2148626;2.0835965;2.7884638
0.7334578;1.3797746;2.239292;2.9150407
0.702284;1.337382;2.2194233;2.9360483
0.62693655;1.2497952;2.1195369;2.826528
0.577444;1.2623447;2.165414;2.869721
0.6474688;1.349947;2.2896898;3.0317028
0.6226981;1.2427514;2.1119716;2.8236852
0.56303173;1.2026719;2.0437648;2.699999
0.73051906;1.3497372;2.2061048;2.899466
0.72825253;1.3173388;2.0894103;2.6905608
0.63883173;1.3052279;2.2382677;3.001845
0.6712868;1.3383127;2.2365346;2.9498613
0.6129028;1.2113107;2.0286708;2.6862147
0.59929734;1.2814087;2.230232;3.0018082
0.7476519;1.395274;2.2684538;2.95958
0.56747025;1.1059314;1.8217899;2.380877
0.60378927;1.271305;2.2076716;2.976185
0.7269344;1.3354208;2.1883557;2.8863263
0.5847032;1.2569859;2.1412673;2.832547
0.63932306;1.2297224;2.005277;2.6120803
0.59265256;1.1871457;1.9935371;2.638276
0.72994363;1.3867595;2.2525535;2.9310415
0.6350294;1.2773697;2.1709821;2.8981826
0.62088335;1.1498919;1.8548571;2.406702
0.68344474;1.3565505;2.231875;2.907919
0.7241044;1.3042042;2.0759318;2.6811914
0.6105952;1.2352133;2.0908961;2.7800918
0.7214348;1.3725661;2.2611916;2.9756577
0.7565121;1.3453813;2.1629386;2.826153
0.7326156;1.4122045;2.355776;3.1235344
0.61455536;1.3427156;2.3308823;3.1195288
0.6119807;1.3174852;2.2639356;3.0115366
0.5843099;1.2191545;2.0868278;2.7824397
0.549292;1.1550517;1.9578017;2.5885262
0.7014485;1.3811612;2.3056662;3.04872
0.6701968;1.3832916;2.3651574;3.1597257
0.57358986;1.2270209;2.115129;2.826701
0.5643119;1.2609587;2.224153;3.0011294
0.6233083;1.3348452;2.306864;3.0886862
0.6730952;1.2801932;2.0926516;2.7357829
0.7164656;1.4401282;2.4349124;3.2371762
0.6441037;1.3417782;2.2635906;2.984109
0.71889865;1.2673111;2.0004263;2.582688
0.7046285;1.4273938;2.4020822;3.1822438
0.59849066;1.316465;2.3133993;3.12504
0.62225235;1.1700249;1.9030693;2.4846957
0.73450124;1.4252965;2.3258202;3.025435
0.7114449;1.4222616;2.3947523;3.178193
0.74962765;1.4717717;2.4503515;3.232992
0.62059206;1.2818795;2.1981418;2.942828
0.584319;1.2949834;2.2704587;3.0544217
0.7423119;1.4421922;2.3693016;3.0969048
0.6360086;1.3833174;2.3945162;3.2041297
0.5696852;1.1990402;2.0498288;2.7289257
0.7231262;1.3764881;2.2875445;3.032686
0.6772754;1.3906682;2.366165;3.1495507
0.573514;1.2663516;2.2206333;2.9932263
0.7170646;1.4146172;2.3267062;3.035489
0.7340658;1.39752;2.3047009;3.0324495
0.6770177;1.3638641;2.3148863;3.087919
0.6006794;1.2112832;2.050152;2.7289805
0.67365134;1.3832463;2.327307;3.072662
0.6418447;1.2724165;2.1644497;2.8994644
0.71349263;1.3673713;2.267257;2.9951885
0.629998;1.2935438;2.1875186;2.8976445
0.6424275;1.2111045;1.988576;2.6133556
0.5594961;1.2193344;2.1380117;2.8890498
0.7360705;1.3811406;2.2604225;2.9670343
0.7558032;1.321772;2.0700617;2.6543775
0.67320174;1.3890097;2.3453557;3.1003146
0.6909531;1.3299912;2.230095;2.972771
0.73270565;1.4372603;2.4197783;3.221101
0.6247772;1.2242029;2.0602522;2.74271
0.6204061;1.1705827;1.8941385;2.4582675
0.6772976;1.3132758;2.1533651;2.8092933
0.74103004;1.3563309;2.179495;2.8284416
0.7315261;1.37055;2.212797;2.8704484
0.5953514;1.2220818;2.079573;2.7679527
0.59528893;1.2225268;2.0433228;2.6837785
0.7144357;1.3895123;2.3030303;3.0313861
0.6251435;1.3239872;2.2650545;3.0113685
0.7129779;1.3041978;2.1121376;2.7593725
0.5568585;1.283391;2.2526739;3.0217888
0.59263664;1.2663263;2.2031639;2.970122
0.5860345;1.276438;2.2093601;2.954415
0.66261744;1.2174928;1.9717069;2.5734742
0.5733013;1.2167583;2.1019998;2.8182359
0.6714973;1.3496225;2.2647982;2.9901028
0.56472635;1.2228707;2.1221483;2.84339
0.7215699;1.4887806;2.5420647;3.3934214
0.6445772;1.286164;2.1817515;2.9128883
0.688607;1.2194139;1.919229;2.4647765
0.64904594;1.3392011;2.3088646;3.1014893
0.6895816;1.3220357;2.1446276;2.7828898
0.5704307;1.2487508;2.1595263;2.881168
0.5894493;1.2383983;2.1201215;2.8248198
0.69481975;1.3474599;2.252522;2.9902742
0.66450804;1.3212177;2.2354221;2.9801612
0.6640444;1.2595531;2.0827107;2.7493913
0.58908516;1.1584107;1.8961799;2.4667213
0.6724146;1.2530636;2.0422502;2.6731312
0.72417456;1.3810767;2.2330024;2.887497
0.6830028;1.2926838;2.1360054;2.8203933
0.62147933;1.3802847;2.4208903;3.2613854
0.70195705;1.3153809;2.147867;2.8151398
0.7480411;1.4134464;2.3379817;3.091252
0.7380604;1.3139545;2.0794375;2.6786823
0.7086461;1.3313028;2.1457555;2.7810817
0.6759745;1.3329858;2.2379646;2.9724958
0.67560244;1.3359356;2.2108727;2.8970165
0.7135989;1.3688048;2.2810047;3.0238056
0.7241588;1.422691;2.3388417;3.0530398
0.5674708;1.1534548;1.9332796;2.5455117
0.68384796;1.3903229;2.3757496;3.1770759
0.586504;1.1946678;1.9925455;2.6115975
0.5528709;1.1079575;1.8623645;2.4634259
0.64638966;1.2486614;2.0420527;2.6602738
0.64321303;1.3024979;2.2265546;2.9827628
0.6225604;1.2650008;2.1599329;2.8901517
0.7405131;1.4152429;2.3082657;3.009774
0.60296166;1.1847603;1.9398483;2.5249588
0.59975976;1.1510082;1.8852713;2.4602802
0.6999232;1.3547895;2.2482;2.966445
0.58454955;1.2603893;2.2030568;2.9726205
0.613976;1.308835;2.262435;3.0327187
0.6086333;1.2460755;2.082622;2.7306964
0.6714853;1.2805514;2.0820282;2.7067087
0.7358857;1.3965255;2.25316;2.9143648
0.6974861;1.4440699;2.4615648;3.2778752
0.60678095;1.1933081;1.9683827;2.5719967
0.64448607;1.2653558;2.0713515;2.6930623
0.6101048;1.340222;2.3311393;3.1237164
0.6740059;1.228771;1.9726835;2.5610158
0.6418381;1.295482;2.2119234;2.9614255
0.70749605;1.4266918;2.4101756;3.202142
0.7014534;1.326541;2.1508498;2.7983167
0.6680538;1.3372622;2.264533;3.0167189
0.6849129;1.3837289;2.330104;3.084401
0.6230918;1.2306869;2.0426378;2.6823146
0.688119;1.3134279;2.1575859;2.828189
0.6102456;1.2226251;2.078035;2.7776942
0.7481877;1.3204727;2.0935764;2.7098112
0.66468275;1.2944177;2.1437936;2.8208625
0.62565315;1.2404157;2.0685787;2.7249954
0.62684333;1.3269812;2.292268;3.0760171
0.6740984;1.4076651;2.4076583;3.211209
0.7012517;1.3779323;2.29343;3.0234203
0.74048483;1.3674021;2.2008896;2.8609262
0.70417404;1.3324703;2.1460423;2.7736583
0.5822823;1.3206303;2.3334868;3.1474595
0.55992293;1.3170439;2.3511543;3.1847048
0.6942914;1.3804094;2.3411129;3.125663
0.7445919;1.4515089;2.4180527;3.1932185
0.6750991;1.3781984;2.3512986;3.141572
0.68866074;1.2932295;2.1084838;2.7569132
0.6027238;1.2195126;2.020098;2.6371546
0.73060423;1.4302045;2.3771167;3.133453
0.5980875;1.2189363;2.0997827;2.8282342
0.6396061;1.3066791;2.243751;3.0129216
0.61361194;1.2910792;2.2161853;2.9599972
0.58811694;1.2573158;2.170575;2.9034007
0.6049158;1.2454256;2.0931923;2.7586648
0.64045286;1.3649201;2.3288553;3.0892956
0.6825776;1.2136601;1.9068948;2.4448643
0.60949165;1.2611952;2.149267;2.8639169
0.680873;1.3229756;2.2013466;2.911357
0.6938;1.4539393;2.4998925;3.3459814
0.5781143;1.1082107;1.8121613;2.3631883
0.5907992;1.1784161;1.9507776;2.55418
0.7004119;1.4223129;2.417117;3.222652
0.7343822;1.3422754;2.1414108;2.7651093
0.6565139;1.2966012;2.180105;2.893707
0.71857566;1.2730705;2.0225375;2.6193078
0.620397;1.3210815;2.2905476;3.0802994
0.5650521;1.2591058;2.2234142;3.0098689
0.67208165;1.3827853;2.3579671;3.144301
0.7001131;1.4664689;2.5222013;3.3779461
0.6992955;1.4239588;2.4037912;3.1886287
0.5625789;1.1784974;2.002778;2.6555493
0.6962471;1.2767335;2.030067;2.6126165
0.5602736;1.1499513;1.9483439;2.5844502
0.71115327;1.3528715;2.2264493;2.9246697
0.71928185;1.2548543;1.9590881;2.5081196
0.5725689;1.1543939;1.9115485;2.4953208
0.6865178;1.4258628;2.4345942;3.244098
0.685297;1.3099796;2.1828668;2.8961337
0.65911204;1.3230528;2.2475507;3.0028393
0.5915112;1.1673696;1.9429795;2.562667
0.7253451;1.3252858;2.1640074;2.846718
0.60358953;1.2224329;2.0788534;2.7723513
0.56504047;1.19864;2.057722;2.7424002
0.6198798;1.283242;2.2103002;2.9678922
0.5911705;1.3391834;2.3725278;3.2081754
0.64985377;1.2392819;2.0385802;2.6785614
0.58979106;1.2478101;2.1398795;2.8504503
0.73796827;1.3977796;2.3070092;3.0406468
0.7384701;1.3326366;2.1256764;2.7489538
0.7000222;1.4031817;2.352646;3.109875
0.72069705;1.2994043;2.0687559;2.6709878
0.685809;1.3719019;2.2901583;3.0172362
0.55325264;1.1215823;1.8746233;2.4674237
0.6668866;1.3319333;2.2089598;2.8920026
0.73978716;1.3480619;2.1392682;2.7502155
0.68214077;1.3206153;2.158377;2.811075
0.6995998;1.4025608;2.3471167;3.095598
0.7174706;1.3125888;2.095313;2.7058396
0.72955996;1.3087566;2.0695193;2.6613812
0.63199896;1.3480407;2.3094397;3.0703127
0.67430246;1.3166454;2.2037983;2.9259934
0.5727123;1.2615613;2.2027857;2.9569514
0.6104056;1.1667204;1.9144443;2.5083678
0.7487548;1.3473998;2.1552815;2.797579
0.69662106;1.3178147;2.1951706;2.9188936
0.60806227;1.2753906;2.1918602;2.930351
0.56317985;1.211738;2.0921092;2.7954786
0.68646604;1.3170632;2.1942902;2.9076664
0.632761;1.3072308;2.1913364;2.8799481
0.70372766;1.3022771;2.120313;2.7759023
0.7035751;1.3786193;2.2803776;2.989549
0.7277152;1.3843282;2.2798634;2.9949467
0.5739572;1.2277981;2.1439056;2.8936532
0.6671578;1.3812814;2.3664114;3.1650503
0.61433405;1.2599261;2.1032302;2.7586584
0.68422073;1.368803;2.316681;3.0852897
0.5895226;1.3304093;2.3435583;3.1628032
0.69923526;1.3954805;2.346522;3.1110814
0.6262116;1.2977238;2.1785686;2.862983
0.73871267;1.2823287;1.9987231;2.558157
0.6170215;1.2657104;2.1083028;2.759027
0.74345636;1.3515109;2.1925166;2.8758323
0.6779125;1.3676574;2.2925987;3.0274572
0.5897958;1.2721537;2.1946912;2.9310348
0.5852763;1.2823447;2.2453947;3.027939
0.6817621;1.2418444;1.9996873;2.605035
0.6149829;1.2344275;2.0523381;2.692464
0.62765014;1.2383424;2.0965936;2.7992687
0.71121013;1.3950154;2.3311737;3.0839193
0.5570515;1.1605719;1.9736854;2.620389
0.7516532;1.3339546;2.092919;2.6811082
0.5837085;1.2822971;2.2130911;2.9460597
0.7196617;1.3253373;2.1102521;2.7153208
0.65952986;1.3159189;2.2250092;2.9606748
0.6389631;1.3583183;2.3529406;3.1615245
0.59889543;1.2328004;2.0913014;2.7780175
0.7375549;1.4160124;2.3606997;3.1304657
0.6999375;1.309346;2.1296039;2.7801363
0.55309093;1.1638224;1.9868875;2.64318
0.7362796;1.508281;2.5737352;3.4362514
0.5914867;1.2152972;2.0714355;2.7610793
0.60593855;1.2678181;2.159174;2.8695507
0.7097682;1.3333613;2.156833;2.799404
0.56086516;1.1695448;1.9828521;2.6258445
0.6758365;1.3020686;2.1651194;2.8621538
0.7542038;1.4250312;2.3430772;3.0806086
0.5718471;1.2163907;2.1146023;2.845492
0.695281;1.3141519;2.1614404;2.8429835
0.7480262;1.4320192;2.3729298;3.1322002
0.632738;1.287868;2.179165;2.8916495
0.676678;1.4104277;2.4141207;3.2207491
0.72888166;1.3168848;2.1064503;2.731129
0.6359115;1.2754762;2.1669617;2.8939908
0.6934085;1.4292285;2.4256372;3.219505
0.7555949;1.4697989;2.42338;3.175528
0.59756094;1.2097833;2.0248199;2.6676528
0.54979324;1.0974133;1.8358107;2.4205127
0.59047186;1.1613171;1.90266;2.4785147
0.6582348;1.3111145;2.222285;2.9665544
0.69584924;1.315322;2.1836154;2.895949
0.72358936;1.3945712;2.2767038;2.9648187
0.654976;1.3545103;2.3113637;3.080674
0.60135764;1.3144759;2.2807014;3.0511045
0.6283616;1.298584;2.223991;2.9740548
0.6501907;1.3458704;2.2995007;3.068181
0.6192901;1.3443854;2.3369088;3.133768
0.6688238;1.24245;2.0054193;2.6044412
0.6621169;1.359107;2.3352168;3.1320496
0.6292409;1.2186141;1.9974787;2.6071286
0.73083276;1.2913519;2.044873;2.6437163
0.5591531;1.2005693;2.0923228;2.8195293
0.5526899;1.2358476;2.135971;2.8407016
0.67401123;1.232862;1.9729176;2.5517263
0.67266786;1.3424166;2.2427084;2.9579403
0.7425622;1.3309177;2.1399212;2.7924383
0.6219226;1.2645382;2.0990813;2.7445319
0.6321142;1.2480134;2.0889814;2.7645292
0.73884755;1.3624003;2.2210155;2.91235
0.6850631;1.3921355;2.3367476;3.083534
0.6429626;1.2510225;2.0842056;2.7553923
0.5911543;1.2560215;2.1385646;2.8305695
0.69970405;1.2531694;1.9847153;2.5568874
0.60178953;1.3149136;2.298165;3.0955973
0.5799454;1.2599261;2.1664732;2.8792496
0.75604415;1.3811294;2.2075408;2.8569949
0.70199716;1.2550141;1.9821011;2.5473287
0.6806799;1.2258881;1.9572401;2.535822
0.62300146;1.1553552;1.8560392;2.4020119
0.6108474;1.2941484;2.2214966;2.962227
0.61242443;1.2073526;2.004897;2.6365988
0.61289686;1.3314699;2.306134;3.086959
0.6625386;1.3622941;2.3312228;3.1200612
0.56871897;1.2262459;2.1133478;2.8205645
0.69572365;1.275831;2.0357218;2.626314
0.616069;1.3139194;2.2750115;3.0511444
0.5444808;1.2250605;2.1186445;2.8166847
0.70733786;1.3332671;2.1786954;2.8525212
0.6612376;1.3609784;2.3258495;3.1058013
0.58968055;1.1947104;2.0395496;2.7303896
0.58089125;1.2485555;2.159063;2.8909326
0.6457782;1.203776;1.9586626;2.559596
0.7304854;1.3469092;2.1872194;2.8602943
0.56538707;1.2413635;2.1342435;2.8334417
0.69984496;1.3759387;2.3131502;3.076514
0.6395041;1.3279206;2.2928123;3.0840178
0.62510395;1.1772949;1.8992612;2.4619894
0.70996934;1.3035387;2.1296399;2.799782
0.7003754;1.3622612;2.277778;3.0206327
0.7550134;1.4625933;2.4253037;3.1972115
0.7306007;1.4080914;2.3301158;3.069401
0.7092859;1.3541547;2.2479832;2.9756505
0.67755383;1.3018321;2.1742628;2.8848696
0.6801235;1.3208562;2.1564183;2.8020067
0.6673374;1.255552;2.0399354;2.657593
0.61110985;1.3067645;2.258616;3.0234478
0.71075916;1.3710579;2.2670908;2.9831238
0.6664079;1.2961532;2.1847682;2.9160943
0.63280636;1.2872803;2.2041664;2.9580848
0.61517787;1.2233946;2.018152;2.6359746
0.6588001;1.2898653;2.1713502;2.8904228
0.71908957;1.3297467;2.1341958;2.761263
0.6458186;1.3643086;2.3562434;3.1631885
0.7298117;1.3385934;2.1396499;2.7641308
0.7433924;1.4045037;2.2875865;2.9850028
0.72583795;1.4211563;2.37087;3.1335647
0.71872807;1.3514253;2.2348597;2.9532778
0.6503749;1.294586;2.1566331;2.8381696
0.5799445;1.2902708;2.2749493;3.0743258
0.7241727;1.3235934;2.1540372;2.8319547
0.7227518;1.3588821;2.198218;2.8548737
0.6249057;1.231918;2.0386827;2.6736126
0.5553316;1.1985669;2.0964646;2.8300474
0.73886347;1.3418401;2.1331484;2.7447505
0.61944234;1.3474174;2.3429813;3.141776
0.73127854;1.3873477;2.294957;3.0301552
0.68858063;1.4222444;2.4165654;3.2124853
0.5957499;1.2796084;2.2022932;2.9363813
0.73721415;1.4180896;2.3410745;3.080646
0.61509925;1.2363086;2.0869188;2.7718043
0.6421555;1.3183165;2.2666826;3.0425448
0.5714683;1.2704628;2.1911325;2.910125
0.6065764;1.260528;2.1701877;2.9113922
0.6320119;1.2481533;2.0898623;2.7631042
0.69200426;1.3231164;2.2033436;2.9250321
0.6961181;1.3961763;2.3736486;3.1707149
0.5562414;1.2241824;2.090163;2.7585504
0.70794475;1.4114811;2.3849964;3.174834
0.7214399;1.4454343;2.4305441;3.2174368
0.6484166;1.2640568;2.0929482;2.7511668
0.65894336;1.2650313;2.0555089;2.6660557
0.7339094;1.3119458;2.0690293;2.6573703
0.5683583;1.2161182;2.0529897;2.696227
0.63630044;1.2578659;2.1362092;2.8608603
0.661854;1.3014392;2.1484704;2.812507
0.6969123;1.4416527;2.4567416;3.2719696
0.732321;1.3785917;2.2379255;2.9149745
0.72390807;1.3481417;2.1860251;2.8487208
0.71871096;1.4386172;2.39767;3.1548476
0.6443366;1.2847303;2.15878;2.8618712
0.6678095;1.4035672;2.4047434;3.2057595
0.715889;1.3434165;2.1920877;2.8699589
0.6436901;1.248047;2.0707648;2.7291796
0.6013391;1.3663815;2.4229097;3.2766154
0.7245583;1.3811238;2.2955933;3.0432057
0.6804442;1.2721682;2.086302;2.7425544
0.73476887;1.4465878;2.4281435;3.2214653
0.5835516;1.2682233;2.1666594;2.8654804
0.6614467;1.2642397;2.071173;2.7076483
0.671096;1.2682538;2.085123;2.740288
0.6857266;1.4057564;2.3752553;3.144438
0.59330106;1.2471182;2.1559901;2.8938704
0.6075559;1.2326354;2.0515287;2.690082
0.61304766;1.1825752;1.9588543;2.5825644
0.57306594;1.1255003;1.8606052;2.4401243
0.7518837;1.4315261;2.3424845;3.067018
0.6117632;1.2498182;2.1273954;2.8337684
0.6074476;1.2153435;2.010904;2.6289134
0.73769015;1.4248931;2.3652134;3.1212618
0.5909858;1.2926025;2.2196631;2.944879
0.7331514;1.3377767;2.1653454;2.829895
0.71358174;1.3510342;2.1968539;2.8589623
0.6239535;1.2779815;2.1279151;2.78393
0.71347207;1.3993851;2.3338149;3.0823176
0.7137197;1.4328104;2.41813;3.2089531
0.569142;1.2792248;2.2214212;2.962362
0.5810673;1.2337486;2.1201024;2.8283443
0.6095922;1.2256628;2.0393574;2.677171
0.56380147;1.121211;1.8596298;2.438251
0.58871055;1.2253958;2.075877;2.747395
0.7197274;1.3498296;2.1805103;2.828967
0.6763889;1.3029804;2.191554;2.9256563
0.6548043;1.3875523;2.396474;3.2152586
0.6962863;1.2865916;2.086241;2.7212532
0.7357714;1.4663347;2.481072;3.3048484
0.6437321;1.254035;2.0883453;2.759895
0.6293032;1.2768863;2.1116562;2.754007
0.58731073;1.2339742;2.11458;2.8218987
0.7146773;1.2562255;1.9642836;2.5124066
0.601141;1.1842482;1.9786355;2.6166508
0.7257198;1.3971016;2.3065035;3.032584
0.5868106;1.1298419;1.8410274;2.3958983
0.60334754;1.2506446;2.1424892;2.8632684
0.700396;1.3040594;2.0937405;2.7067995
0.5807799;1.2364191;2.107155;2.7906163
0.5954368;1.2460417;2.1339505;2.8459976
0.6269341;1.1622919;1.8684481;2.4186118
0.6646816;1.2184623;1.9445823;2.5132372
0.58253616;1.183565;1.9792866;2.6013846
0.6445836;1.2907012;2.1575618;2.8434875
0.64396626;1.2594377;2.1019275;2.782235
0.64428437;1.3279752;2.2685347;3.027766
0.5635348;1.2454369;2.1373496;2.829655
0.66231793;1.2629571;2.060668;2.6887589
0.7102795;1.383504;2.2642035;2.946635
0.6508358;1.2522343;2.0812478;2.7508762
0.6081412;1.1439023;1.8512135;2.402517
0.6557513;1.356487;2.3192391;3.0958014
0.55062443;1.1377537;1.9453187;2.5973754
0.7291401;1.4317907;2.373937;3.1212404
0.7174085;1.3473209;2.1882133;2.8497312
0.73640907;1.3749752;2.2125065;2.8646533
0.60848874;1.3333204;2.3019545;3.0716715
0.7389752;1.4390897;2.3914738;3.153838
0.62651163;1.2777756;2.148745;2.8381274
0.6090295;1.2378441;2.0837355;2.755978
0.69439757;1.2981123;2.0985332;2.7284486
0.6876085;1.3649414;2.256949;2.9563448
0.6271143;1.171982;1.8831229;2.4338698
0.707584;1.3848003;2.28974;3.0053847
0.5655108;1.2048811;2.0788991;2.7812579
0.6713575;1.3012737;2.1818583;2.8989928
0.593553;1.2295015;2.1202188;2.8497467
0.7411194;1.4178656;2.2881486;2.9549417
0.5776169;1.2482413;2.1609237;2.8915377
0.62036926;1.2644486;2.1347032;2.825464
0.6599549;1.4164973;2.4453228;3.2731788
0.7310956;1.394501;2.3003502;3.0314262
0.7087635;1.2773832;2.0312524;2.62199
0.7511507;1.4376391;2.342554;3.0507324
0.6883841;1.2097443;1.8957279;2.4308367
0.5851961;1.1880882;1.9903992;2.6208403
0.71045876;1.3618048;2.2620683;2.9925041
0.6730988;1.4094557;2.4056945;3.199512
0.7198129;1.3474398;2.2119572;2.9098916
0.73334515;1.3540313;2.1571653;2.775408
0.6166557;1.277975;2.2018657;2.9592514
0.5494759;1.3157198;2.3660018;3.2151754
0.7020629;1.3260344;2.167189;2.8354542
0.6067427;1.2585565;2.1469328;2.8634005
0.5942153;1.2240409;2.0916283;2.7947943
0.56317264;1.1457433;1.9068737;2.496192
0.5835244;1.3248395;2.3425283;3.1672444
0.70134145;1.3793032;2.2574937;2.9342139
0.6750767;1.3079628;2.1713645;2.8606114
0.62821347;1.2779919;2.1613421;2.8680928
0.67187816;1.3544556;2.2487872;2.942824
0.61143833;1.2773185;2.1885536;2.9220505
0.74848914;1.3264762;2.0913131;2.688964
0.68950456;1.2524288;1.9879291;2.5565026
0.5828926;1.1900142;1.9916284;2.6179988
0.62107784;1.2033002;1.965199;2.5535686
0.61586076;1.2188358;2.0195572;2.649047
0.5713533;1.2595531;2.2190094;3.0006268
0.6542139;1.3710195;2.3467822;3.130289
0.57326573;1.1858273;2.0443823;2.7460403
0.71189696;1.3230959;2.1738944;2.8677096
0.72311896;1.3354917;2.151364;2.7966003
0.70164454;1.3657291;2.2873507;3.035173
0.58545977;1.2022107;2.0596766;2.7561371
0.6988226;1.3920239;2.3068542;3.0235102
0.5974911;1.3389512;2.3604703;3.186605
0.754084;1.3876393;2.2048259;2.8346407
0.58588386;1.3083841;2.3048036;3.1129742
0.7368093;1.3710206;2.2377975;2.9364047
0.709646;1.2548438;1.9746948;2.535083
0.73864204;1.3893443;2.23987;2.8966358
0.5673113;1.2403487;2.154246;2.8873227
0.7407596;1.3690641;2.2625039;2.998979
0.6821687;1.3445015;2.2376056;2.946902
0.6420271;1.1677821;1.8619366;2.403445
0.60659045;1.269482;2.1959655;2.95354
0.66292554;1.3687981;2.3037624;3.0399692
0.74593455;1.4357932;2.3440142;3.053319
0.6649046;1.2851642;2.1638217;2.887861
0.6860667;1.4462762;2.4941828;3.341591
0.76483935;1.4561481;2.4129822;3.1851594
0.6393508;1.2764784;2.1590273;2.8751702
0.6388068;1.3762515;2.3911693;3.2136188
0.60995865;1.2614052;2.1690977;2.9077363
0.74746674;1.4436952;2.3974612;3.165433
0.6502757;1.2786443;2.092395;2.7209926
0.7099199;1.2910899;2.0561166;2.6497643
0.74885523;1.3721002;2.1961226;2.8427012
0.59039384;1.2836816;2.202568;2.927181
0.5697893;1.1718154;1.9656105;2.5861206
0.598686;1.1850622;1.9898916;2.639619
0.72656924;1.300141;2.0604384;2.6544006
0.73196435;1.388554;2.251503;2.9263067
0.58688545;1.25659;2.1883345;2.9474218
0.7381681;1.410994;2.286157;2.9631379
0.58611745;1.1594542;1.9373357;2.558395
0.72476774;1.348189;2.213127;2.9138255
0.73787653;1.2947736;2.0385642;2.6239607
0.68913066;1.4127413;2.4152431;3.2293775
0.64089775;1.2511919;2.0540836;2.6796193
0.6455507;1.3736408;2.3725772;3.1768687
0.6137466;1.2006168;2.011383;2.6680708
0.7559789;1.36994;2.1856632;2.8265133
0.6990138;1.4240187;2.409506;3.200351
0.6715293;1.2096442;1.9235992;2.4820786
0.5587644;1.2122695;2.0973392;2.804024
0.703643;1.335308;2.2116842;2.9236524
0.6274764;1.3293451;2.2554002;2.980512
0.671068;1.3441212;2.2210236;2.8976333
0.5778524;1.2529467;2.1374023;2.8203175
0.646188;1.3121411;2.2356865;2.9843142
0.61756635;1.2534969;2.1438363;2.8733923
0.6989842;1.3385046;2.16401;2.797156
0.6519848;1.2938721;2.1766448;2.8894231
0.5847561;1.1683362;1.9422785;2.5503628
0.5982184;1.2836441;2.1947072;2.9150941
0.61476886;1.147102;1.8435148;2.3844247
0.6556414;1.2684873;2.08713;2.735404
0.75678307;1.3692112;2.1777031;2.8077216
0.5686056;1.2536281;2.1833355;2.9259865
0.6285498;1.2817451;2.130348;2.785666
0.7121424;1.2576877;1.9785056;2.5410004
0.7159755;1.3986588;2.3496215;3.127567
0.6884964;1.3965693;2.389036;3.1993213
0.7123876;1.264714;1.9992063;2.5795965
0.74172634;1.3494719;2.151321;2.779416
0.62050635;1.2281449;2.045558;2.6934097
0.6989649;1.3022889;2.0821922;2.680822
0.65882736;1.3921402;2.4009383;3.2186437
0.67708176;1.3119457;2.1621256;2.834994
0.6976638;1.3282773;2.2188203;2.9517558
0.63582665;1.3141544;2.249312;3.0070662
0.7188206;1.3383565;2.1418257;2.7617366
0.6160257;1.3326244;2.3162506;3.1091578
0.7094658;1.3526648;2.191422;2.840864
0.6306443;1.245623;2.0562987;2.6898067
0.66863006;1.3173543;2.2080626;2.927555
0.7001846;1.3025405;2.1197884;2.7712247
0.69738287;1.3681957;2.297477;3.0540316
0.61221194;1.2388263;2.0775087;2.7413254
0.6845632;1.2716339;2.0507565;2.6636872
0.7455146;1.4292808;2.371544;3.1312943
0.67905486;1.3375665;2.2433789;2.9773483
0.5869803;1.306078;2.2898815;3.081974
0.67696434;1.3667113;2.3314958;3.1205506
0.7146245;1.2796648;2.0169523;2.5870938
0.6233465;1.2585396;2.1120884;2.78901
0.6988419;1.3370547;2.19444;2.8777688
0.7320766;1.4155716;2.3121867;3.010551
0.6557412;1.3792179;2.3897994;3.214294
0.5814768;1.2373158;2.0995674;2.7751496
0.6428022;1.2556745;2.0521212;2.6708522
0.67089915;1.3394002;2.2582784;2.9981697
0.6174923;1.3376243;2.3418589;3.160751
0.6011954;1.2424866;2.1386523;2.8712943
0.726248;1.316409;2.11277;2.7436965
0.6442843;1.2438178;2.0714955;2.7380424
0.6876836;1.3467948;2.2622466;3.0083485
0.5703863;1.2975422;2.3056486;3.126572
0.6822018;1.3199617;2.179162;2.863996
0.651045;1.3390015;2.2526438;2.9750738
0.62611884;1.3141347;2.260927;3.0260186
0.60920167;1.1931865;1.9598897;2.5571697
0.71598905;1.3241968;2.1481705;2.80819
0.56092936;1.2786006;2.279153;3.0935426
0.5880301;1.1999766;2.038323;2.7125869
0.6692274;1.3390803;2.2224548;2.911183
0.7277163;1.32779;2.1247838;2.751121
0.65491927;1.386781;2.3850358;3.1868842
0.6737861;1.3236965;2.1567473;2.795349
0.6192022;1.275874;2.1659439;2.8745532
0.7493926;1.4184201;2.3078122;3.0103111
0.7060803;1.4278932;2.4299302;3.2417552
0.7220944;1.4671237;2.4888387;3.3134775
0.73256373;1.4706028;2.4811845;3.2957757
0.7125054;1.4267277;2.3987029;3.1790562
0.6430329;1.2434275;2.0264797;2.6303222
0.70361596;1.3870671;2.302197;3.0248628
0.59876156;1.1779119;1.9554802;2.572654
0.6814597;1.286285;2.1021051;2.753105
0.7076607;1.3706175;2.2908359;3.0402474
0.69970363;1.3743284;2.3012853;3.0513492
0.6123253;1.2456242;2.0679145;2.7004476
0.6770735;1.2772695;2.1047225;2.776498
0.64538467;1.2685453;2.1255066;2.817907
0.70054305;1.3430315;2.2429671;2.982029
0.58564776;1.1987026;2.0471299;2.7351348
0.6844163;1.3573173;2.247457;2.946017
0.7584187;1.4722301;2.4449427;3.225854
0.724531;1.3918253;2.299818;3.0282452
0.7127933;1.3342685;2.194459;2.8939085
0.7465205;1.473941;2.4807093;3.2955682
0.7374236;1.315;2.0932856;2.7101133
0.58230853;1.2388062;2.093279;2.7523575
0.7181641;1.3745146;2.273343;2.9969897
0.63628167;1.3108814;2.2029085;2.9018624
0.7322077;1.4058702;2.2804968;2.9526582
0.7272842;1.3212599;2.1288958;2.7743752
0.6753807;1.3192669;2.161362;2.8168268
0.5873244;1.2084056;2.0307963;2.6738396
0.6686862;1.3355135;2.2093396;2.8891075
0.7300309;1.4542862;2.4417973;3.2318945
0.7113296;1.2661219;1.9928467;2.557048
0.70397764;1.3191324;2.1598563;2.8371418
0.65248877;1.3558372;2.3351195;3.1353319
0.6382355;1.2699656;2.121066;2.7983334
0.633414;1.2062538;1.9893936;2.6173196
0.7517902;1.3509709;2.179663;2.84796
0.6076456;1.2313552;2.078142;2.7552848
0.57485235;1.206081;2.0552037;2.731396
0.7293953;1.347301;2.2108967;2.9167473
0.60898286;1.2323818;2.1081278;2.829101
0.5936857;1.196438;1.9932204;2.6154354
0.6985843;1.2659731;2.0345104;2.6484206
0.62291366;1.3376262;2.3240995;3.1212487
0.6148319;1.2458024;2.1171196;2.820094
0.6657148;1.3260994;2.2220829;2.936174
0.5520062;1.1156111;1.852839;2.427212
0.5549328;1.2501872;2.1981857;2.9608314
0.60302466;1.1658157;1.9290984;2.536746
0.7450769;1.4154831;2.3366623;3.081833
0.6554008;1.2235856;1.9739159;2.5615127
0.67885;1.326005;2.2315884;2.9734375
0.55518186;1.2437903;2.1709173;2.9059975
0.59545213;1.187961;1.9646206;2.5707078
0.6179444;1.2783622;2.15107;2.8353016
0.74339217;1.3500407;2.1437654;2.7587395
0.5719186;1.1973506;2.0069993;2.6295133
0.695968;1.3472904;2.2607808;3.0072355
0.6823351;1.2791549;2.0965602;2.75394
0.61108845;1.2834724;2.1764538;2.877531
0.72822845;1.4922514;2.5357933;3.3753169
0.6602631;1.3975376;2.4168408;3.2426178
0.54693705;1.2054226;2.1007993;2.8195074
0.64930236;1.303781;2.1610756;2.8265128
0.6989731;1.4009806;2.3757734;3.167165
0.55765957;1.2081369;2.0844069;2.7786818
0.6980054;1.3042816;2.0900383;2.696057
0.72168183;1.4232472;2.3673918;3.1176405
0.67798865;1.2851619;2.0831707;2.7007577
0.57722694;1.2591997;2.1935678;2.9466228
0.66923904;1.3329238;2.2483706;2.9912186
0.71082735;1.2919886;2.0625684;2.668464
0.66637504;1.3327879;2.2055898;2.8843675
0.60939735;1.252647;2.125071;2.8203583
0.6371681;1.3361115;2.2836077;3.0383406
0.5933736;1.1449271;1.870423;2.4359682
0.59061867;1.2160914;2.078548;2.7761583
0.67921054;1.4230253;2.4308443;3.2373898
0.5598612;1.1074557;1.8275372;2.3874688
0.75528574;1.3518758;2.163189;2.8111563
0.55650425;1.1801531;1.9966778;2.633602
0.5743342;1.2337834;2.1089413;2.7952118
0.61591065;1.3271272;2.2743483;3.0199103
0.72367805;1.3493973;2.2371113;2.9693177
0.59227103;1.2432245;2.102266;2.7743795
0.6070477;1.2236012;2.0379725;2.6758182
0.7596387;1.3633337;2.2074919;2.8985503
0.7008932;1.2757849;2.0265498;2.6061327
0.6876138;1.3763126;2.2980423;3.0308976
0.7445789;1.4920727;2.5145988;3.3355215
0.5954195;1.1607782;1.9043272;2.4873948
0.6858372;1.3350432;2.226927;2.943865
0.6161769;1.2044837;1.9974563;2.6296673
0.65733093;1.3035384;2.2129226;2.9585378
0.6018852;1.214946;2.0420358;2.7018068
0.73940134;1.3433443;2.1856048;2.8734455
0.6058274;1.1755099;1.9522724;2.5745857
0.6197201;1.3061959;2.2044609;2.903257
0.724371;1.3506851;2.1731765;2.811976
0.70022905;1.4308727;2.4211478;3.2148721
0.5827531;1.2343878;2.095125;2.772048
0.69822943;1.3808634;2.2867281;2.998874
0.74575806;1.4121517;2.3411057;3.1002269
0.5965371;1.3035934;2.2554264;3.0123727
0.71090955;1.2730863;2.0048218;2.5714483
0.7154213;1.4101837;2.3672938;3.1399367
0.7125764;1.3114117;2.1059375;2.7325072
0.74803996;1.3235093;2.1058686;2.734777
0.6031665;1.2424082;2.0914469;2.7606647
0.60303813;1.2473192;2.1391041;2.8614433
0.56684375;1.23326;2.1392107;2.8658063
0.7415583;1.4435519;2.3977368;3.1611443
0.7232276;1.386446;2.2573307;2.934022
0.72540194;1.330039;2.1332924;2.764288
0.6951176;1.3527341;2.2482834;2.967899
0.7141564;1.3072014;2.1118891;2.754251
0.69723016;1.4104456;2.3785448;3.1515496
0.6103587;1.2362584;2.0942254;2.7863808
0.7020946;1.3634917;2.2545216;2.9647987
0.6966993;1.365474;2.2480052;2.9394457
0.5712681;1.29377;2.2666304;3.039713
0.67199737;1.2244064;1.9475464;2.5086532
0.62338394;1.351094;2.3338223;3.1134193
0.59165287;1.1732988;1.9374171;2.533281
0.6881074;1.2235893;1.9318718;2.4870324
0.5649604;1.2715787;2.21306;2.9534225
0.6754382;1.2298334;1.9628406;2.5384696
0.5917113;1.2520936;2.1326907;2.826858
0.6673369;1.2305158;1.9842538;2.578579
0.62463504;1.2964226;2.178367;2.8628101
0.7002543;1.4204961;2.4097455;3.2110589
0.671136;1.3956183;2.3865497;3.183624
0.6974166;1.3325306;2.2202811;2.9423568
0.68213785;1.3997405;2.3669493;3.1338599
0.67561626;1.3528397;2.2532403;2.9605408
0.67251563;1.3640977;2.2978656;3.0428176
0.5697474;1.2586792;2.185068;2.9218857
0.7060822;1.2759063;2.0428429;2.6525595
0.70577574;1.2728769;2.029484;2.6279778
0.5683944;1.1096159;1.817859;2.3686965
0.66840386;1.2363482;1.9804858;2.5577781
0.65801024;1.2845439;2.0993962;2.7310674
0.6490082;1.2108506;1.9424604;2.509162
0.6972374;1.4155012;2.379828;3.1425574
0.5744857;1.3001997;2.3055062;3.123313
0.63594115;1.2625737;2.1028938;2.77136
0.7155476;1.3320243;2.1506195;2.7936697
0.6480754;1.3709198;2.371269;3.1822438
0.64671266;1.2668701;2.1293077;2.8340337
0.648446;1.2500858;2.034206;2.6383996
0.66070974;1.3765253;2.3661819;3.1696064
0.65572906;1.2764821;2.1328685;2.824019
0.6515965;1.3254282;2.2017062;2.8790648
0.63228744;1.243712;2.061301;2.7021503
0.67299455;1.3681929;2.3148236;3.0744042
0.65480804;1.3475525;2.2675722;2.9902835
0.69330424;1.3820947;2.2911062;3.0020173
0.63856596;1.2819327;2.1515317;2.8434672
0.5842612;1.2499832;2.1776009;2.9322958
0.7324947;1.3959033;2.3313663;3.0976813
0.60028344;1.1371013;1.8447558;2.3970482
0.61258656;1.2617885;2.1578598;2.884272
0.6685378;1.3427411;2.221356;2.8994777
0.67218983;1.332397;2.2080028;2.8940177
0.56179076;1.2452768;2.1409278;2.8383079
0.72160006;1.3558004;2.180657;2.817823
0.6352367;1.3127722;2.2371776;2.9807346
0.68759483;1.262241;2.0324428;2.6408145
0.6950493;1.3603816;2.2887466;3.0470688
0.71651506;1.2874814;2.0375013;2.6226373
0.55198544;1.1835116;2.0767665;2.8116205
0.76864475;1.4623933;2.401884;3.149984
0.5774736;1.2991619;2.282699;3.0722198
0.7024581;1.3671108;2.286084;3.0305388
0.59285736;1.2382993;2.1441443;2.8897634
0.56936115;1.1140254;1.8482859;2.4316752
0.72089124;1.3086656;2.0965374;2.7218723
0.58973235;1.2284362;2.1170688;2.8385992
0.60964835;1.2490745;2.1568544;2.9031692
0.6063227;1.2536936;2.1157453;2.7931516
0.58431995;1.2124896;2.0798218;2.7838178
0.6497811;1.332595;2.273388;3.036287
0.6732826;1.2856778;2.114552;2.776369
0.6434753;1.4079386;2.4567003;3.303678
0.6276297;1.1776181;1.8985643;2.4601493
0.67748845;1.3622444;2.273883;2.991963
0.6850972;1.2594951;2.0207534;2.6190662
0.7259662;1.3490922;2.2097044;2.9035897
0.61860085;1.2386658;2.0607238;2.706112
0.6258802;1.1783003;1.911013;2.487698
0.7241835;1.4190115;2.3558671;3.1023564
0.69942987;1.4479933;2.4757564;3.30317
0.74341625;1.3590908;2.1826801;2.8318243
0.6914766;1.3258418;2.2167892;2.9473696
0.69597363;1.451834;2.482056;3.30928
0.6092215;1.2323803;2.068784;2.732195
0.68965274;1.3297311;2.1955333;2.8894527
0.64245796;1.2338104;2.043273;2.6941319
0.709983;1.274718;2.0101206;2.5804183
0.67444503;1.2201768;1.9275988;2.4745004
0.58836657;1.2487369;2.1446762;2.8609345
0.61872435;1.308689;2.2289283;2.9544363
0.7397496;1.3560883;2.169719;2.8066394
0.7362627;1.3684608;2.1858933;2.8164992
0.74241066;1.3103362;2.0835626;2.702993
0.5606957;1.1958573;2.0815184;2.8034713
0.6203259;1.2583897;2.092232;2.738057
0.6924377;1.3725675;2.3113286;3.0733614
0.65982777;1.3490016;2.2996101;3.0700366
0.56814635;1.1345993;1.8818334;2.463503
0.74723774;1.3191379;2.0838711;2.6890519
0.68085736;1.3474;2.2136877;2.8823528
0.6484502;1.3855164;2.388784;3.1921282
0.6306015;1.3005385;2.1783638;2.8595216
0.6010098;1.2021382;2.0279467;2.692975
0.69950473;1.40937;2.378242;3.1548545
0.71697736;1.4114714;2.3320868;3.053612
0.7233678;1.4307953;2.374262;3.1153948
0.7245297;1.3606334;2.204136;2.8655946
0.664742;1.2379826;1.9900917;2.574322
0.6204028;1.2841164;2.1522264;2.8283274
0.5593118;1.2394668;2.1641326;2.904801
0.7109337;1.3143963;2.1393135;2.801616
0.60615975;1.242761;2.094055;2.7673542
0.7564848;1.4621397;2.399875;3.1403277
0.62767863;1.2155895;1.9977858;2.613017
0.6601414;1.2085717;1.931226;2.4932985
0.75282896;1.323551;2.1016905;2.727679
0.68814105;1.3077859;2.1403296;2.79706
0.762902;1.385571;2.2513916;2.9550133
0.5997294;1.3050225;2.262548;3.0304272
0.67851734;1.3399354;2.2475152;2.9815784
0.7028152;1.417686;2.389998;3.1696563
0.735033;1.4068847;2.3044922;3.015637
0.59564334;1.3403453;2.3671882;3.196699
0.65086544;1.202845;1.9435254;2.528164
0.7380644;1.3829987;2.2927213;3.039978
0.71062213;1.2928766;2.0722249;2.6859312
0.63525414;1.3126805;2.1875854;2.860776
0.72024316;1.3171281;2.142171;2.8119211
0.5894011;1.2283406;2.110125;2.8263793
0.6397953;1.3831786;2.396587;3.2124548
0.5921856;1.318492;2.3052778;3.0948825
0.7090804;1.3105518;2.1181214;2.7566109
0.6634158;1.2632878;2.0405695;2.640118
0.64590544;1.3182778;2.1855884;2.8534322
0.69748086;1.4230571;2.4173162;3.2195039
0.56652737;1.0923625;1.7843462;2.322901
0.56292695;1.2505631;2.1865249;2.9344645
0.71273404;1.4316062;2.4240136;3.2259638
0.55822885;1.1758444;1.9917485;2.6333275
0.65554595;1.2615995;2.0735624;2.7168603
0.6703139;1.4005387;2.4143603;3.2366052
0.6894947;1.3898832;2.3451738;3.115213
0.7562123;1.3088375;2.0388775;2.606926
0.6824649;1.3829129;2.3213735;3.063011
0.62913376;1.3444722;2.341003;3.1508033
0.6074866;1.1609241;1.8846033;2.4443614
0.7305961;1.4387889;2.402635;3.1749034
0.7255325;1.3849207;2.3110566;3.072418
0.7003098;1.3160846;2.145217;2.8030255
0.7389667;1.4336442;2.3889723;3.1622636
0.5850282;1.1712722;1.971333;2.6159818
0.56649804;1.1095535;1.8342385;2.4047282
0.7059905;1.3537573;2.2384067;2.9472363
0.655335;1.230307;2.020064;2.6561468
0.69421196;1.3613604;2.274376;3.0053465
0.695866;1.3398185;2.234339;2.9619467
0.5683759;1.3187947;2.3507476;3.188235
0.682445;1.259228;2.0214808;2.61664
0.7106111;1.3065747;2.132973;2.8037877
0.5734419;1.1792238;1.9658216;2.573199
0.6117712;1.3294251;2.3257358;3.1372359
0.6031651;1.3430352;2.3491783;3.1569166
0.73528236;1.338295;2.155053;2.8091018
0.5580714;1.2034023;2.1118963;2.8577359
0.6953343;1.4335595;2.4263377;3.216043
0.6910514;1.3847439;2.3284059;3.0830379
0.68106395;1.2572484;2.014658;2.6045616
0.623818;1.2768197;2.1247075;2.779314
0.6515627;1.331818;2.2145324;2.8959672
0.6768696;1.2980379;2.1362734;2.8004038
0.6980213;1.348363;2.2574415;2.998239
0.65599376;1.3391572;2.2394085;2.9413047
0.636675;1.3110931;2.2045121;2.9044
0.7504688;1.4424531;2.404082;3.1876366
0.6873275;1.4049592;2.3635173;3.1208997
0.7493835;1.3431052;2.1315603;2.7489958
0.74629825;1.4193504;2.3247564;3.0436046
0.65597105;1.3353599;2.2254398;2.915436
0.69276845;1.3361108;2.2096138;2.9072657
0.5889777;1.1229417;1.8358005;2.396017
0.57283175;1.183416;2.0152225;2.682133
0.61324334;1.3274935;2.29868;3.080388
0.65857893;1.4273999;2.4930584;3.3574386
0.56432223;1.1382775;1.92154;2.548185
0.67783296;1.3055552;2.1313899;2.7765143
0.6863668;1.3000214;2.1375196;2.8044097
0.70153797;1.3549931;2.2418153;2.9508338
0.7626944;1.3568021;2.1657996;2.813689
0.7479471;1.3972778;2.3101637;3.0594277
0.6384264;1.2697221;2.1526835;2.8765953
0.58904135;1.3246529;2.3394897;3.1633863
0.6440937;1.2797096;2.1090312;2.7527237
0.6438875;1.2545996;2.0709445;2.7131624
0.7560697;1.4440566;2.3606057;3.0840175
0.7544594;1.3566961;2.191795;2.871477
0.683819;1.311651;2.1484554;2.8073268
0.6717638;1.2872119;2.0905921;2.71454
0.6969759;1.4441913;2.465222;3.2843387
0.63012904;1.2037563;1.9742329;2.5840466
0.7039551;1.394209;2.3188534;3.0496712
0.640253;1.241309;2.039187;2.6637418
0.6453287;1.3012311;2.1692815;2.8458974
0.63873714;1.356388;2.326324;3.097995
0.6514207;1.2088828;1.9420935;2.5152419
0.67524827;1.2644085;2.0343287;2.6311967
0.5843617;1.3099898;2.3013577;3.0993772
0.6653805;1.3835217;2.3771994;3.18432
0.7398622;1.3633553;2.1723704;2.79439
0.6112458;1.2316546;2.071647;2.7411854
0.74407166;1.2951853;2.0325372;2.6126592
0.5697045;1.2436491;2.1263502;2.8113704
0.6713733;1.3866062;2.3718839;3.16968
0.57493937;1.1611509;1.9393641;2.5492492
0.6924093;1.2443688;1.968211;2.530914
0.72650015;1.4436133;2.4441152;3.2598572
0.5916884;1.2881684;2.2171404;2.9458
0.7261263;1.3646504;2.2081394;2.869411
0.6489109;1.1832584;1.8893912;2.4425082
0.7427032;1.3168315;2.0825367;2.6853805
0.69271564;1.3894467;2.3401077;3.1024246
0.60581815;1.2858901;2.2337484;3.0046458
0.7585415;1.4251255;2.313397;3.0104082
0.63346237;1.2997004;2.2178073;2.9590573
0.62616456;1.2263305;2.043074;2.6990747
0.64207286;1.3181281;2.2099547;2.9076786
0.5582195;1.1927781;2.0753133;2.7934103
0.74747294;1.3997806;2.3134363;3.0583878
0.58654785;1.2196699;2.0581214;2.7173226
0.5622165;1.2138573;2.0702386;2.7366066
0.7198281;1.3014157;2.100681;2.743943
0.74423724;1.3531641;2.17624;2.8303187
0.73456514;1.4215925;2.3620777;3.1179945
0.623793;1.2488444;2.0995889;2.7818496
0.6313569;1.2835394;2.132422;2.78601
0.5944992;1.2215911;2.0926213;2.8041558
0.6065512;1.2133812;2.0497324;2.7285717
0.7344609;1.4495394;2.432573;3.22358
0.64418864;1.3359376;2.2675085;3.0058758
0.60072273;1.3115423;2.250955;2.9897857
0.6851594;1.2911611;2.081913;2.692231
0.67704034;1.292647;2.1168518;2.7668457
0.72727716;1.3354657;2.174691;2.85169
0.5773596;1.312377;2.3352695;3.1690288
0.73832375;1.3602086;2.1802564;2.8223233
0.6007722;1.1919277;1.9597412;2.5518951
0.60436505;1.2866681;2.223387;2.9803302
0.6233178;1.200922;1.9641244;2.5568612
0.74132645;1.3599533;2.185483;2.8357255
0.75698626;1.4702039;2.4375458;3.209132
0.59241366;1.2463344;2.1076486;2.77683
0.730946;1.4032909;2.2838657;2.9689746
0.64395267;1.2093483;1.951476;2.5312936
0.7396963;1.4713391;2.4818745;3.3016002
0.6346228;1.3070837;2.2309496;2.9756274
0.64028174;1.2987471;2.216752;2.9619865
0.7274871;1.449168;2.4410133;3.237632
0.7268377;1.3720053;2.224584;2.888787
0.66557914;1.3441566;2.2540169;2.9750762
0.69453007;1.358316;2.2410371;2.935269
0.59116966;1.2624394;2.1466916;2.8378465
0.6677099;1.3416549;2.2583416;2.9904513
0.67273295;1.3456995;2.2438126;2.9516525
0.622403;1.2584108;2.0805697;2.7125533
0.58715713;1.299668;2.2554796;3.0118744
0.6335883;1.1890234;1.9293957;2.5127497
0.72624487;1.3787465;2.2737324;2.9938397
0.5762203;1.2441664;2.177671;2.94022
0.74537617;1.4132711;2.3347301;3.0798614
0.7198105;1.3317428;2.2037275;2.9249039
0.6287648;1.2092918;1.9752789;2.5703516
0.68790674;1.2846811;2.109724;2.7769396
0.56222016;1.1429015;1.919724;2.5313869
0.61795074;1.23485;2.0560186;2.702076
0.7308501;1.3498746;2.1678283;2.8048162
0.70635146;1.4642345;2.5027373;3.3420126
0.7382454;1.3461468;2.1459928;2.7705188
0.70957696;1.2583783;1.9881762;2.560243
0.6730453;1.358056;2.2869933;3.029203
0.70298696;1.232117;1.931808;2.479392
0.7497008;1.3457803;2.1584842;2.8071494
0.6888003;1.3325577;2.1602116;2.7958026
0.64395684;1.3640057;2.344096;3.133088
0.6158711;1.2228677;2.0351427;2.6773477
0.60738754;1.2367548;2.0473962;2.6717908
0.60280937;1.3165203;2.296292;3.0907724
0.60967463;1.2519841;2.0942628;2.7477267
0.6417111;1.26693;2.142329;2.8620417
0.63201076;1.2894444;2.1475253;2.815946
0.69995457;1.3831539;2.2691526;2.9508507
0.62760854;1.1938618;1.9610832;2.572161
0.7039512;1.3437563;2.1836295;2.8373637
0.59431076;1.2537221;2.1548657;2.8779855
0.5983034;1.3763794;2.4422688;3.3048182
0.6401839;1.2295924;1.9949837;2.58732
0.65987873;1.3000488;2.1991913;2.9361663
0.6672105;1.346798;2.2399223;2.9337983
0.73086625;1.3959293;2.3129122;3.0518
0.570092;1.2171696;2.100694;2.8150218
0.6357059;1.184956;1.9153663;2.4902437
0.71973825;1.444855;2.4205573;3.1949787
0.72425365;1.4070133;2.3217022;3.042954
0.70946336;1.3651434;2.2869034;3.0420856
0.64245355;1.2395424;2.034402;2.6607413
0.60794306;1.2514774;2.1308954;2.835459
0.67353404;1.3422803;2.2637227;3.009407
0.7402576;1.3948779;2.2869067;3.0013874
0.62589806;1.2913618;2.1529822;2.8192065
0.6840351;1.2737309;2.0544033;2.6661139
0.7157555;1.4317043;2.4085257;3.1941936
0.70914817;1.4222082;2.3779995;3.13522
0.7384799;1.4456935;2.411031;3.1866796
0.70690036;1.4176781;2.3887079;3.1697233
0.57051593;1.2350779;2.1364334;2.8552616
0.557692;1.2529868;2.184452;2.9212477
0.6275097;1.3008544;2.2073288;2.9282813
0.60046124;1.2912211;2.191088;2.8885107
0.58796316;1.2248839;2.085137;2.7689986
0.6711034;1.2435919;2.0164201;2.6276658
0.56832135;1.2881135;2.2916052;3.1094787
0.6141077;1.2231351;2.014331;2.6249824
0.5555639;1.179885;2.0162401;2.680509
0.60671914;1.193909;1.9727881;2.5835335
0.5887354;1.2606827;2.1296427;2.7972155
0.64268106;1.4089938;2.4714458;3.332107
0.7414081;1.4171976;2.296273;2.9769998
0.72902167;1.3662534;2.2330444;2.929461
0.5908381;1.2463325;2.1625295;2.9116218
0.5817806;1.1362458;1.8636613;2.4277573
0.73239344;1.4336;2.4088702;3.202973
0.7232904;1.4028046;2.3437006;3.104147
0.6654298;1.3925471;2.3709376;3.1457
0.5989754;1.223084;2.062758;2.7295117
0.6801987;1.3101482;2.1468456;2.8056934
0.61802363;1.2685114;2.1647925;2.8875296
0.7205349;1.3140392;2.1276243;2.780275
0.6212553;1.29254;2.1703422;2.8480763
0.6481732;1.3018045;2.2056863;2.9406488
0.57393557;1.1662993;1.9662086;2.6035762
0.6291631;1.1959108;1.9438475;2.5299942
0.68393636;1.4305714;2.4493558;3.270054
0.6844374;1.2482346;2.0047286;2.603978
0.5634359;1.1907157;2.036341;2.706306
0.7604539;1.4226419;2.285516;2.9536395
0.6143564;1.3167771;2.2473032;2.9793885
0.61698866;1.2991742;2.1924567;2.8882315
0.61095876;1.2859865;2.1934505;2.9161637
0.62497175;1.3073268;2.2338803;2.9737325
0.64701223;1.310863;2.2062495;2.9178984
0.5728033;1.2230254;2.1126297;2.8293302
0.55926675;1.25138;2.2063384;2.9798203
0.72101974;1.4027146;2.3439336;3.1048582
0.68054456;1.3220488;2.2257922;2.9702475
0.6518576;1.2197312;1.9649149;2.5456884
0.6917747;1.271197;2.0248036;2.6072245
0.7079648;1.346405;2.2288363;2.943253
0.7466034;1.3665808;2.2383184;2.954651
0.73087645;1.4452941;2.426192;3.2142324
0.6947733;1.3615941;2.243381;2.9322555
0.6071442;1.199615;2.005941;2.6487129
0.7390715;1.4187372;2.3297634;3.050869
0.66240263;1.3320556;2.2023032;2.8734183
0.64637774;1.1818807;1.889626;2.4438334
0.7405309;1.367147;2.2405512;2.952623
0.7469993;1.3922752;2.2399662;2.8970292
0.5647273;1.2282567;2.1483333;2.8982449
0.6473794;1.2285411;2.0068567;2.621817
0.67364156;1.2361326;1.9899931;2.586871
0.71976197;1.2619879;1.9737749;2.527847
0.7123648;1.4056306;2.3608305;3.1306853
0.67589104;1.3857722;2.3453445;3.111585
0.5762616;1.2539698;2.185983;2.9379077
0.7653615;1.4773242;2.4685018;3.2741287
0.66576993;1.2919033;2.1703897;2.8900113
0.689401;1.3397381;2.247207;2.9903843
0.7408444;1.4016511;2.298354;3.0161338
0.59757817;1.1493039;1.8822848;2.456263
0.7358411;1.3510071;2.222858;2.9402235
0.60580397;1.3036054;2.2217133;2.9364707
0.6707929;1.2763822;2.0784729;2.709401
0.6918175;1.2584673;2.0209959;2.62486
0.6337328;1.2441895;2.0797853;2.7513177
0.6133498;1.2856065;2.1550841;2.8249319
0.62242866;1.2771046;2.1369476;2.8051345
0.7140407;1.372848;2.2899098;3.0399885
0.71009433;1.3735834;2.2939286;3.042043
0.6597244;1.3351127;2.2149353;2.892604
0.57393825;1.2325035;2.1149259;2.8144493
0.58432835;1.1866251;1.9963671;2.6405022
0.59223366;1.2833742;2.2358356;3.0073795
0.7257435;1.4245833;2.388256;3.1692667
0.5599717;1.2625799;2.2305357;3.0143294
0.6175136;1.2860675;2.1438243;2.8006687
0.63612443;1.1993273;1.9649731;2.5758057
0.7677011;1.4162782;2.2959332;2.997735
0.6605002;1.2884644;2.160848;2.8715415
0.57932234;1.1668538;1.9439832;2.5544465
0.57674396;1.3119513;2.3303468;3.1594973
0.7346192;1.4768203;2.4874182;3.295871
0.6868695;1.3465687;2.2194855;2.8999264
0.6278164;1.3801217;2.4157195;3.2542064
0.6342872;1.2553061;2.1326609;2.8508248
0.56229705;1.2522634;2.1790307;2.9112227
0.7326147;1.4690855;2.468351;3.2652285
0.5515615;1.2682148;2.2546349;3.0561259
0.759255;1.3148786;2.0430307;2.6097896
0.59997636;1.240831;2.1240945;2.836982
0.64395607;1.2423202;2.0361679;2.6582284
0.6044264;1.3649307;2.40445;3.242199
0.5931832;1.2802373;2.2162125;2.9691355
0.7194927;1.3105481;2.0825448;2.679509
0.726379;1.3436621;2.2073836;2.9132555
0.7031836;1.2724527;2.042777;2.6580496
0.7370241;1.3724707;2.1966636;2.8355923
0.6597151;1.3010322;2.2111917;2.960901
0.55260193;1.1834643;2.065993;2.7875178
0.56568056;1.1383235;1.9180224;2.5414882
0.662906;1.327631;2.2527785;3.0072064
0.68769246;1.34894;2.2511368;2.9747791
0.5731319;1.2043818;2.0255888;2.6577044
0.62031835;1.2117225;1.9811534;2.5757437
0.7025867;1.3496833;2.2075422;2.8792846
0.6933569;1.382447;2.2835288;2.9821854
0.61876917;1.1745589;1.907715;2.4827306
0.73046345;1.411957;2.3228166;3.0415382
0.6177141;1.2350105;2.0822897;2.7638967
0.60388285;1.1821513;1.9737761;2.6107059
0.6887989;1.4096549;2.3861187;3.165396
0.69630647;1.2874081;2.0635998;2.6690524
0.655226;1.3070153;2.1585238;2.820411
0.67691493;1.4103187;2.4178646;3.2319913
0.63652074;1.3422179;2.3064716;3.082773
0.66027296;1.2991884;2.1901836;2.9177945
0.6234756;1.2345328;2.0474124;2.6873493
0.6643636;1.3630804;2.3346248;3.1279008
0.74373776;1.5115914;2.5674798;3.4210563
0.62745;1.2685887;2.1606753;2.8875525
0.66583604;1.3368417;2.2517986;2.9855282
0.6254517;1.3397481;2.3226857;3.1171072
0.6562054;1.278442;2.0981836;2.7398775
0.6156321;1.2910078;2.2358932;3.0067825
0.56946576;1.2954903;2.300586;3.1197796
0.5698736;1.2024128;2.0313191;2.6749527
0.57664436;1.3075985;2.2866247;3.0631783
0.66685474;1.2252;1.97036;2.558743
0.6702355;1.3909234;2.3505292;3.1095448
0.5960156;1.2896005;2.250842;3.0344806
0.6843522;1.3703567;2.316834;3.081082
0.6960396;1.3167077;2.1367698;2.77818
0.6625371;1.2646513;2.0733595;2.715269
0.6985946;1.3797497;2.3180885;3.0781753
0.57577753;1.268831;2.199312;2.9415357
0.69787425;1.2677042;2.0160995;2.5985882
0.6340464;1.2670618;2.0936258;2.737512
0.5972795;1.21046;2.0293553;2.676451
0.7423154;1.3311334;2.1154494;2.7328656
0.72823316;1.4178917;2.3266177;3.0353825
0.7172453;1.325333;2.1575813;2.8262544
0.58808905;1.2463536;2.100352;2.758407
0.70874804;1.3031557;2.1081684;2.7511117
0.5973001;1.2520622;2.157429;2.891979
0.6584697;1.2887926;2.1793141;2.9120831
0.6775187;1.4030222;2.3936222;3.1900926
0.6912276;1.3034673;2.117972;2.759517
0.64679444;1.320653;2.232876;2.962566
0.5953551;1.2229815;2.0987353;2.8187342
0.6638075;1.2849087;2.1466873;2.84798
0.7203325;1.3788888;2.2738287;2.9915342
0.5954476;1.1555843;1.905065;2.4962246
0.5848992;1.2297703;2.137254;2.8841188
0.6610394;1.1911359;1.8871449;2.4297478
0.5526601;1.1655533;1.985895;2.6365178
0.5720187;1.2461904;2.1755776;2.9269862
0.621328;1.2787608;2.1529734;2.8437333
0.7572129;1.4813797;2.4748487;3.274775
0.7543724;1.4807961;2.4861677;3.302205
0.71250504;1.3130802;2.1330311;2.7905822
0.5538797;1.2468883;2.1990247;2.9697177
0.7417954;1.4453206;2.3820705;3.1186192
0.5638293;1.102868;1.8096114;2.3587644
0.7212514;1.355525;2.2561228;2.9974973
0.69495213;1.2942885;2.136006;2.8227932
0.57951987;1.2830039;2.2182083;2.9522843
0.6191985;1.2861687;2.1477711;2.809627
0.63471407;1.2855111;2.190713;2.9302022
0.63999015;1.182131;1.8987817;2.4599793
0.6449046;1.2563844;2.0944324;2.769006
0.7241626;1.3892881;2.3055968;3.047808
0.668328;1.3122535;2.1998687;2.9195154
0.6346911;1.2244724;1.9947159;2.5928128
0.71987563;1.3493767;2.2228405;2.9285064
0.72988033;1.4179521;2.3253288;3.0330772
0.7381298;1.3698013;2.2183142;2.8910565
0.63232;1.2835683;2.1885;2.923659
0.7102239;1.3934741;2.2752984;2.9517822
0.7533648;1.4596182;2.4116294;3.1696515
0.5493497;1.177482;2.003633;2.6484206
0.5734692;1.187699;1.9912028;2.6170537
0.6435455;1.2387729;2.0407593;2.6774886
0.6373772;1.3138697;2.2346451;2.973839
0.6884671;1.3194009;2.156243;2.8134234
0.64179856;1.3391787;2.287582;3.0439675
0.6647828;1.3551744;2.300783;3.063239
0.6729725;1.3773313;2.3559687;3.1546807
0.6046324;1.3498662;2.3642697;3.1762302
0.6756614;1.403964;2.3835187;3.1599271
0.62959087;1.3111099;2.265396;3.044686
0.6711116;1.2787526;2.1181045;2.798487
0.63898325;1.25149;2.1044385;2.798793
0.5905273;1.2497647;2.108429;2.7711613
0.7621243;1.3161194;2.0563054;2.638684
0.7009358;1.3974243;2.362434;3.1427424
0.6613366;1.3272648;2.2202125;2.9261372
0.72236025;1.3265009;2.135721;2.7773514
0.5706902;1.1637962;1.9759009;2.6273568
0.6807746;1.3282086;2.2004392;2.8956933
0.7286254;1.3398396;2.1954322;2.895306
0.6029304;1.1712062;1.9177477;2.4996552
0.5604571;1.2638226;2.243568;3.043086
0.6717819;1.3205736;2.1690724;2.8277042
0.76393217;1.4285792;2.3262916;3.0402145
0.59986794;1.2825594;2.190757;2.907669
0.6399974;1.3553066;2.329662;3.1098788
0.6369563;1.2392561;2.0389602;2.668965
0.70387626;1.4286731;2.4358976;3.2543337
0.63646716;1.3472648;2.314315;3.0863452
0.6069131;1.1944875;1.994848;2.6355438
0.6594733;1.3631563;2.3284955;3.1048148
0.73627734;1.393442;2.2679522;2.9527953
0.56846666;1.2713556;2.2160954;2.967395
0.70742834;1.2833734;2.0408645;2.6323738
0.73806244;1.4920782;2.522739;3.3500972
0.614193;1.2671343;2.1545548;2.868038
0.63444513;1.2628936;2.1064837;2.7785766
0.61601585;1.2830783;2.2183962;2.9844906
0.6022858;1.2797016;2.1896214;2.9143703
0.65782845;1.2809676;2.1335595;2.8215618
0.5953532;1.2097113;2.0116272;2.633816
0.66578984;1.3257409;2.206999;2.9027412
0.64749223;1.2785271;2.118852;2.7796848
0.6830547;1.2306733;1.9574554;2.5289915
0.6485158;1.258306;2.0937645;2.766634
0.74289554;1.3668582;2.1877234;2.829791
0.68146914;1.3158133;2.1713777;2.8515716
0.61123925;1.2688004;2.1535006;2.8570077
0.74086386;1.454019;2.400104;3.1441164
0.6472618;1.377776;2.389809;3.2113996
0.6216452;1.2741435;2.1855178;2.928563
0.67082566;1.2917247;2.101176;2.7309272
0.75758123;1.3665285;2.2174141;2.9086335
0.69235265;1.270776;2.0744627;2.725566
0.6308054;1.2892524;2.1429296;2.8005328
0.6977155;1.3344287;2.1775844;2.8377306
0.66995513;1.3496125;2.2396085;2.930358
0.7098002;1.4066062;2.349375;3.1032834
0.69130665;1.3504171;2.2186823;2.8953254
0.5652041;1.212431;2.0483496;2.692803
0.6317515;1.2683275;2.1309705;2.8171625
0.60490495;1.2450117;2.0858152;2.7392733
0.66505593;1.2449892;2.0212064;2.6346605
0.60836244;1.3213435;2.2702353;3.0181158
0.6280547;1.2950697;2.1931448;2.9064949
0.63736945;1.2371408;2.051805;2.7031827
0.5876245;1.210527;2.0484037;2.7176697
0.5673918;1.1340618;1.8800515;2.4608343
0.60196817;1.238776;2.0935423;2.7690256
0.6779791;1.3429388;2.271907;3.0307
0.5818833;1.2479961;2.1452503;2.8577778
0.5843382;1.3260347;2.3503196;3.1808844
0.582435;1.2061092;2.0489948;2.721884
0.7257006;1.4245257;2.3868651;3.1630654
0.5892739;1.267458;2.1932428;2.936617
0.68577224;1.3246711;2.2218313;2.9550147
0.56884825;1.2143779;2.0777478;2.7595134
0.7368763;1.2922353;2.0162323;2.5762274
0.6821857;1.2504878;2.0195587;2.6302571
0.6276093;1.3064207;2.1929896;2.8810322
0.5830264;1.1779944;2.002841;2.675062
0.5922769;1.259476;2.1707623;2.903565
0.61194754;1.2132039;2.0517852;2.7378173
0.60609806;1.2241278;2.036276;2.6707463
0.62441915;1.3031358;2.2279127;2.966668
0.75359243;1.374264;2.2058852;2.8650632
0.5855903;1.2247231;2.126036;2.8687768
0.62395674;1.3294402;2.300866;3.0890882
0.62359744;1.295661;2.2263148;2.9811642
0.5733584;1.2819858;2.246746;3.0212843
0.74124575;1.4483469;2.4331658;3.2329905
0.6628733;1.3061335;2.2012722;2.9319246
0.6325477;1.2862599;2.1646478;2.8622644
0.70035034;1.3178674;2.1200998;2.740771
0.6312211;1.2169334;1.9896426;2.5942874
0.6379334;1.3484454;2.3311815;3.1273696
0.71098;1.332517;2.1526194;2.7967246
0.6657543;1.3886762;2.387111;3.1969512
0.5851596;1.1632802;1.9468315;2.5728564
0.7048773;1.3132198;2.1147058;2.740146
0.6875874;1.4139472;2.4102602;3.2146964
0.5892673;1.2692004;2.177586;2.8928936
0.720253;1.4168553;2.3353708;3.0522637
0.5520547;1.1467012;1.9661492;2.6293478
0.6064796;1.2433039;2.1049566;2.7890756
0.61744386;1.2584383;2.1539102;2.884671
0.7278163;1.3710744;2.2073116;2.8540885
0.66467994;1.3255417;2.2296796;2.9555485
0.5608522;1.2311333;2.1210415;2.8202085
0.5998252;1.2585049;2.1804492;2.9323723
0.56718504;1.267756;2.2337499;3.016057
0.60648495;1.2355413;2.0605505;2.6999276
0.666624;1.2938262;2.130202;2.7875142
0.6080237;1.3222996;2.283655;3.0486975
0.67579794;1.374847;2.3175364;3.0670345
0.6049196;1.3152025;2.3060167;3.1144025
0.5782789;1.3443524;2.3955529;3.2439349
0.6870121;1.3395495;2.2276552;2.9372635
0.6951201;1.3659885;2.250121;2.9433308
0.662462;1.3600965;2.3157167;3.0845582
0.6210385;1.214759;2.019008;2.6583889
0.60911345;1.2289131;2.071555;2.746195
0.7034923;1.3688293;2.2908957;3.0428982
0.5986685;1.269681;2.2072122;2.9743295
0.5870654;1.2075479;2.0193973;2.6468432
0.66414964;1.3306869;2.242932;2.9763253
0.63554466;1.2979732;2.2307205;2.9936402
0.6177585;1.2991269;2.2333477;2.9850402
0.6178948;1.3290445;2.2877774;3.0487652
0.6786959;1.2292358;1.9658892;2.5462499
0.7195776;1.3056618;2.113815;2.7668958
0.63496786;1.2595298;2.10363;2.775522
0.64171904;1.2501072;2.0442717;2.657737
0.6090026;1.336154;2.3364246;3.14372
0.73954254;1.4131914;2.3612914;3.1401546
0.58624965;1.213715;2.096524;2.8234785
0.6743783;1.3103108;2.1858602;2.8917134
0.6875372;1.3043758;2.1188884;2.7525637
0.5619314;1.2382978;2.172195;2.9268293
0.7219996;1.4014133;2.2980576;2.9975498
0.67995626;1.3975936;2.3866546;3.1866071
0.5523256;1.2251531;2.1594503;2.9219654
0.7332492;1.3309045;2.1123967;2.7172651
0.75489867;1.3645344;2.2164607;2.9134483
0.69485205;1.298922;2.1414294;2.8281612
0.5543621;1.2725579;2.231341;2.9871016
0.6839605;1.3145607;2.1844285;2.8903034
0.67970574;1.3584692;2.2624152;2.9748008
0.55917764;1.269728;2.237253;3.0125742
0.6614288;1.2382182;2.016614;2.6330936
0.5729573;1.2823576;2.2584133;3.0481157
0.7204388;1.3563422;2.2557259;2.995586
0.6806925;1.2912612;2.1508849;2.8562334
0.5687504;1.3301033;2.377933;3.2235217
0.56826943;1.202846;2.084318;2.7996354
0.55263317;1.1922451;2.0861125;2.8177843
0.61873615;1.2395369;2.1129723;2.8293355
0.6418722;1.2349371;2.0550518;2.7190924
0.60266864;1.2234774;2.0982895;2.8190515
0.6655317;1.2251681;1.9637725;2.5418148
0.6589773;1.3195689;2.2008662;2.89501
0.5645468;1.1706604;2.011254;2.6941197
0.6373463;1.3117464;2.226067;2.957492
0.59088314;1.2957922;2.241373;2.9909797
0.69423014;1.3959771;2.3739944;3.172332
0.74808306;1.4906989;2.5116053;3.334925
0.622629;1.2940742;2.2181227;2.96152
0.5828405;1.2643704;2.1640475;2.8673198
0.55994153;1.2326306;2.1099355;2.7891903
0.64274466;1.3450474;2.3263347;3.12694
0.7144059;1.4215467;2.4108965;3.2194843
0.66086113;1.2915581;2.1775494;2.9040723
0.61725146;1.373671;2.4037368;3.2324562
0.6117363;1.2257175;2.046051;2.695815
0.62387705;1.3193679;2.2832544;3.0656512
0.64394414;1.379331;2.3814883;3.1845243
0.7492709;1.3889592;2.289876;3.028325
0.71333724;1.3487176;2.2118425;2.8991296
0.66062135;1.289484;2.1219144;2.774687
0.568927;1.2030486;2.0684521;2.759788
0.7352723;1.3414605;2.1936731;2.8929503
0.65094;1.3335791;2.2707443;3.0278437
0.74274135;1.4257565;2.3468025;3.0830188
0.7511238;1.445238;2.377739;3.116446
0.5878913;1.2154303;2.0603335;2.7324564
0.6664851;1.2714096;2.072465;2.6965084
0.57372034;1.2490141;2.1508808;2.8634884
0.6706566;1.3657221;2.3158832;3.080412
0.75303125;1.3675952;2.1925044;2.8483667
0.69401616;1.345722;2.234772;2.9478943
0.58772284;1.2049199;2.0204668;2.6545017
0.70768696;1.2549309;1.9701339;2.5231938
0.7374056;1.499893;2.541808;3.3802125
0.616916;1.306306;2.2524896;3.017458
0.6714796;1.2822006;2.0873582;2.7170758
0.6756521;1.2846777;2.1300912;2.8180761
0.7521996;1.327554;2.0819426;2.671472
0.63191867;1.3470643;2.314947;3.0864782
0.7128423;1.3681654;2.268326;2.993553
0.62890273;1.2836075;2.1595554;2.8513494
0.7042279;1.4663767;2.516735;3.3674338
0.7434828;1.3441273;2.1780918;2.8529403
0.74096775;1.3547502;2.2010128;2.8856313
0.6683537;1.3523066;2.254352;2.9576082
0.67002857;1.2520462;2.0153713;2.6053991
0.62805927;1.2390167;2.0834503;2.7686996
0.5737412;1.1701034;1.9486331;2.5543025
0.5717028;1.2933781;2.261069;3.0269947
0.68722135;1.4097252;2.41237;3.226777
0.6609947;1.2993932;2.1388242;2.790533
0.61932033;1.3564465;2.374144;3.1970563
0.5670516;1.1173222;1.8569442;2.4432533
0.7246158;1.2884883;2.0507615;2.65774
0.671213;1.2955979;2.151594;2.8396792
0.6102042;1.2851931;2.1764388;2.8733802
0.6215404;1.2493764;2.1306527;2.851204
0.5898315;1.2079504;2.076126;2.7876198
0.5961714;1.1858325;1.9864552;2.6278493
0.5968101;1.2817075;2.1786554;2.8738842
0.7398632;1.2586005;1.9436476;2.477969
0.6780782;1.401698;2.3918107;3.1863356
0.5984985;1.2905734;2.2470794;3.0257428
0.6632959;1.3724947;2.3347714;3.1030767
0.6649826;1.235992;1.9792349;2.553203
0.66981876;1.3688184;2.3200405;3.0830698
0.7120522;1.3316102;2.2006779;2.9149399
0.66001374;1.2619854;2.049807;2.6652055
0.596341;1.343214;2.3697157;3.1966145
0.6407019;1.3128284;2.1985514;2.8918638
0.6012151;1.3521369;2.3797598;3.2060826
0.6477774;1.3224573;2.2483876;2.9970286
0.7468661;1.2969401;2.0418878;2.634553
0.62121946;1.3349063;2.2817883;3.0259264
0.7167057;1.2970332;2.0596533;2.6509838
0.7261756;1.3493031;2.1754146;2.8198416
0.66303605;1.425144;2.4812095;3.336892
0.5801487;1.2571894;2.165825;2.8844655
0.6987325;1.2600104;2.0166416;2.6188188
0.5863281;1.2747939;2.2097113;2.9590127
0.6237272;1.288594;2.189404;2.9096131
0.64906085;1.3324865;2.2621834;3.0060663
0.61928135;1.2286862;2.0566278;2.721351
0.6438682;1.2118791;1.9623011;2.548502
0.6300576;1.2577877;2.122819;2.8223295
0.6050689;1.1926737;1.9763407;2.5937347
0.7008088;1.3191012;2.170385;2.8588393
0.6423454;1.2638992;2.073624;2.700557
0.7282365;1.302498;2.0760977;2.6885757
0.6077408;1.1799684;1.9367684;2.5303388
0.69861394;1.4423572;2.4567118;3.2729812
0.6981722;1.309824;2.1528308;2.8370667
0.67903495;1.3191698;2.1678388;2.8346844
0.76650023;1.403857;2.2775211;2.9790096
0.5888285;1.1694263;1.962554;2.6006823
0.69363683;1.3054094;2.1071007;2.7301242
0.7149607;1.2885212;2.058241;2.6711776
0.59688747;1.1745362;1.9410863;2.543087
0.67786163;1.3377005;2.215281;2.9036512
0.6792023;1.3705782;2.3002148;3.040946
0.5873898;1.1812274;1.951098;2.5453944
0.672126;1.2435619;2.0271118;2.6554759
0.7353909;1.3738697;2.2597072;2.979679
0.56346184;1.1703291;1.9684917;2.591346
0.7069353;1.2938656;2.1079552;2.7692847
0.74549836;1.4287722;2.367492;3.1242185
0.73086876;1.2797914;2.0042317;2.5730815
0.68116534;1.2889473;2.1251383;2.7991455
0.6001518;1.3212814;2.3142805;3.1167521
0.69141096;1.2665621;2.0433054;2.6639385
0.73128444;1.3612223;2.2102535;2.8829541
0.5725272;1.2433625;2.1754627;2.931275
0.5828403;1.2676082;2.217121;2.986287
0.6096157;1.1818371;1.9627894;2.5910497
0.6851069;1.3193705;2.211984;2.9448006
0.5595071;1.2459202;2.1477864;2.8513873
0.66013443;1.3934221;2.4056554;3.2283745
0.74264526;1.3489507;2.146647;2.7690465
0.62257713;1.1794575;1.9181396;2.497521
0.714356;1.3852919;2.2967677;3.0260968
0.5759462;1.2823054;2.2115333;2.938668
0.7449118;1.344468;2.1265142;2.7290637
0.71643883;1.413101;2.3473217;3.0901864
0.7452261;1.3672342;2.1874216;2.828786
0.55632335;1.1495072;1.9671519;2.6278107
0.6203337;1.2965488;2.210903;2.9385831
0.5723822;1.174104;1.9807899;2.6188111
0.7390337;1.39933;2.3238735;3.0784633
0.72638255;1.4027624;2.3121018;3.0326018
0.6129725;1.1525549;1.8648453;2.4198816
0.71579534;1.2683249;1.9986526;2.5737357
0.56575847;1.2112902;2.1153946;2.8563817
0.7451803;1.4184796;2.329655;3.057054
0.70951605;1.3182949;2.107098;2.7159526
0.58577496;1.2110804;2.0331037;2.6735764
0.6658813;1.2500038;2.0468493;2.6855705
0.66857165;1.4003584;2.4103703;3.2279358
0.76007855;1.3189054;2.0570197;2.6347528
0.64554185;1.2173468;1.9727879;2.56351
0.56844544;1.1222343;1.8590063;2.4390478
0.7224303;1.3733647;2.2874818;3.0349836
0.7282492;1.3834234;2.252434;2.9356906
0.7319544;1.4171078;2.315541;3.0162315
0.5892497;1.3250569;2.3441906;3.1754029
0.6919226;1.3863542;2.3550029;3.1447399
0.7214074;1.4685926;2.4988039;3.3338764
0.73271424;1.2648389;1.9759631;2.5338354
0.5763965;1.2859294;2.2635534;3.0550158
0.6022676;1.288211;2.18204;2.87357
0.6743358;1.3836786;2.351334;3.1298587
0.72257376;1.3678571;2.2478275;2.9571896
0.6733247;1.300347;2.1820073;2.9003108
0.7554669;1.4081862;2.2747712;2.9537263
0.6438563;1.3229419;2.21291;2.9050746
0.62401336;1.3135568;2.2494862;2.9999633
0.6887328;1.2496084;2.005958;2.603464
0.6314658;1.2276498;2.049681;2.7189968
0.72328764;1.326649;2.1114821;2.7204986
0.6935175;1.237759;1.9545233;2.5150685
0.5882279;1.3344376;2.3523672;3.1720212
0.68169105;1.3823009;2.3587506;3.1554399
0.685206;1.4029232;2.3825161;3.1672196
0.58800966;1.2918649;2.2459652;3.0077074
0.6046595;1.2550755;2.1275828;2.818581
0.7409798;1.4543505;2.416698;3.1809518
0.72611374;1.3749435;2.2409751;2.9275527
0.72728837;1.304574;2.0553322;2.6361568
0.61448014;1.314758;2.260546;3.0131474
0.5824897;1.2904373;2.247663;3.0083673
0.5698304;1.1618761;1.9762112;2.6325676
0.6278025;1.346691;2.3424578;3.1490457
0.69791615;1.3632914;2.2409277;2.9259675
0.5752838;1.3103719;2.3146908;3.1218662
0.58346796;1.2292628;2.1141462;2.8254704
0.56820625;1.1834748;2.023057;2.6956804
0.6886839;1.3188163;2.1531236;2.8085837
0.61381155;1.2976048;2.2190378;2.9498198
0.602838;1.1424874;1.8588082;2.4224076
0.75627404;1.3941538;2.2438037;2.9105427
0.57540107;1.2614607;2.193111;2.9390926
0.680348;1.360616;2.2734132;2.9951036
0.6811545;1.3193879;2.1530907;2.802177
0.5753161;1.2236564;2.0994713;2.7973332
0.689796;1.2778053;2.0922885;2.753279
0.6675793;1.3626994;2.2991915;3.046005
0.6471019;1.239304;2.0516334;2.7079597
0.58262444;1.2189734;2.109539;2.8391585
0.6486208;1.3496974;2.307853;3.0757744
0.6718767;1.2607541;2.0293906;2.6227958
0.6754447;1.3368219;2.2636087;3.0209227
0.54847217;1.1788772;2.0624743;2.7879772
0.68807447;1.2794894;2.0686972;2.6894572
0.6028654;1.174934;1.9358324;2.5352905
0.5619481;1.2395569;2.184669;2.9562602
0.63909024;1.2926258;2.1557388;2.8312128
0.7381765;1.4243418;2.3765595;3.1476529
0.6291749;1.2915055;2.209894;2.9559808
0.64296013;1.3476044;2.2982745;3.0577197
0.6403634;1.3528479;2.3208177;3.0950456
0.7421872;1.4242368;2.3294199;3.0398982
0.65486646;1.3202555;2.2516983;3.015614
0.6043765;1.3300552;2.3309195;3.1429923
0.6433839;1.2041335;1.9374254;2.507041
0.6022052;1.1503543;1.8801228;2.4512084
0.69692236;1.3591064;2.271182;3.0094368
0.60924464;1.2577609;2.1182642;2.7939205
0.7285027;1.4131753;2.3698816;3.1486247
0.64964974;1.2180574;1.9880859;2.6000507
0.6086141;1.2088854;2.035964;2.7029018
0.66431665;1.2977974;2.130901;2.7793362
0.62074614;1.19523;1.9462541;2.5309198
0.5584395;1.2735183;2.264447;3.0722072
0.75307864;1.428295;2.3314266;3.0458744
0.6650319;1.3959047;2.3733573;3.145944
0.73055494;1.3448489;2.2180037;2.9373064
0.66413975;1.2818497;2.151754;2.867264
0.61673117;1.2574072;2.1128495;2.7866955
0.64918786;1.2624404;2.094177;2.758556
0.59051466;1.2905364;2.2261274;2.9649131
0.72721195;1.4202349;2.3663845;3.1267278
0.6166512;1.2557496;2.1438942;2.869107
0.6575264;1.2642411;2.0981197;2.7734578
0.7230915;1.3748281;2.2585547;2.967447
0.7217058;1.3580636;2.211588;2.8894765
0.71517235;1.3601161;2.1966574;2.8438418
0.72997177;1.3193351;2.101313;2.7187424
0.7263624;1.268254;1.9760576;2.5263302
0.6543196;1.3174163;2.1809602;2.8472388
0.56724757;1.1903874;2.0331464;2.7017672
0.7530084;1.4075202;2.271815;2.9466963
0.7385593;1.3891511;2.2425666;2.906867
0.6722545;1.3249041;2.2078485;2.9127252
0.6242589;1.2739443;2.160558;2.8747241
0.58966905;1.2878629;2.2357378;2.9937327
0.7127702;1.4020447;2.3282952;3.0606472
0.6453567;1.263907;2.106897;2.781571
0.6900075;1.3630568;2.2561722;2.956393
0.5501878;1.1166171;1.8787359;2.4829273
0.6088886;1.3682668;2.4147007;3.2619023
0.7434097;1.2860132;2.012625;2.5846798
0.71714604;1.3761487;2.258138;2.9574244
0.66765225;1.2660728;2.0466156;2.6536546
0.7270241;1.4332674;2.362704;3.088266
0.6457801;1.326211;2.1986532;2.8689544
0.608641;1.1975148;1.9767984;2.583788
0.56859756;1.1529255;1.9548743;2.6003444
0.64615655;1.2238966;1.9771085;2.5594203
0.63887745;1.2581015;2.07647;2.7159128
0.6249856;1.2240906;2.0154088;2.6344514
0.6866804;1.3014627;2.1456277;2.8272848
0.651671;1.3027078;2.1538692;2.8167255
0.67594904;1.2935822;2.1365912;2.8139806
0.6165177;1.3149605;2.2563765;3.0032551
0.7397626;1.4593331;2.453695;3.2617965
0.6741254;1.3420575;2.264608;3.0097752
0.66231185;1.334087;2.2112322;2.8900046
0.593823;1.2511146;2.118228;2.7940364
0.6841259;1.3146535;2.138946;2.7779489
0.7365235;1.3806643;2.2742953;2.9998765
0.5490812;1.2865982;2.2978039;3.1170223
0.61103725;1.375449;2.4205716;3.2619662
0.61479783;1.3089969;2.2456489;2.9917634
0.7260508;1.3377869;2.140035;2.7665982
0.66744965;1.2686106;2.0678096;2.695465
0.66597265;1.3080992;2.1931546;2.9099925
0.6156241;1.2633193;2.1428142;2.8481097
0.700202;1.3174977;2.1759677;2.8739057
0.60381246;1.167723;1.9335457;2.5459955
0.62890154;1.2929628;2.170862;2.8582206
0.6966497;1.2987078;2.1047866;2.7413354
0.617897;1.3095266;2.2585182;3.0237436
0.5949426;1.1881601;1.9809107;2.603274
0.580266;1.2973042;2.2907534;3.09775
0.5836126;1.3201001;2.3325696;3.1501768
0.7001639;1.3414128;2.201794;2.8835192
0.60889107;1.3324002;2.3355186;3.1492727
0.6722908;1.2994515;2.141754;2.8069544
0.70229954;1.415748;2.3743665;3.1360238
0.75902766;1.4856342;2.4794948;3.2782447
0.564583;1.2229233;2.116167;2.8305526
0.65964925;1.3353457;2.2839305;3.062392
0.6875948;1.2689996;2.0703967;2.7190824
0.6495156;1.3208088;2.261005;3.0304017
0.67259175;1.2097789;1.9074256;2.4471607
0.74405617;1.4178675;2.348451;3.106115
0.62427574;1.3083364;2.2108502;2.916693
0.57880217;1.2389671;2.0874085;2.7373896
0.5655226;1.2083225;2.0880592;2.7969408
0.58136076;1.2829875;2.2089627;2.9335308
0.56646127;1.1687349;1.9726809;2.606418
0.67738837;1.3358507;2.1950784;2.8629017
0.65145737;1.3739722;2.3577;3.1462827
0.555169;1.1314132;1.8823884;2.4645233
0.5695513;1.312754;2.3287072;3.142585
0.69868946;1.2907859;2.0677283;2.6728375
0.70283335;1.2804093;2.0542457;2.6684184
0.60413766;1.1579602;1.8981109;2.4823353
0.61983806;1.1654474;1.8980635;2.4806778
0.65402555;1.3696601;2.3264658;3.0850935
0.6469035;1.3129941;2.1746023;2.8355477
0.56763434;1.2274678;2.1355999;2.8692076
0.65939945;1.287331;2.14702;2.8386805
0.6579933;1.3246763;2.2244835;2.9400933
0.6978281;1.3489484;2.2275527;2.9225616
0.6183771;1.2761599;2.1635785;2.870068
0.6007597;1.3338491;2.348467;3.1718688
0.60072666;1.3114922;2.2889218;3.0782053
0.7062145;1.3881658;2.3187723;3.0667071
0.6570337;1.2814562;2.114837;2.7714515
0.69297546;1.2882087;2.0690727;2.6742873
0.71901387;1.4254698;2.4030077;3.1976404
0.72254896;1.4844805;2.5344594;3.3843126
0.6915328;1.3838664;2.3034825;3.0272558
0.5631653;1.1678874;1.9558314;2.5690527
0.68514866;1.4127971;2.3898773;3.164392
0.69819224;1.25692;1.9879521;2.5554547
0.6769619;1.3500315;2.2921576;3.06268
0.7397292;1.2953136;2.0422008;2.6355731
0.6817166;1.3393633;2.2164905;2.9076283
0.55243343;1.2055318;2.127755;2.88521
0.58806527;1.2345136;2.0754619;2.7252004
0.6154237;1.3214389;2.2634354;3.0050762
0.6926314;1.3853881;2.3349824;3.0996118
0.6189719;1.2040061;2.0077055;2.6558492
0.6485186;1.1976726;1.9384097;2.5255737
0.694792;1.3581513;2.2438667;2.9434965
0.5801256;1.2204664;2.1210637;2.8601327
0.7409755;1.3429997;2.170819;2.8363638
0.6374028;1.3482322;2.2996967;3.0521436
0.71561176;1.4243492;2.3901718;3.1664727
0.74540776;1.4280005;2.3275287;3.0298083
0.6158253;1.2457368;2.114617;2.8149552
0.74245924;1.3200042;2.1102557;2.7462437
0.62175703;1.3041631;2.2171586;2.9364004
0.6155644;1.3336788;2.288398;3.0404253
0.6334997;1.2578826;2.1449444;2.8801358
0.63524866;1.2919782;2.2156065;2.9749138
0.60600466;1.1564833;1.8885942;2.463235
0.59998137;1.2926364;2.199987;2.9072433
0.6452651;1.2908945;2.1500309;2.8292978
0.65110797;1.3103108;2.171217;2.8364177
0.7602516;1.4398786;2.3727837;3.1213274
0.7092385;1.321257;2.1401293;2.786251
0.63529927;1.2396799;2.0360548;2.6591983
0.55649024;1.2285105;2.1668434;2.9344425
0.7048823;1.3269955;2.1585205;2.816916
0.60416466;1.3407816;2.3483438;3.161166
0.57621133;1.2361997;2.1652746;2.9279153
0.7233524;1.3762425;2.2270615;2.883958
0.570909;1.1138989;1.8264097;2.3821368
0.7034935;1.4310876;2.4016504;3.1706786
0.62726766;1.378849;2.4112332;3.2434282
0.60913306;1.3233342;2.2966282;3.07881
0.62807083;1.3585349;2.3437824;3.1290119
0.5425397;1.2000862;2.115321;2.8611698
0.630405;1.2658405;2.1205254;2.797645
0.7282536;1.458701;2.4452069;3.2304723
0.7291601;1.4919087;2.5410333;3.3890245
0.74658525;1.406896;2.2679448;2.9319534
0.6529129;1.2428079;2.0228033;2.6307642
0.63172185;1.3439949;2.297135;3.050307
0.5822671;1.1388869;1.8832495;2.4711318
0.7512115;1.3184078;2.0796435;2.6821346
0.572495;1.2545488;2.2053797;2.9798207
0.641412;1.2258825;2.0082772;2.6262887
0.603949;1.2611455;2.160703;2.8855455
0.63508064;1.3160177;2.2375147;2.9746802
0.6537958;1.2839025;2.1009614;2.7346225
0.7368525;1.3953651;2.2697983;2.9546306
0.75731355;1.4679323;2.4292073;3.1926022
0.739043;1.2957891;2.046161;2.6410687
0.6246284;1.2152956;2.001445;2.6227646
0.7139854;1.2812555;2.0470116;2.6560588
0.64012843;1.2664534;2.0876875;2.7272303
0.6688967;1.3846301;2.354752;3.1306002
0.5912011;1.228724;2.1212897;2.8494577
0.72713673;1.3316742;2.147542;2.798456
0.57868105;1.1789894;1.9642801;2.5734708
0.7089579;1.4115462;2.3523855;3.097603
0.6223556;1.2520192;2.125324;2.8345366
0.72377914;1.3815899;2.3055043;3.0655024
0.65880686;1.3656219;2.2992632;3.0345218
0.7054761;1.3733041;2.3045387;3.0654848
0.59814024;1.2736826;2.2229655;2.9992688
0.6450735;1.4061879;2.4520447;3.2968576
0.681407;1.3392178;2.2118528;2.8970282
0.76027095;1.4408672;2.3920693;3.1681437
0.57871825;1.285004;2.2492962;3.0276573
0.5892243;1.2579051;2.1313543;2.8087075
0.543805;1.1512454;1.9445528;2.5612261
0.6964184;1.3331157;2.219103;2.9406714
0.55095774;1.2158371;2.0762825;2.7402275
0.71356344;1.3377994;2.1851225;2.8623018
0.6745383;1.2408553;1.9902679;2.575479
0.650826;1.2967179;2.159254;2.8360796
0.56199527;1.2349979;2.1300693;2.833447
0.60278225;1.3308702;2.340815;3.1631577
0.5485642;1.1700361;2.0390692;2.7520366
0.72339386;1.3855805;2.2443085;2.9062989
0.68165874;1.2811543;2.0820212;2.713949
0.7041786;1.4075173;2.3432238;3.0822968
0.6937431;1.2595569;2.0055072;2.5893266
0.7033062;1.3031266;2.0978765;2.720563
0.63527393;1.360363;2.3436117;3.1296737
0.69441897;1.363639;2.2383106;2.9167526
0.7284446;1.3935851;2.306771;3.043716
0.6515137;1.2646598;2.1034338;2.7811632
0.6997898;1.2801765;2.066739;2.6934564
0.739569;1.4666907;2.4662044;3.276392
0.5669234;1.2062733;2.06764;2.7496614
0.55797213;1.1659585;2.005129;2.6840432
0.6132051;1.2598915;2.1576455;2.8882167
0.6281271;1.3160915;2.2683682;3.0396848
0.7470752;1.3378932;2.1175952;2.7246623
0.719922;1.289557;2.0578063;2.6682816
0.5720346;1.1378556;1.9012183;2.507898
0.7187228;1.2980694;2.0850558;2.713581
0.7344083;1.3396609;2.1401129;2.767378
0.57577443;1.2089282;2.0907552;2.8106353
0.7222717;1.3134418;2.0975034;2.7137184
0.72180223;1.4375795;2.3883948;3.1376367
0.59592235;1.2544655;2.1072419;2.7637563
0.686435;1.3262458;2.1993203;2.9031456
0.6449604;1.2567992;2.1031778;2.7888565
0.55194545;1.2672261;2.247845;3.0409198
0.7608608;1.397599;2.260844;2.9486618
0.6285638;1.3929896;2.4468129;3.2997909
0.56954646;1.250612;2.1799283;2.9239297
0.6030898;1.2277733;2.101948;2.8168218
0.7244729;1.3866836;2.294367;3.0259721
0.63300735;1.2821071;2.126275;2.7793493
0.5995564;1.2578677;2.1480975;2.86139
0.72453386;1.3990567;2.322641;3.0643156
0.5884392;1.182455;1.9816319;2.6186147
0.73827195;1.3574027;2.2260861;2.936918
0.57503444;1.167942;1.9572153;2.5786152
0.7236377;1.2752715;1.996597;2.556118
0.5913535;1.3015833;2.2696333;3.0413141
0.6868698;1.2876705;2.1055896;2.7600691
0.56956446;1.2050326;2.056945;2.7311916
0.620426;1.2273908;2.0195794;2.6334398
0.6343964;1.2756335;2.134297;2.8137043
0.65733594;1.2750208;2.1420221;2.853703
0.5953808;1.2407153;2.1179903;2.8220706
0.6869193;1.3428166;2.205462;2.87747
0.6761696;1.4212846;2.4439838;3.2718675
0.64209825;1.3992964;2.4461536;3.2950509
0.673128;1.4053608;2.3946333;3.18466
0.61880165;1.1860338;1.9408746;2.5335383
0.62544286;1.2767767;2.1171207;2.7628787
0.7229004;1.3372539;2.1716912;2.8386917
0.72760206;1.3842831;2.2787094;2.9967043
0.66646284;1.3664855;2.3037915;3.0465016
0.6772178;1.3206786;2.1977398;2.90423
0.65529823;1.2693552;2.0957756;2.753031
0.59770155;1.2884116;2.209612;2.9372737
0.6727292;1.3367019;2.2179637;2.906904
0.6541049;1.3594682;2.3306623;3.112048
0.57217944;1.2487295;2.175813;2.9210792
0.68439937;1.2983974;2.109467;2.742284
0.58581954;1.2619853;2.1987197;2.958902
0.73752487;1.2962192;2.032237;2.6042356
0.5810228;1.2107227;2.0321705;2.6676793
0.59805834;1.2484285;2.1361752;2.8459852
0.6930255;1.2913948;2.124992;2.8026423
0.6981061;1.3457992;2.2502313;2.9905767
0.7292266;1.4246634;2.3394825;3.0522664
0.69623685;1.428422;2.4375846;3.2538037
0.7150419;1.2760074;2.0335975;2.637116
0.74957603;1.374159;2.2006269;2.8495297
0.5975745;1.250256;2.1421652;2.8591633
0.64473397;1.2294911;2.0135038;2.6337438
0.6830223;1.2505653;2.0130794;2.613838
0.62702954;1.2761502;2.1908994;2.944659
0.60402405;1.3094064;2.2501054;2.9934702
0.7324824;1.4494537;2.4354255;3.2294035
0.5686437;1.2317005;2.0979304;2.7731133
0.7071027;1.3785888;2.2914948;3.024702
0.60029763;1.230365;2.1264694;2.8673708
0.6005531;1.3154005;2.2848287;3.0617523
0.6194768;1.2068752;1.9810878;2.5850623
0.6326134;1.276965;2.1723168;2.8989313
0.6174726;1.1449751;1.8416777;2.3863814
0.7129303;1.3210163;2.1514966;2.8193514
0.6262226;1.2692744;2.1076398;2.757817
0.7467427;1.3269923;2.1003647;2.7136426
0.64113533;1.25149;2.041889;2.6488514
0.6510387;1.2913208;2.1550276;2.8415494
0.66912305;1.2679948;2.066156;2.6942523
0.57335114;1.2169193;2.0991225;2.8121061
0.73247933;1.2898036;2.0477703;2.6536658
0.68898064;1.3295902;2.1881487;2.868336
0.6235235;1.2038976;1.9898362;2.6177714
0.7175359;1.3791023;2.297365;3.0462568
0.60569733;1.2030485;2.0107265;2.6519933
0.5484228;1.1985433;2.0660028;2.7496183
0.5687945;1.2031733;2.071459;2.7698245
0.6378212;1.3678993;2.3638573;3.1609664
0.6371758;1.3218176;2.270323;3.0420325
0.62684304;1.3606745;2.351702;3.142203
0.6280027;1.183944;1.928835;2.5169652
0.6260343;1.271807;2.1102557;2.7582588
0.6904619;1.3320411;2.2117374;2.922049
0.5694884;1.2139581;2.0703022;2.74362
0.60576904;1.3012394;2.2206192;2.9399989
0.6662217;1.260697;2.061541;2.6948776
0.66786826;1.327023;2.1890132;2.8612406
0.583061;1.1875178;2.0306263;2.719315
0.683684;1.2813321;2.0588696;2.659658
0.6820585;1.2498143;2.0040977;2.5959802
0.6627921;1.3610572;2.2981465;3.0439725
0.63538134;1.2748905;2.1718297;2.9045062
0.68374944;1.3267285;2.1718836;2.8297076
0.67303103;1.3295121;2.225684;2.9453075
0.565614;1.2423201;2.1621997;2.8963532
0.672501;1.3677264;2.3247283;3.097555
0.7409789;1.3031507;2.0560575;2.6499803
0.5680196;1.2289684;2.1386445;2.8744125
0.6153668;1.24851;2.0741827;2.7101452
0.5849736;1.2329373;2.1306388;2.8580747
0.6420915;1.239032;2.0412853;2.6798048
0.73440593;1.3701196;2.2683408;3.0063837
0.66857433;1.3483651;2.2821941;3.031294
0.70210785;1.3723686;2.2488956;2.9306242
0.5669314;1.3048316;2.330117;3.1624708
0.7275413;1.3328624;2.153185;2.810031
0.68831354;1.3446257;2.243801;2.968199
0.6055475;1.1701105;1.9172981;2.5001633
0.7473139;1.4332374;2.3783388;3.1417377
0.67149293;1.2869002;2.1151052;2.7730029
0.6889357;1.2661186;2.0427234;2.660969
0.6437572;1.3867991;2.41558;3.2477548
0.7135657;1.3830445;2.3019106;3.044626
0.5663868;1.1509423;1.9622713;2.6199048
0.620726;1.2863395;2.1958725;2.9294257
0.57145494;1.145945;1.9189655;2.5328798
0.6204205;1.1970531;1.9557229;2.5445406
0.7508868;1.4129323;2.3002253;3.003706
0.7030979;1.3305463;2.159937;2.8083804
0.7478171;1.4209738;2.348027;3.09748
0.6614145;1.293234;2.167574;2.8749561
0.5894262;1.2892727;2.2303746;2.9743724
0.71764165;1.4244998;2.3772001;3.133828
0.6688361;1.320157;2.1730587;2.8356369
0.6490438;1.1902207;1.904526;2.4638495
0.7389879;1.3597169;2.1997411;2.8717644
0.68059146;1.2694893;2.0395849;2.640065
0.6212726;1.2946814;2.2021852;2.9258475
0.63897246;1.3669058;2.371729;3.186776
0.64810526;1.2833298;2.1030707;2.7357192
0.7629896;1.5000646;2.5173068;3.339184
0.5705646;1.2635455;2.1705396;2.875099
0.5801661;1.2466054;2.1904957;2.9662943
0.5749226;1.2497553;2.1777627;2.9243884
0.64037687;1.2500392;2.0802958;2.7426045
0.5662968;1.3089597;2.3222296;3.1363826
0.671065;1.2711308;2.0636563;2.6835225
0.5789603;1.2911572;2.238346;2.9831102
0.595039;1.2411238;2.110223;2.8008058
0.564457;1.28644;2.2651465;3.047369
0.7329945;1.3614289;2.19315;2.8460107
0.61502796;1.2397149;2.1232634;2.8499973
0.6780128;1.4101669;2.40969;3.211686
0.61450297;1.3285774;2.2982986;3.0757103
0.6042743;1.2852979;2.237502;3.0146265
0.5634813;1.293223;2.2835233;3.0753086
0.6343861;1.2342926;2.0437927;2.6867929
0.6635525;1.3629423;2.2977688;3.0376298
0.6557886;1.3233236;2.250549;3.0079691
0.64512926;1.2891518;2.1478224;2.8270962
0.62663203;1.3146989;2.247231;2.9948654
0.6690881;1.2269489;1.9500086;2.5107796
0.59877586;1.2421296;2.0934489;2.762664
0.63363063;1.2072678;1.9730519;2.5773022
0.6661263;1.3369998;2.2362568;2.94707
0.57657176;1.2216268;2.0671809;2.7256982
0.6453453;1.2325437;2.0501668;2.7179537
0.59553576;1.3150376;2.2752585;3.035575
0.6850255;1.3141478;2.174019;2.8663015
0.73420924;1.4268098;2.3768394;3.1411667
0.630888;1.2947317;2.1916637;2.9021611
0.71812356;1.4640566;2.4765825;3.2861726
0.5940072;1.1582494;1.920518;2.5267746
0.7071758;1.3678159;2.2560313;2.9617078
0.60475206;1.1668706;1.9027592;2.478482
0.72553104;1.3495039;2.2137108;2.9120378
0.68642527;1.4220526;2.4350686;3.2521534
0.62743944;1.2540487;2.1325967;2.849301
0.70954156;1.4505392;2.4646301;3.277622
0.7262518;1.3972442;2.3254;3.0773108
0.67942566;1.3800193;2.3178787;3.0596116
0.69035554;1.3431969;2.217823;2.910588
0.5662497;1.2158604;2.0714514;2.7400463
0.7224684;1.3521665;2.2111847;2.8998997
0.64344263;1.3304943;2.2568805;2.99581
0.71347094;1.3506551;2.1893377;2.841605
0.6410829;1.2034714;1.9573588;2.551646
0.68624675;1.3202724;2.177886;2.861057
0.70683193;1.399554;2.312749;3.0254066
0.60365087;1.1397351;1.8441455;2.3956847
0.67789686;1.3472859;2.226437;2.908485
0.710705;1.3305019;2.1603982;2.8199952
0.5808079;1.2224778;2.094042;2.7951608
0.57175636;1.2209059;2.0709503;2.7305708
0.6894928;1.3669237;2.28314;3.0152996
0.6709723;1.3575388;2.2656858;2.9758928
0.6851303;1.3017517;2.1834779;2.9125652
0.5713133;1.1435091;1.8983294;2.488111
0.6393275;1.2875665;2.150091;2.830336
0.63919085;1.2250551;2.0230904;2.6623106
0.59575313;1.1940814;1.9687766;2.5647774
0.7086637;1.3748246;2.2486827;2.9293122
0.6562739;1.3237071;2.2466753;2.9947119
0.69390875;1.2477456;1.9747479;2.5376167
0.5929658;1.2572832;2.1229217;2.7929626
0.5901972;1.3070219;2.2959375;3.0967638
0.72008294;1.4111747;2.3716378;3.1528633
0.7039851;1.2931798;2.0880978;2.72101
0.5888114;1.3217707;2.3093975;3.0963848
0.61051184;1.2994691;2.217362;2.9391394
0.6107588;1.197605;1.9895095;2.617783
0.67717046;1.2785835;2.1306744;2.830804
0.74307114;1.3772107;2.2495902;2.956297
0.65552664;1.2234704;1.9691306;2.5498455
0.6788237;1.3895322;2.3447695;3.104052
0.7304201;1.353697;2.237683;2.9646094
0.7417197;1.3713621;2.2205591;2.895775
0.6063194;1.3773024;2.4453938;3.313376
0.6393289;1.2674731;2.1527941;2.8835533
0.7463965;1.4130617;2.3450246;3.105654
0.7602753;1.3976891;2.2853067;3.0077631
0.7502989;1.4078269;2.3373585;3.1006439
0.5570916;1.1781424;2.0238762;2.7027104
0.6686002;1.2982659;2.1720505;2.8793514
0.6669943;1.3139015;2.209087;2.9342968
0.59733784;1.2175585;2.02536;2.6506078
0.6791233;1.3232086;2.1578648;2.8026896
0.56373733;1.1599473;1.9627328;2.5975375
0.61086035;1.3072124;2.2494786;3.0020792
0.63185894;1.2408671;2.0925589;2.788721
0.689831;1.3252593;2.2225628;2.9592578
0.6054564;1.1935227;1.9843744;2.6114068
0.7480826;1.3068705;2.0490832;2.6339111
0.7101947;1.3186904;2.1762867;2.8801014
0.63757277;1.2679253;2.1280162;2.8194618
0.5929671;1.1715996;1.9213835;2.4990065
0.63518757;1.2780328;2.1586533;2.8691158
0.55315655;1.2731186;2.2527301;3.0400536
0.7130787;1.3285466;2.1369462;2.765741
0.7620043;1.3717692;2.194951;2.8513024
0.5867577;1.1732929;1.9435356;2.5449665
0.6872805;1.3385904;2.255124;3.008131
0.67256314;1.2369;1.9877005;2.5778918
0.6126437;1.1772681;1.9245167;2.511105
0.7448802;1.2849828;2.0008585;2.5624588
0.6691384;1.3698318;2.297788;3.0276024
0.63723916;1.2489543;2.0771966;2.735392
0.6330642;1.2426918;2.067456;2.7231321
0.7608237;1.3884668;2.2414737;2.9236887
0.6418835;1.2449638;2.087145;2.7739031
0.65434194;1.2075963;1.9491503;2.5362706
0.61504334;1.176498;1.9098389;2.480441
0.614256;1.2991788;2.2569406;3.0401933
0.5906138;1.2316762;2.1209288;2.8429148
0.56084055;1.2715;2.2544725;3.0542328
0.7659115;1.4326994;2.3003008;2.9747787
0.68982106;1.3186113;2.1881;2.893777
0.62892944;1.2666103;2.157967;2.8884518
0.59820765;1.1587199;1.9043348;2.491247
0.6372167;1.2899265;2.1714473;2.8719342
0.6982816;1.3110304;2.106152;2.7196932
0.6704212;1.3684274;2.33819;3.1258662
0.7192987;1.4296207;2.383429;3.1378767
0.696868;1.39237;2.3132253;3.0362809
0.6492468;1.3344641;2.2351582;2.9384053
0.7006421;1.2690743;2.0420568;2.6631908
0.69926244;1.3767982;2.2755423;2.9800308
0.61759776;1.2193375;2.0205715;2.650066
0.5919797;1.2247983;2.1171806;2.8488653
0.6561818;1.3168207;2.167859;2.8217585
0.7389143;1.4339023;2.3458219;3.0577898
0.74171764;1.3548348;2.2148445;2.9194934
0.7036222;1.3477187;2.183223;2.827163
0.6140921;1.3024218;2.257234;3.0328593
0.66295725;1.3387312;2.2466736;2.967269
0.7037756;1.3491724;2.2189612;2.9056747
0.6429146;1.3435329;2.282519;3.023787
0.5906486;1.1553668;1.930174;2.55013
0.56481546;1.1957744;2.0711179;2.7827272
0.6017202;1.2312;2.0501075;2.6872733
0.6028517;1.1381724;1.8431035;2.393643
0.70441383;1.3665724;2.2307885;2.8987648
0.6869282;1.339397;2.2230856;2.9267342
0.73601824;1.3556405;2.189622;2.853098
0.7058309;1.4001238;2.3176284;3.0365705
0.73933065;1.2986192;2.0449681;2.6341271
0.7344729;1.3949726;2.3187969;3.0742931
0.62566817;1.1869653;1.9257218;2.501354
0.5587986;1.2548728;2.188367;2.928462
0.71231794;1.2509038;1.9674126;2.5288854
0.5829431;1.2723391;2.2296607;3.006342
0.64487505;1.2138703;1.9753863;2.576838
0.5799721;1.1935779;2.0550346;2.7631857
0.5821542;1.1551954;1.9297757;2.5459063
0.5803603;1.2457094;2.1243694;2.810372
0.6284971;1.2325444;2.0850725;2.7854714
0.7178847;1.3716881;2.2715375;2.9986966
0.6174127;1.1987252;2.0102103;2.6691024
0.57100105;1.3212539;2.3449397;3.1681104
0.72610694;1.328922;2.165933;2.8464794
0.7351619;1.348445;2.1631546;2.798239
0.7203692;1.3126543;2.0959878;2.7123275
0.5909679;1.3135345;2.3160224;3.1308503
0.60460246;1.2505741;2.1580412;2.9017513
0.62920964;1.1926994;1.945302;2.5379229
0.58693016;1.2930609;2.2550218;3.0276515
0.56160736;1.1178831;1.851924;2.4266515
0.5620219;1.150003;1.94958;2.5914326
0.74354315;1.3607534;2.1707127;2.8010125
0.6698572;1.2646393;2.0457625;2.656244
0.7214355;1.3525854;2.2444456;2.9780061
0.5868976;1.2302502;2.085128;2.759009
0.73220766;1.4772359;2.505763;3.3409326
0.6834508;1.3763176;2.3011315;3.0331426
0.62037003;1.2478889;2.1086125;2.800472
0.5684645;1.1559076;1.9218414;2.513358
0.72881156;1.4443971;2.4294205;3.2246048
0.6941811;1.3132327;2.1501951;2.818965
0.59658474;1.1703615;1.9316674;2.5298288
0.7055888;1.3423947;2.177707;2.8262744
0.688378;1.2964778;2.1077302;2.747218
0.64406395;1.403426;2.4472942;3.2927735
0.71565735;1.4063373;2.3574233;3.124784
0.7302583;1.3897327;2.3112535;3.061537
0.67604125;1.3485694;2.294426;3.071038
0.5912894;1.2047333;2.0577278;2.7529285
0.72657746;1.425075;2.3434904;3.0626318
0.73265743;1.3969007;2.3033495;3.029081
0.5964927;1.2830693;2.2249515;2.9830613
0.6130212;1.2844568;2.160252;2.8389213
0.59211695;1.2406372;2.1352086;2.8606536
0.688276;1.3515902;2.2574458;2.9863362
0.7400732;1.3606753;2.2281;2.934558
0.6834142;1.3261873;2.218488;2.9447427
0.6185953;1.3810818;2.4267077;3.2706378
0.67686576;1.2468278;1.9897999;2.5654721
0.62293;1.2688506;2.1715333;2.908874
0.6465646;1.2373012;2.0200682;2.6320357
0.6315594;1.250612;2.0570538;2.68119
0.7187253;1.4781526;2.5220313;3.3639646
0.6122168;1.292525;2.1878169;2.8873613
0.5784972;1.1906565;2.0218353;2.683001
0.6216088;1.178284;1.9252325;2.5150225
0.7440042;1.4012892;2.3126097;3.0499725
0.66322833;1.390262;2.3771622;3.1670823
0.65162474;1.21886;1.9764476;2.5732424
0.61231047;1.2722466;2.122479;2.7740827
0.5629751;1.3165578;2.3536904;3.194871
0.6930365;1.2992495;2.1024945;2.7339644
0.71958727;1.3966333;2.297408;3.0071037
0.6839285;1.3418405;2.2071145;2.8802114
0.6031354;1.2404587;2.0837526;2.7451613
0.65368;1.2766228;2.0851297;2.7065058
0.57778424;1.2216322;2.0715034;2.7368183
0.61436665;1.2363629;2.077872;2.7446404
0.65695834;1.4005184;2.41123;3.2192428
0.58672094;1.2594227;2.1480098;2.8444455
0.6391314;1.2590321;2.0676389;2.6916764
0.6460916;1.3738965;2.359392;3.1473117
0.55920154;1.253729;2.194097;2.9449883
0.6878405;1.3078372;2.13019;2.7747028
0.7518064;1.3623738;2.1800451;2.8278434
0.65704864;1.3372331;2.2605557;3.000421
0.63484627;1.3255416;2.2361314;2.9481184
0.55227536;1.1944914;2.0890245;2.8173485
0.58294564;1.2909712;2.2628975;3.0457382
0.74040407;1.4746178;2.4843302;3.2996614
0.64191216;1.244938;2.0463264;2.6770122
0.6156535;1.2125179;2.000412;2.6188133
0.6458088;1.3613766;2.3451827;3.1405666
0.5752345;1.1929618;2.0053728;2.638061
0.6891814;1.349347;2.2439942;2.9553444
0.75231904;1.3885196;2.2493634;2.935552
0.6963595;1.3159379;2.1309946;2.7692885
0.61575055;1.2184608;2.054128;2.734424
0.6203665;1.2708638;2.16372;2.8853447
0.63532066;1.2315669;2.006093;2.6053765
0.6212913;1.2333559;2.0337992;2.6525815
0.7568552;1.3708261;2.2284348;2.9298499
0.65904003;1.3736936;2.3613005;3.1606114
0.6242994;1.2689078;2.097754;2.7348685
0.6338654;1.3203156;2.222341;2.924736
0.7027884;1.351789;2.203653;2.8662221
0.5607158;1.1271472;1.8862303;2.4884846
0.7260405;1.4445747;2.4391358;3.2448964
0.653057;1.36735;2.330508;3.0962005
0.6547568;1.2741617;2.0874984;2.7208343
0.70532775;1.3619002;2.2043226;2.8506238
0.7008716;1.2969289;2.0893993;2.7100663
0.6350427;1.2671984;2.1413844;2.8500197
0.67549485;1.2970053;2.1214337;2.7677352
0.6841773;1.3345952;2.2392576;2.977926
0.73966265;1.3666428;2.1924176;2.839064
0.71023494;1.3029598;2.08726;2.7008576
0.7453143;1.3065455;2.0525377;2.6391299
0.570215;1.2991488;2.304601;3.1183414
0.6611003;1.3281019;2.2356162;2.963889
0.64758736;1.3612189;2.338305;3.1269937
0.7400373;1.3900249;2.2361953;2.889089
0.6578068;1.2263215;1.9883019;2.592752
0.5973157;1.2705693;2.164798;2.8690085
0.62654364;1.293781;2.1947253;2.9131923
0.6977921;1.399481;2.3540716;3.1177013
0.65642387;1.3319379;2.2291398;2.935622
0.75015324;1.4879305;2.5084465;3.338738
0.6711074;1.2727182;2.0555222;2.6612704
0.6538274;1.2815347;2.12328;2.7899437
0.6600654;1.2403399;2.0256314;2.6481369
0.7386574;1.3421088;2.1911438;2.8858016
0.7006294;1.3807553;2.3040466;3.040475
0.67935085;1.4122075;2.4126134;3.2148733
0.65624964;1.2140212;1.9572161;2.5434954
0.68891734;1.2522292;2.0162973;2.6252449
0.54797;1.2686049;2.233682;2.997909
0.60733575;1.2452594;2.0705483;2.705419
0.61572725;1.2403543;2.1072414;2.812029
0.6560255;1.3750652;2.340335;3.105112
0.7108548;1.3892441;2.3104722;3.0465133
0.71916074;1.3869945;2.245511;2.903623
0.6837874;1.2992762;2.1374617;2.8081787
0.58879393;1.2656901;2.19404;2.9405737
0.74171126;1.4472849;2.4174695;3.2004483
0.59258896;1.1448219;1.869578;2.4312098
0.63437915;1.3212792;2.2670915;3.0297883
0.58974165;1.2015309;1.9950732;2.6071486
0.655527;1.292198;2.1764076;2.8947797
0.59154236;1.2191331;2.0889394;2.795576
0.6961163;1.4258263;2.4357114;3.2549906
0.7144239;1.3626857;2.2581232;2.9857874
0.71805316;1.4250989;2.360515;3.095738
0.7256829;1.3788595;2.26971;2.9841213
0.6915273;1.3302351;2.2246478;2.9566596
0.6437919;1.3110521;2.2393448;2.994029
0.7080352;1.3753675;2.2988203;3.0499134
0.6969256;1.3682373;2.270525;2.9875488
0.5736048;1.1685674;1.9460444;2.5496209
0.56411844;1.1649888;1.9715561;2.6101086
0.7208465;1.3629464;2.2365234;2.9370072
0.5906623;1.2372657;2.0988662;2.7773812
0.7245511;1.3638631;2.2537074;2.977902
0.6599756;1.2789345;2.1292696;2.815606
0.63563687;1.2568804;2.1105163;2.799046
0.5959004;1.2896241;2.2021453;2.9150236
0.75145155;1.4730701;2.478299;3.2966266
0.57817155;1.2497145;2.1767418;2.9253378
0.6115499;1.3096986;2.2488039;2.9935553
0.7422331;1.313713;2.083991;2.6953528
0.6106396;1.310951;2.2432084;2.976951
0.56808966;1.1947955;2.020418;2.6630979
0.70812076;1.4189132;2.400451;3.1986961
0.62107414;1.1928105;1.966624;2.5794656
0.7441733;1.4141147;2.32789;3.0602343
0.7021373;1.361604;2.2160914;2.874812
0.65598065;1.3100702;2.2046711;2.925667
0.5910074;1.2144809;2.035582;2.6773417
0.57687545;1.2027044;2.0428984;2.7095823
0.63330424;1.2998756;2.1622243;2.8252938
0.6333483;1.305321;2.2144167;2.9376154
0.58600336;1.1388475;1.8724295;2.4444368
0.58021635;1.2098397;2.0524862;2.7219062
0.62576526;1.3255255;2.292124;3.0742142
0.69569385;1.3664203;2.2923334;3.0444353
0.6272768;1.2186552;2.0371268;2.6987004
0.7447426;1.2974026;2.0408351;2.6301064
0.672248;1.2983116;2.1209476;2.7571864
0.5828607;1.1782253;1.9776793;2.6121788
0.7571543;1.4452554;2.4035273;3.1839578
0.7434742;1.3872372;2.224585;2.8710175
0.714529;1.3899109;2.275427;2.9638808
0.54185873;1.2230499;2.123889;2.829949
0.65300065;1.2774253;2.161698;2.891124
0.593008;1.283286;2.184546;2.8838265
0.55427366;1.1974056;2.0936112;2.8263416
0.6338103;1.3242849;2.286064;3.0730715
0.6786798;1.3352362;2.1924226;2.8584337
0.6150594;1.327096;2.2811751;3.0339365
0.5891363;1.2986819;2.2449563;2.9916866
0.63198155;1.3355453;2.2666738;2.9945982
0.7628023;1.5087827;2.5285952;3.3462505
0.6185595;1.2984691;2.2447214;3.0167005
0.64627093;1.3228714;2.2594142;3.0195832
0.58517826;1.1980416;2.0396364;2.7184908
0.64707035;1.3200969;2.2103353;2.9053025
0.61524;1.2671746;2.1118011;2.7616942
0.5985729;1.2215708;2.100853;2.8268988
0.6277516;1.2987492;2.211723;2.9400618
0.6442526;1.241774;2.0494616;2.6928244
0.67445856;1.3431395;2.2157562;2.892309
0.5858261;1.3097878;2.307161;3.115055
0.6779138;1.3505628;2.2181869;2.8825457
0.7097235;1.3295585;2.1747062;2.8494565
0.6087312;1.1861938;1.9792291;2.6168404
0.61632353;1.2632946;2.1085355;2.7615182
0.605017;1.2490236;2.099213;2.763276
0.6222584;1.2995884;2.213203;2.9386806
0.7126015;1.4394399;2.4501474;3.2746723
0.7162031;1.4133457;2.3811095;3.1687953
0.73985255;1.3664149;2.2002769;2.8594513
0.60207254;1.2280712;2.0658174;2.7282848
0.7222162;1.4078343;2.343985;3.0965312
0.62997746;1.2844751;2.1434386;2.81334
0.69746417;1.3971637;2.3610928;3.140439
0.58636343;1.2214646;2.063518;2.7230523
0.68850833;1.4038652;2.3991404;3.2123215
0.59531873;1.2793729;2.1890306;2.9021118
0.5653656;1.2181008;2.081443;2.7578268
0.69368154;1.3904805;2.3539264;3.1383643
0.7318867;1.3787858;2.2782998;3.010513
0.7426431;1.4333488;2.3435817;3.0570467
0.7128003;1.3334516;2.2162495;2.9443917
0.6237282;1.3737748;2.410959;3.250384
0.57357424;1.1503615;1.9328786;2.5564556
0.6276112;1.3327078;2.2889287;3.0533557
0.6718042;1.2559665;2.0290892;2.6332946
0.56275904;1.2683147;2.2102544;2.952063
0.58893883;1.1943707;1.9922068;2.6126366
0.7423503;1.410394;2.275124;2.9379933
0.61105174;1.2624797;2.1480138;2.8561864
0.7612235;1.390848;2.2203104;2.8642943
0.7114077;1.3658683;2.228229;2.8983521
0.6881084;1.2790743;2.0896308;2.7437344
0.62594795;1.2587061;2.124004;2.820741
0.71815073;1.3391818;2.1423533;2.7622123
0.62330705;1.2929331;2.1717043;2.8544712
0.7378592;1.385583;2.260285;2.9560857
0.604648;1.2064496;2.0147774;2.654879
0.61800516;1.2019577;1.9639034;2.5515563
0.70136106;1.3111902;2.1582098;2.8480272
0.74275476;1.4099388;2.3309622;3.0760105
0.66858584;1.3952271;2.3821228;3.172283
0.76377463;1.4752082;2.4329088;3.1930208
0.610638;1.1474493;1.8610275;2.4214826
0.6187283;1.237685;2.074846;2.739691
0.7472189;1.4367074;2.3490016;3.0685852
0.6423111;1.2778933;2.1100967;2.758074
0.60305846;1.25604;2.1756732;2.9294498
0.70232606;1.3823911;2.3245177;3.0881464
0.74075484;1.3836486;2.2560384;2.9531405
0.66538143;1.39698;2.3985674;3.2058854
0.70864826;1.3558676;2.2534847;2.9831793
0.66601104;1.3074977;2.1896362;2.9015455
0.6009032;1.2960856;2.2477179;3.0124435
0.64723957;1.3051655;2.1687279;2.8403506
0.5591511;1.2543198;2.2123604;2.9868598
0.65317863;1.2841638;2.1098435;2.750627
0.6686731;1.3312984;2.2463784;2.9872885
0.6777755;1.3269043;2.1774352;2.8366554
0.5784144;1.2952235;2.2726429;3.0531564
0.7005074;1.4035068;2.3601236;3.127355
0.72185194;1.2816935;2.022698;2.6038558
0.7259609;1.3967513;2.2914145;2.9956717
0.624563;1.3137625;2.2442904;2.9865308
0.707937;1.4462627;2.4555588;3.268989
0.631283;1.2262505;2.0419927;2.6987271
0.6298401;1.2881039;2.2053602;2.9530008
0.65299594;1.2787955;2.1139522;2.773593
0.6902879;1.3272263;2.152815;2.7882495
0.713226;1.3125374;2.130118;2.7858837
0.6700342;1.3275833;2.1819875;2.8430223
0.67894906;1.321093;2.2052274;2.9197798
0.5881982;1.2511997;2.1411686;2.8437946
0.76020426;1.4823978;2.4844608;3.2972581
0.7497788;1.4172472;2.2935343;2.9807131
0.73196703;1.3171742;2.099127;2.7186625
0.6268065;1.2232741;2.0370364;2.691481
0.69505674;1.4094355;2.3910286;3.1840482
0.73217547;1.3220692;2.1066606;2.7251565
0.6034499;1.2550036;2.172368;2.9272082
0.7265731;1.3317306;2.1458333;2.7942314
0.7121207;1.361523;2.2134922;2.8753834
0.6454522;1.3877937;2.3954706;3.2008936
0.6241258;1.1876608;1.9453994;2.5474565
0.5916594;1.2366772;2.133397;2.8647802
0.6685743;1.3233194;2.239293;2.9895077
0.7122504;1.3761703;2.3087294;3.0748653
0.7126013;1.3247255;2.1738396;2.8627837
0.5543342;1.2075188;2.0857983;2.782584
0.75019187;1.3640522;2.233201;2.9481292
0.6089733;1.2481422;2.1021163;2.775269
0.6995407;1.2847692;2.0523813;2.6508052
0.71726096;1.3161747;2.135045;2.7938554
0.7335733;1.455972;2.4523542;3.2569273
0.6345874;1.3382838;2.2924495;3.0553215
0.7392995;1.3617815;2.2223854;2.9172952
0.7064766;1.3712748;2.2991831;3.0618322
0.650356;1.3974032;2.4257317;3.253899
0.6677719;1.4106835;2.4260917;3.242092
0.67075694;1.3544772;2.2988222;3.0665488
0.7223079;1.3762567;2.2288132;2.888538
0.59188485;1.2507877;2.1592631;2.8933282
0.5762882;1.1149633;1.8324732;2.3951652
0.6822482;1.3324425;2.2146642;2.9194398
0.67340624;1.3029592;2.175243;2.88257
0.6555249;1.3054004;2.2179651;2.963304
0.5683646;1.2624044;2.1985238;2.9427466
0.7230784;1.4855953;2.529431;3.3710945
0.61897033;1.2379496;2.075283;2.7405968
0.6302416;1.2255015;2.0354784;2.6835556
0.6224002;1.2847556;2.1944134;2.9296327
0.7049453;1.3267542;2.1841874;2.878935
0.66235065;1.3515816;2.2708583;2.9932022
0.7480865;1.4432648;2.3987737;3.1728196
0.69890857;1.351092;2.1992102;2.855047
0.5895094;1.1511323;1.8996979;2.4909298
0.6509761;1.3852192;2.3948224;3.2106786
0.6369559;1.340435;2.2951686;3.0573146
0.7261907;1.3958962;2.2943215;3.0033805
0.7468452;1.426623;2.3235729;3.0258284
0.6484116;1.3108239;2.206705;2.921925
0.6608516;1.2791816;2.1048615;2.7590687
0.66303134;1.3382986;2.2740233;3.030374
0.7311274;1.4669968;2.4701796;3.2734811
0.70427907;1.403445;2.3772328;3.1707797
0.70150006;1.362829;2.278221;3.023396
0.7397282;1.2928356;2.0212507;2.5893002
0.62122613;1.2145416;1.9958597;2.6072528
0.75950235;1.4131398;2.2696235;2.9335806
0.66478276;1.3132112;2.2163875;2.9533558
0.63687044;1.167372;1.8660269;2.409456
0.5729146;1.2412955;2.1543152;2.8877847
0.56083906;1.1424688;1.9249606;2.5432568
0.6363662;1.2972417;2.162866;2.8344238
0.6350888;1.228506;2.0203497;2.643396
0.62533194;1.1913071;1.9630591;2.5814703
0.6625943;1.2690119;2.118246;2.8126302
0.659334;1.2950003;2.1717837;2.879885
0.64658576;1.1912574;1.9227446;2.5004032
0.71146005;1.395536;2.3311458;3.0820713
0.62287796;1.1840975;1.9428967;2.5478432
0.740147;1.4065619;2.298498;3.0054543
0.7521445;1.3188308;2.0749245;2.6719747
0.64114285;1.2648828;2.1279786;2.8262606
0.57368857;1.2458451;2.1455634;2.8585632
0.6663899;1.3724418;2.331207;3.0973032
0.6913481;1.3690591;2.2922904;3.0344477
0.7444293;1.3726565;2.1856465;2.8112228
0.6265948;1.2659141;2.138009;2.8385637
0.62171215;1.2209666;2.003568;2.6145136
0.60992414;1.2652168;2.1883147;2.944853
0.6814852;1.249248;2.0198898;2.631613
0.69111097;1.3807026;2.293062;3.008694
0.56760234;1.2207301;2.1054895;2.812258
0.614978;1.2426324;2.0752463;2.7285938
0.6236736;1.318037;2.2663507;3.0290852
0.7251292;1.2901596;2.0642238;2.6844409
0.69336957;1.2488588;1.9816772;2.5524511
0.6474141;1.3295482;2.2591662;3.0053844
0.6962708;1.3138949;2.168228;2.8633103
0.64482856;1.2746143;2.101708;2.7480304
0.5820549;1.3304523;2.3630705;3.1971233
0.72960293;1.3959587;2.287621;2.992862
0.75030977;1.4472451;2.3894887;3.1401088
0.6453875;1.3863845;2.3853893;3.1829257
0.6110632;1.37706;2.4336026;3.2902455
0.6585077;1.2665758;2.1033473;2.7784932
0.682359;1.3091942;2.1880171;2.9089677
0.73747283;1.3439608;2.1812518;2.857484
0.6170673;1.2987275;2.2201552;2.9518495
0.7069924;1.4289283;2.3961985;3.1626825
0.57537556;1.2713683;2.2095091;2.958363
0.6791079;1.3513248;2.229508;2.9091783
0.63005596;1.2495934;2.1216805;2.8350084
0.66988206;1.3560926;2.2681093;2.9850116
0.72040653;1.3951212;2.3118148;3.043737
0.6373625;1.284501;2.1447675;2.821069
0.5762727;1.18041;1.9811409;2.6067944
0.6238839;1.2281642;2.0139596;2.6227112
0.6841789;1.3099504;2.1815798;2.8929896
0.55854046;1.1637743;1.9676656;2.5972595
0.7113175;1.398521;2.3557968;3.1349766
0.67591107;1.4230806;2.4492364;3.280282
0.62893146;1.2684963;2.107011;2.7598526
0.7418397;1.349228;2.1448395;2.7628672
0.72707546;1.26909;1.9942054;2.566125
0.61654574;1.2839109;2.1880028;2.9100008
0.6068649;1.2490838;2.1465516;2.8813255
0.7377554;1.3704973;2.243483;2.9507263
0.5959182;1.2407639;2.1073797;2.7965097
0.60033447;1.2863201;2.2172005;2.9630346
0.6570734;1.2484066;2.0501037;2.6916964
0.61735845;1.2974757;2.2426634;3.0130608
0.6658028;1.3435018;2.2290404;2.9138722
0.58399236;1.2366422;2.1022332;2.7848783
0.7015925;1.3978552;2.3235862;3.046258
0.68436605;1.2671013;2.052917;2.6798997
0.6947306;1.4129817;2.3752012;3.135815
0.7514144;1.4132445;2.327347;3.0682964
0.64606786;1.1976606;1.9353672;2.516607
0.6374859;1.3063204;2.2342901;2.9870133
0.7256707;1.4362338;2.4101882;3.1944222
0.61617917;1.2230903;2.0462132;2.7054253
0.6036849;1.2090315;2.0410833;2.7150207
0.58259726;1.2720728;2.1835887;2.8975658
0.5920994;1.3145832;2.317557;3.1312451
0.753327;1.4276947;2.3287945;3.0392594
0.6543865;1.2414097;2.0501502;2.7061505
0.69163865;1.323661;2.1915808;2.8916113
0.6862231;1.263471;2.041603;2.6605458
0.6464191;1.2709523;2.106663;2.770081
0.71741885;1.3605952;2.247936;2.9666555
0.71629035;1.346421;2.2402012;2.974931
0.72141033;1.4444537;2.4200392;3.1938305
0.6740628;1.2424239;2.016952;2.6353292
0.7479484;1.4239826;2.3213522;3.0270267
0.7074602;1.3165587;2.1620862;2.8506012
0.56920505;1.2217125;2.0667527;2.7184696
0.69443005;1.330564;2.2274575;2.9648588
0.6148592;1.2255222;2.0324423;2.6642733
0.70495796;1.3994751;2.3527832;3.1234512
0.7609012;1.4788033;2.4699185;3.2704787
0.55310994;1.2704755;2.2487009;3.0386343
0.7246426;1.2885416;2.0482793;2.6537151
0.72319347;1.4519317;2.4673915;3.291368
0.66554683;1.3320162;2.261122;3.0185738
0.7566212;1.4287832;2.3102257;2.9949167
0.69320834;1.3530324;2.2355132;2.929735
0.5904888;1.2038269;2.018189;2.655489
0.64631814;1.3387733;2.2754917;3.0196257
0.7281615;1.423719;2.3874454;3.1690602
0.7358493;1.3639171;2.221218;2.9077933
0.5655102;1.1569884;1.9518323;2.584816
0.70720595;1.390305;2.3018332;3.0225313
0.67467254;1.3026061;2.184086;2.9067075
0.74671817;1.4417806;2.3829985;3.134359
0.7561481;1.2887597;1.9957598;2.5494857
0.6632478;1.3003525;2.1605113;2.8424957
0.656395;1.2770082;2.147312;2.8642325
0.6419948;1.3050339;2.2004871;2.915847
0.6286622;1.2753807;2.1269968;2.7893152
0.59335905;1.3095721;2.2622483;3.0129147
0.5778575;1.1490428;1.8986892;2.4842494
0.7388963;1.3593925;2.2264025;2.9359124
0.7293874;1.4082708;2.303894;3.002274
0.6772753;1.4121923;2.4178765;3.2275174
0.74103653;1.4473718;2.4011502;3.1607523
0.5743041;1.1863983;2.0110006;2.6652608
0.6552389;1.2435986;2.0171318;2.6180425
0.6780302;1.3003002;2.1455717;2.8221667
0.6929949;1.3604007;2.2344015;2.9134808
0.55211824;1.2311081;2.125959;2.8263648
0.66376793;1.2525803;2.0503304;2.6881845
0.5940218;1.2915431;2.2127943;2.934361
0.7279863;1.3711661;2.260139;2.9806442
0.74311954;1.3301902;2.130736;2.7740529
0.5871066;1.1557881;1.8966805;2.4706419
0.5964699;1.166746;1.9197228;2.5082655
0.66030526;1.3442818;2.295737;3.0700288
0.62201077;1.2755625;2.1632404;2.8723571
0.7324245;1.3593891;2.2107894;2.8887918
0.5823606;1.2390672;2.114298;2.8042562
0.63022757;1.3069654;2.1837637;2.8591797
0.5548276;1.199581;2.0946305;2.8210056
0.7292299;1.3797864;2.251387;2.9425201
0.7457109;1.4263968;2.3234076;3.0239608
0.5579259;1.1365277;1.9143934;2.5335348
0.635014;1.3385166;2.3107493;3.0976188
0.6236973;1.2956537;2.183677;2.8764474
0.7592725;1.3453662;2.111819;2.7034082
0.7483268;1.4435713;2.386335;3.1369078
0.6491309;1.2285973;2.0110908;2.6358101
0.775435;1.4606136;2.3620465;3.062141
0.61236185;1.2392112;2.1224573;2.8476884
0.66787654;1.4090171;2.4301004;3.2538364
0.6817051;1.297435;2.141834;2.8224177
0.7177307;1.3632028;2.2716763;3.0191083
0.74813706;1.3776308;2.2114234;2.8677452
0.65940654;1.2845118;2.0948079;2.7216887
0.5811591;1.173754;1.9906516;2.6510298
0.67467403;1.2959443;2.1518242;2.8453343
0.72323203;1.3552791;2.178876;2.816005
0.6398881;1.1895709;1.917495;2.489219
0.6653741;1.2938484;2.1331582;2.794512
0.752216;1.3745275;2.2361712;2.9374506
0.5586964;1.1804527;1.9889032;2.6154447
0.687393;1.2983681;2.1560912;2.8571084
0.6457042;1.2887092;2.1601002;2.8544533
0.6390517;1.2821429;2.186315;2.9292254
0.62990135;1.3078959;2.2485867;3.0140972
0.63892585;1.3393178;2.2767477;3.019659
0.5923083;1.2959726;2.271819;3.0643704
0.5722127;1.2915322;2.2790768;3.0756867
0.5934025;1.2794905;2.2218323;2.983395
0.6057983;1.2190415;2.0130093;2.6259062
0.6175308;1.3043475;2.1984012;2.8911128
0.6452112;1.291772;2.1373158;2.7913942
0.5626083;1.1530309;1.9251767;2.5220132
0.70250577;1.2719983;2.032693;2.6351607
0.7412241;1.3652298;2.1827896;2.8175988
0.5928023;1.2497488;2.1768634;2.93692
0.73680943;1.3680271;2.2071202;2.8651292
0.6711499;1.2961723;2.1094682;2.736461
0.5996073;1.2111497;2.0653417;2.762613
0.64014155;1.2793792;2.1621666;2.8755376
0.72889477;1.3525864;2.1905024;2.8542173
0.60251707;1.2859055;2.2071638;2.940206
0.6111721;1.3800157;2.4306483;3.2774713
0.59803975;1.2307378;2.0513127;2.6883786
0.58025813;1.2522725;2.191942;2.9596002
0.59255147;1.259213;2.1959805;2.9647048
0.71560013;1.3772143;2.291766;3.0326843
0.6542995;1.4001455;2.4249914;3.249759
0.6429105;1.2570486;2.0496633;2.6614363
0.6127567;1.193207;1.9914193;2.6350865
0.75004274;1.3870285;2.2882094;3.0297475
0.7631442;1.4878879;2.4682624;3.2462118
0.6576893;1.3046417;2.206863;2.9440057
0.57403624;1.1864159;1.9979211;2.6375957
0.58852756;1.1684275;1.9599372;2.593015
0.5600404;1.1615434;1.9842559;2.645156
0.67325056;1.3455907;2.2442296;2.9540105
0.6961698;1.4101129;2.3840344;3.1638453
0.71179444;1.3368108;2.1857154;2.8639817
0.68763155;1.4139794;2.4209404;3.2380037
0.5776589;1.1375369;1.8882719;2.4810967
0.7488422;1.3743529;2.248583;2.9636288
0.6396622;1.362846;2.3308713;3.0972881
0.7370819;1.3588305;2.2189264;2.9169905
0.7370464;1.4283824;2.368221;3.1225994
0.68452567;1.3513898;2.2146177;2.8764143
0.6879512;1.2796541;2.0565174;2.663148
0.55830574;1.2664871;2.2446382;3.0404928
0.7050548;1.3459516;2.2422988;2.9749975
0.7146157;1.3641006;2.28286;3.0383017
0.55356455;1.2626258;2.235919;3.0220494
0.57392573;1.2423991;2.1713638;2.9246652
0.6978038;1.439035;2.4455183;3.2523203
0.71072745;1.3447703;2.239101;2.9758267
0.6245226;1.3234227;2.2546055;2.989573
0.58619386;1.2260444;2.0573292;2.6999261
0.67252505;1.2860875;2.0872931;2.7070794
0.6893529;1.3805914;2.3404818;3.1222267
0.60961217;1.2947394;2.250046;3.0302892
0.73443186;1.393267;2.286601;3.000325
0.5827323;1.1921465;1.9870601;2.601774
0.7177444;1.3097249;2.0776145;2.6708143
0.65819204;1.3579704;2.3304386;3.1224246
0.6474534;1.3077343;2.2270484;2.9750707
0.5786706;1.1497898;1.931089;2.5548441
0.65094954;1.4067379;2.449703;3.2959895
0.7416532;1.322006;2.0980704;2.713474
0.679042;1.391762;2.3646834;3.1457825
0.6118966;1.2680813;2.121351;2.7821229
0.5991129;1.1907163;1.960217;2.5567675
0.6225377;1.1697426;1.8904594;2.4545877
0.71158195;1.3221649;2.133032;2.7711997
0.639196;1.1892297;1.917375;2.4868033
0.73672706;1.3178376;2.0926275;2.7011642
0.58399636;1.2024156;2.043189;2.7154682
0.55393;1.2207458;2.0880115;2.7606988
0.5678533;1.2092484;2.1080434;2.8428092
0.67297333;1.2654754;2.0554676;2.6786776
0.6107046;1.2606024;2.159443;2.8890946
0.60161877;1.2742256;2.1812847;2.9037495
0.57740676;1.1987109;2.0778365;2.7971792
0.7359413;1.4263489;2.3476708;3.0780363
0.65446144;1.3823583;2.389931;3.2085824
0.6408173;1.1926336;1.9190177;2.4825644
0.5879545;1.2616981;2.1471992;2.839249
0.75089735;1.3946258;2.2765813;2.9860563
0.7295306;1.3558234;2.1881142;2.8403664
0.6010405;1.2761033;2.183254;2.9025524
0.61920625;1.3018482;2.1877592;2.8702147
0.5599812;1.1880295;1.9992286;2.6246688
0.62579644;1.265901;2.113918;2.7799194
0.6758194;1.2969522;2.1326418;2.795495
0.5832377;1.1985177;2.0667512;2.7788846
0.64796674;1.3757771;2.343081;3.1075256
0.6995582;1.3643863;2.2770774;3.0117223
0.6425006;1.3499668;2.2985995;3.050183
0.64061344;1.2880356;2.1415648;2.8090596
0.58789134;1.1907204;1.9916925;2.6190276
0.668809;1.3324717;2.2647734;3.028916
0.6531752;1.1987973;1.9162625;2.473396
0.6924675;1.3448282;2.1939425;2.8485334
0.70687383;1.2802622;2.043502;2.645217
0.57879984;1.3043247;2.2929723;3.0850856
0.70022434;1.3814372;2.2748814;2.9687135
0.6690269;1.3090577;2.1634696;2.8355355
0.6553599;1.3096589;2.2014453;2.9191728
0.6435498;1.3041837;2.166475;2.831992
0.7222313;1.4238058;2.385777;3.161613
0.6229055;1.3564159;2.3776655;3.2082293
0.6985425;1.3575187;2.260465;2.988883
0.6744442;1.3629872;2.2755985;2.9908617
0.58575046;1.2293701;2.0830936;2.7532752
0.59475446;1.2439272;2.1082375;2.7903745
0.58641315;1.2231408;2.051431;2.691159
0.68163383;1.3135006;2.1813273;2.879101
0.5610847;1.1216772;1.8795627;2.4819171
0.7433747;1.4108065;2.2932453;2.9861598
0.7010698;1.362766;2.2934866;3.0570855
0.56807315;1.2788128;2.2175288;2.952876
0.70042497;1.3466368;2.231365;2.943295
0.740165;1.3520491;2.1868467;2.856971
0.6263162;1.3299514;2.2844238;3.0446856
0.5609042;1.2266014;2.1006393;2.7849946
0.64572954;1.2341571;2.0436363;2.6970227
0.6349442;1.2673233;2.1420498;2.8498466
0.63559717;1.2106899;1.9767963;2.5798638
0.6360551;1.355108;2.3490758;3.155485
0.58482414;1.3073918;2.297521;3.0953083
0.75157946;1.4932339;2.5169241;3.3451724
0.72346556;1.3978896;2.2923303;2.9925058
0.6078321;1.2683516;2.1769242;2.9099233
0.5707336;1.1399919;1.8976638;2.4927983
0.58356786;1.304339;2.2891583;3.0821657
0.7045851;1.344393;2.2296567;2.9469223
0.5700504;1.1794741;1.9955912;2.644095
0.76094455;1.4199297;2.3238263;3.0532677
0.68096656;1.4011335;2.3779154;3.1552727
0.6867263;1.4095955;2.3948011;3.1840687
0.6130021;1.2538471;2.1195922;2.8066263
0.625773;1.3049618;2.2233338;2.950172
0.5536092;1.0944972;1.8054782;2.3605127
0.60381913;1.2402831;2.0760164;2.726354
0.5535831;1.2153593;2.1259782;2.8630595
0.7165652;1.2974571;2.076981;2.689917
0.72053033;1.341463;2.178963;2.843484
0.6370558;1.2502131;2.0910914;2.7676077
0.6645379;1.3329481;2.2047625;2.8815
0.6384779;1.2675557;2.092866;2.7345734
0.67698467;1.2852644;2.1238866;2.8010077
0.6558109;1.2620444;2.046543;2.6533182
0.66357887;1.2873008;2.095159;2.7193227
0.68963706;1.4253955;2.4259992;3.2285962
0.58394766;1.1695158;1.9355114;2.5279996
0.6215073;1.2402267;2.1173854;2.8405917
0.6158736;1.2751524;2.1826463;2.91765
0.5649293;1.2631007;2.2059584;2.9577944
0.68485624;1.3436971;2.2406435;2.9593697
0.6890982;1.2848157;2.0894523;2.7329187
0.57833743;1.1817628;2.0093887;2.6758013
0.7046463;1.4414309;2.4540765;3.2719243
0.72643334;1.3724235;2.23867;2.9233716
0.61482894;1.2840874;2.1991982;2.935366
0.7163987;1.2899373;2.0681365;2.6872492
0.6989893;1.3414241;2.2111173;2.9053407
0.71536684;1.4413296;2.4433568;3.2550426
0.57787967;1.3001152;2.2984703;3.1096401
0.6691127;1.2808942;2.0902302;2.7237158
0.6657422;1.236515;2.0084972;2.6250534
0.67323774;1.2918292;2.1327841;2.8058674
0.55218905;1.1243229;1.9041356;2.532112
0.58902925;1.2652758;2.18042;2.9110541
0.6154845;1.3543473;2.3630495;3.1741667
0.66744894;1.2233403;1.9648145;2.548576
0.65836066;1.2668608;2.1082072;2.7923634
0.7291853;1.3128176;2.0856297;2.68932
0.60304594;1.2569692;2.154815;2.8811996
0.59066737;1.3242276;2.3355982;3.1534588
0.651397;1.2196591;1.9654945;2.5469947
0.60977393;1.2685179;2.128932;2.7959282
0.6879822;1.3823247;2.3028648;3.0253127
0.6779857;1.3333755;2.1792579;2.8285596
0.5545906;1.205353;2.112153;2.8525667
0.72843367;1.4335886;2.388848;3.1521041
0.69320184;1.3597227;2.2477489;2.948795
0.6553866;1.4053266;2.4434235;3.2873504
0.70304364;1.3646232;2.2291198;2.897472
0.6967508;1.366316;2.2905064;3.0393054
0.60583067;1.2626389;2.1351316;2.8213382
0.7481787;1.3783891;2.198765;2.8340983
0.69672525;1.4045496;2.3497818;3.0979452
0.69365066;1.4340645;2.4501703;3.2720566
0.69291484;1.3649843;2.262042;2.971245
0.74873006;1.2880212;2.0014408;2.562626
0.64550817;1.3270994;2.2699802;3.0359476
0.56020635;1.2312655;2.1012607;2.7744906
0.73059356;1.4124457;2.3286717;3.0537593
0.60815614;1.2929897;2.2083254;2.932244
0.6541359;1.3217318;2.218021;2.9300823
0.74054873;1.3530885;2.2126975;2.9147823
0.68431216;1.3482064;2.2624502;2.999195
0.662612;1.3160342;2.1889474;2.879029
0.67263496;1.3774433;2.32811;3.083685
0.6260666;1.2910198;2.1664314;2.848633
0.581186;1.1761945;1.9696336;2.593312
0.7593866;1.3953552;2.2817261;2.9998245
0.6629767;1.2438284;2.0384712;2.6773443
0.6367888;1.2059112;1.9759334;2.587446
0.68586904;1.4058112;2.4000356;3.2080846
0.7146828;1.3650994;2.209499;2.8592458
0.5623206;1.2080444;2.1113918;2.850461
0.70468915;1.2477727;1.967497;2.5290694
0.6208146;1.275709;2.1994145;2.9593034
0.69391626;1.2267644;1.931554;2.4821632
0.7040654;1.3885156;2.286527;2.9857621
0.73969203;1.3323262;2.1566567;2.827227
0.5990829;1.214782;2.0487773;2.7144115
0.6474947;1.3417709;2.2863486;3.0432127
0.71823925;1.4182891;2.3813553;3.1576054
0.60688365;1.2602171;2.1351705;2.8295832
0.6093812;1.2660174;2.1471345;2.8489685
0.73693347;1.3875376;2.2781136;2.9934506
0.5949461;1.3071299;2.2673264;3.0303814
0.7074233;1.29059;2.0870142;2.727529
0.5782996;1.3114239;2.2973275;3.0838542
0.5988993;1.2342999;2.1052163;2.80674
0.6096303;1.3057168;2.2439728;2.9887915
0.67302465;1.3989581;2.3926394;3.1900551
0.57735497;1.1609304;1.9657906;2.6143672
0.6651326;1.2428637;2.0161703;2.627436
0.7388226;1.3017918;2.0419407;2.6171026
0.65908957;1.3047608;2.1530936;2.8125434
0.5963081;1.2413466;2.0707362;2.706441
0.6422406;1.3384664;2.2969513;3.0745609
0.59207946;1.1833673;1.9838856;2.6221728
0.67247194;1.2512966;2.0428085;2.6805296
0.6811968;1.3093808;2.1841018;2.896677
0.7121363;1.4450392;2.4385428;3.229867
0.7006174;1.3792818;2.2949617;3.0260694
0.75459635;1.497096;2.525864;3.358322
0.6514419;1.2174022;1.9871345;2.6015835
0.6571121;1.25653;2.0781364;2.7374167
0.7229404;1.3534752;2.2307405;2.9452977
0.6805616;1.2864019;2.082092;2.7006528
0.6886247;1.4211082;2.431081;3.2485979
0.74305016;1.4493886;2.4296725;3.227001
0.73085815;1.429846;2.36731;3.1102703
0.5660117;1.2136309;2.0766222;2.756315
0.69408154;1.2687747;2.024781;2.6137075
0.5950071;1.1524549;1.9104745;2.5150576
0.65623933;1.3994929;2.412745;3.2269576
0.59339243;1.2434322;2.1161757;2.806632
0.7134458;1.298518;2.0730257;2.678254
0.6478943;1.2946122;2.1764677;2.8849654
0.6959539;1.2849433;2.0570142;2.6556146
0.64855874;1.3559384;2.326553;3.1064982
0.67479914;1.3094102;2.1723394;2.8628516
0.67810726;1.3853503;2.3646677;3.1595669
0.657861;1.2324791;1.9861846;2.5743542
0.7284647;1.3753376;2.268482;2.9917471
0.65704703;1.2811384;2.1001956;2.7380457
0.60572976;1.1469523;1.8678176;2.4322672
0.70245343;1.3274198;2.1780105;2.86152
0.6863242;1.4163072;2.4168038;3.2239876
0.66921645;1.2975893;2.1781538;2.8952487
0.66343534;1.3219326;2.1973913;2.8891304
0.6263786;1.2253127;2.0222068;2.6457646
0.62887174;1.281968;2.1282392;2.7807627
0.59818023;1.2596018;2.1866074;2.9474776
0.669443;1.318588;2.228024;2.9732695
0.55258405;1.1312376;1.8923157;2.4883115
0.58572286;1.2510207;2.173813;2.9211042
0.5962179;1.240373;2.113451;2.8074722
0.6763475;1.3528088;2.228648;2.9016798
0.75994366;1.3771588;2.2169387;2.8897276
0.6962481;1.3458652;2.255205;2.9983873
0.6694202;1.2619901;2.0506723;2.6747055
0.57863945;1.197095;2.0570357;2.7546544
0.72443503;1.454175;2.4605749;3.272749
0.5651104;1.27072;2.2279744;2.9938467
0.5862273;1.2512745;2.1228118;2.7946246
0.58435524;1.2386742;2.137598;2.8623936
0.66717553;1.41958;2.4472451;3.2755847
0.73407257;1.4274943;2.3894222;3.1726038
0.5677785;1.2232025;2.0928633;2.7753773
0.6263397;1.2994518;2.2152169;2.9463744
0.7176545;1.3627594;2.2340193;2.9276164
0.5636529;1.2744292;2.2416368;3.016941
0.6660567;1.2826731;2.093971;2.7286632
0.7233288;1.4062984;2.296919;2.987011
0.61939645;1.2873803;2.2132506;2.9657762
0.7089432;1.3055187;2.1292112;2.7916234
0.71338856;1.3591537;2.2595537;2.9941828
0.65844846;1.3234609;2.2272215;2.949328
0.6962838;1.3489337;2.2538424;2.9864616
0.7581197;1.4393041;2.339817;3.0435286
0.6610009;1.3046132;2.1480248;2.804818
0.60177875;1.2898992;2.2009404;2.9159353
0.5449505;1.2431326;2.1552653;2.8654828
0.57837033;1.1858821;1.9972497;2.6368868
0.7432429;1.3722552;2.2145405;2.881083
0.6215816;1.3008473;2.236884;2.9930387
0.6272295;1.2863348;2.2103543;2.9690154
0.6941647;1.2778819;2.0475335;2.6492486
0.76034486;1.5050604;2.5276954;3.3473976
0.6641492;1.3006096;2.1738968;2.8765407
0.7208841;1.3979368;2.3072822;3.0289888
0.68297446;1.3230103;2.151964;2.79423
0.61727744;1.2501721;2.1125994;2.8019874
0.59116167;1.2594082;2.1805575;2.9268486
0.65614706;1.2834325;2.1370986;2.8215103
0.6797947;1.3571092;2.2679183;2.9890199
0.6204531;1.2767401;2.1893663;2.933618
0.64941084;1.3101938;2.2154117;2.9418526
0.58248407;1.200337;2.0728424;2.7895226
0.7204655;1.4031351;2.3230598;3.0496464
0.6911357;1.2538781;2.0038671;2.594459
0.6833001;1.395793;2.3857043;3.1884058
0.67100567;1.2567377;2.052252;2.6904192
0.569826;1.2281069;2.1012144;2.7873595
0.6459298;1.3108174;2.1940625;2.8900294
0.60801643;1.350075;2.359462;3.167563
0.73124087;1.4622551;2.478367;3.3017077
0.6807902;1.3931304;2.3483484;3.1065416
0.75201;1.3823749;2.2189746;2.8757539
0.5818635;1.2071239;2.094284;2.8282704
0.577468;1.2896764;2.248555;3.011434
0.71030474;1.350027;2.218507;2.9109488
0.600431;1.1871381;1.968894;2.585376
0.6373856;1.2500767;2.0774632;2.731412
0.71555984;1.285229;2.0641336;2.6893158
0.7213838;1.3927;2.3154552;3.057441
0.7618102;1.3152156;2.0600505;2.648622
0.71124977;1.3051641;2.0997694;2.7274878
0.6477982;1.3535177;2.3105667;3.0753148
0.6830215;1.3629733;2.2786958;3.0076368
0.57736856;1.2645202;2.2075691;2.9668102
0.63355666;1.3227004;2.274002;3.0439355
0.6897776;1.2846045;2.0831897;2.715471
0.6265866;1.3050524;2.2466552;3.0127409
0.6213569;1.3221332;2.28368;3.0601134
0.7238282;1.4378246;2.416466;3.2040584
0.73585683;1.3751978;2.2140775;2.8667092
0.6947933;1.312444;2.178769;2.8854094
0.6871677;1.3562772;2.2814846;3.030723
0.649875;1.3387942;2.2959607;3.0766776
0.63351727;1.1835921;1.9269094;2.5174758
0.56167173;1.179663;2.0080996;2.6657922
0.57674235;1.2291521;2.078294;2.7343976
0.63198;1.3379985;2.317235;3.1141818
0.60516137;1.2050481;2.0350344;2.7054136
0.6721697;1.296923;2.1446815;2.8221402
0.73480755;1.410338;2.334521;3.078593
0.73101294;1.3459433;2.1557071;2.7877843
0.64989215;1.2594161;2.0950437;2.767302
0.58949226;1.191295;2.0060844;2.6568744
0.6268259;1.1886822;1.9245031;2.4959145
0.6996294;1.3199241;2.1518025;2.813388
0.64015615;1.3245944;2.2398233;2.9626708
0.65969926;1.2401512;2.0124867;2.6191578
0.61965585;1.2788732;2.1331599;2.7903998
0.66492444;1.3634366;2.3055604;3.0556536
0.65493983;1.3627337;2.3159637;3.0751967
0.614625;1.2992969;2.2004657;2.904432
0.7070002;1.3466835;2.1797066;2.822532
0.55135375;1.1650454;2.0110369;2.6957583
0.7194901;1.3701246;2.2300797;2.903103
0.61047256;1.207858;2.0418077;2.7239816
0.7010053;1.346373;2.2441244;2.9762113
0.6793798;1.2969224;2.1023076;2.7268481
0.5919153;1.1410364;1.8611898;2.4202151
0.6942155;1.3663882;2.2714078;2.9917107
0.7329533;1.3589743;2.173651;2.8014467
0.59673053;1.1985159;2.040573;2.7287729
0.61898345;1.2962927;2.250728;3.0350046
0.5581575;1.145643;1.9320718;2.5512571
0.60152215;1.2906351;2.1958754;2.901125
0.589543;1.1816146;1.9623294;2.5740185
0.70472527;1.406122;2.38186;3.177317
0.6634007;1.3741264;2.3204117;3.0669487
0.6324201;1.1751511;1.8848913;2.4372761
0.7307352;1.3406271;2.1709986;2.8357196
0.67574906;1.3409603;2.2712128;3.0315173
0.7061211;1.3389976;2.2125487;2.9177353
0.6424676;1.2722435;2.1158261;2.7837436
0.61658955;1.3437274;2.3173838;3.0883877
0.71722597;1.3399718;2.162206;2.8031738
0.63938105;1.2527429;2.106154;2.8000884
0.54686975;1.2333803;2.1317406;2.8312688
0.6457102;1.2147709;1.9520717;2.5235975
0.7017044;1.2545117;1.9770956;2.5376997
0.70095104;1.318991;2.159331;2.8317204
0.69766635;1.2912353;2.0724435;2.6809316
0.7159212;1.3243632;2.1592042;2.8322613
0.73207605;1.4237267;2.3473165;3.079969
0.722658;1.2947975;2.047381;2.636755
0.68028474;1.2338495;1.9616557;2.5288692
0.6851309;1.2536793;2.0128171;2.6116679
0.76271546;1.411566;2.2677653;2.9343956
0.58780813;1.2692465;2.1745636;2.8878586
0.5978982;1.2172666;2.0462084;2.7032013
0.71060455;1.3491328;2.1924212;2.851728
0.66103864;1.2384807;2.0122292;2.6226425
