0.577847;0.6582055;0.0306;0.8644601;0.0473;5.58e-10;1.39e-19;0.9113656;0.0983;4.39e-11;0.0116
0.6366799;0.7623398;0.0615;0.9188585;0.0402;5.87e-10;1.5e-18;0.5667532;-0.00571;4.96e-12;0.00312
0.6500825;0.6584657;0.068;1.0516578;0.0451;9.16e-10;1.63e-19;0.9128569;0.02;3.79e-12;-0.0171
0.6350209;0.7123391;0.0753;0.8064985;0.0607;4.96e-10;1.45e-18;1.1195557;0.0773;5.11e-12;0.00757
0.5531961;0.6227902;0.0382;0.956795;0.0585;4.99e-10;9.25e-19;0.852489;0.000573;5.98e-12;0.0189
0.6652033;0.7332923;0.0684;1.0326029;0.0458;1.11e-09;1.5e-18;0.4029669;0.0333;3.08e-12;-0.0184
0.5987712;0.6805594;0.0432;1.3453934;0.0426;5.71e-10;3.3e-19;1.0782652;0.0764;7.18e-12;0.011
0.5568721;0.7240477;0.062;0.6605882;0.0453;9.19e-10;2.41e-19;0.4235499;-0.0827;1.45e-11;-0.0168
0.7196921;0.7151778;0.0527;1.1988783;0.0586;7.25e-10;3.39e-19;0.5022117;-0.057;2.34e-11;0.0188
0.6776995;0.6621426;0.0508;0.7068815;0.0503;9.21e-10;1.84e-19;0.6131804;-0.0923;3.33e-12;0.00419
0.5961158;0.7515062;0.038;0.7599625;0.0442;6.85e-10;4.49e-19;0.6977;-0.0958;2.85e-12;-0.0154
0.6403704;0.70043;0.0544;1.2854987;0.0436;1.06e-09;1.1e-18;1.1988325;0.084;2.42e-11;-0.00435
0.7175468;0.6904666;0.0426;1.0985538;0.0593;4.62e-10;1.53e-19;1.1928618;0.0949;3.93e-11;0.00626
0.5888816;0.6384121;0.0372;1.121549;0.0591;6e-10;1.08e-19;0.8540475;-0.0253;4.03e-11;0.00241
0.7276147;0.6390583;0.0315;1.0711031;0.0487;5.11e-10;3.25e-19;0.5338668;0.0736;1.46e-11;0.0159
0.5813097;0.6052582;0.0344;1.0927393;0.0525;1.03e-09;2.87e-19;0.5132471;-0.041;2.23e-12;0.000356
0.6763031;0.7454704;0.0366;0.6878678;0.0508;6.85e-10;1.27e-18;0.9099319;-0.0745;9.53e-12;0.00267
0.6486971;0.6433477;0.042;1.2460215;0.0464;9.15e-10;1.35e-18;0.5477114;-0.0292;4.35e-11;0.019
0.7497499;0.6817271;0.0308;0.9040224;0.0418;8.83e-10;1.43e-19;0.5824038;0.0984;2.84e-12;0.00992
0.5522857;0.7135244;0.0698;1.2159201;0.0577;4.95e-10;1.81e-19;1.1779535;0.0895;1.5e-11;0.00508
0.6234471;0.7083913;0.0459;1.3810385;0.05;5.86e-10;3.81e-19;0.863237;0.0655;3.04e-12;-0.0135
0.5832628;0.696964;0.0441;1.0039952;0.0423;5.29e-10;5.75e-19;0.6863138;0.036;3.93e-12;0.00583
0.7086271;0.6428429;0.0594;0.9663164;0.0484;8.6e-10;1.28e-18;0.5893284;-0.0598;3.1e-11;0.0125
0.6426525;0.6732405;0.0416;1.2620975;0.0461;6.66e-10;2.54e-19;0.610468;-0.0242;4.03e-11;-0.00141
0.7052469;0.6869872;0.0733;1.3027399;0.043;4.71e-10;3.17e-19;0.8745147;0.00694;3.13e-12;0.0172
0.6089039;0.6981082;0.072;1.3456618;0.0424;1.09e-09;3.54e-19;0.9931794;-0.0859;5.1e-12;-0.00452
0.7379447;0.6032705;0.0477;0.8807536;0.0489;5.33e-10;2.03e-19;0.6078922;0.069;3e-11;-0.00712
0.6087667;0.6766611;0.0773;0.7351739;0.0575;5.37e-10;1.1e-18;1.1685753;0.0328;1.42e-11;0.0178
0.5567349;0.6306379;0.0506;0.7475895;0.058;4.7e-10;1.3e-19;0.852891;-0.0356;7.45e-12;0.000244
0.6560639;0.7336064;0.0694;1.375019;0.0491;1e-09;1.03e-18;1.0478582;-0.0967;7.68e-12;-0.00884
0.6608979;0.7429476;0.0663;0.8815974;0.0416;4.95e-10;2.31e-19;0.5701326;0.0395;1.42e-11;0.017
0.6831885;0.7428668;0.0736;0.8034053;0.0444;6.08e-10;1.61e-19;0.5315196;-0.0352;3.29e-12;-0.00908
0.6533904;0.6913802;0.0534;0.6483187;0.0476;4.85e-10;1.01e-19;1.0519481;0.0699;3.24e-12;0.0115
0.5707675;0.69733;0.0498;0.6533356;0.0515;7.58e-10;2.86e-19;0.4786766;-0.00828;2.79e-12;0.00763
0.5802122;0.7266838;0.0495;1.1509221;0.0529;4.45e-10;4.5e-19;1.1433524;0.033;1.66e-11;-0.019
0.7105885;0.65424;0.0333;0.8571287;0.0508;8.78e-10;2.15e-19;0.7099463;-0.0764;2.02e-11;0.000281
0.6581759;0.691918;0.0363;1.0257467;0.0625;1.05e-09;3.51e-19;1.0936306;-0.0897;6.26e-12;-0.00342
0.7008754;0.7648389;0.0595;1.0089402;0.0412;1.03e-09;5.92e-19;1.1832746;0.0955;5.29e-12;-0.0108
0.6243062;0.7522456;0.0513;0.804446;0.0417;5.43e-10;1.84e-19;1.0542146;0.0355;4.11e-12;0.00382
0.6251387;0.6097933;0.0505;0.9457875;0.0568;5.11e-10;2.02e-19;0.9377315;-0.0772;2.86e-11;-0.00998
0.7370944;0.7648437;0.0755;1.0602884;0.0569;4.81e-10;3.83e-19;0.6337885;-0.0651;1.87e-11;-0.0137
0.6236468;0.6740309;0.0501;0.6256184;0.0475;7.97e-10;1.31e-19;1.0512549;-0.0648;3.13e-12;0.0112
0.7427833;0.7192282;0.0757;0.8270261;0.0524;7.4e-10;6.26e-19;0.645121;0.0886;2.39e-12;0.0181
0.6707713;0.6143655;0.0537;0.6677609;0.0513;8.6e-10;1.32e-18;0.9571946;-0.0602;4.41e-12;0.00532
0.6552587;0.7697688;0.0779;1.0473988;0.0616;9.61e-10;1.17e-19;0.7067839;-0.0927;1.98e-11;-0.0117
0.7258474;0.7349177;0.0536;1.197202;0.0511;5.01e-10;9.83e-19;1.0578007;-0.0797;5.44e-12;0.00533
0.7476835;0.703078;0.0772;1.3158797;0.0544;6.44e-10;1.58e-18;1.1415802;0.0281;2.71e-11;-0.0198
0.6813604;0.6259826;0.0608;0.7245154;0.0412;8.01e-10;4.28e-19;0.6266044;-0.0308;4.63e-12;-0.0141
0.5965608;0.706098;0.0419;0.9435165;0.0489;7.65e-10;1.41e-18;0.9603265;0.069;9.93e-12;0.0124
0.7053976;0.6072302;0.0386;1.144953;0.0419;8.43e-10;4.23e-19;0.8787732;-0.0255;7.09e-12;-0.0177
0.6078968;0.6326078;0.0472;1.289351;0.046;6.51e-10;6.11e-19;0.8261539;0.0284;8.15e-12;0.0145
0.6208618;0.6456222;0.069;1.3218645;0.0427;5.79e-10;1.55e-18;0.9200411;-0.0346;1.22e-11;0.0171
0.5880197;0.781237;0.08;0.6852005;0.0551;6.94e-10;1.64e-19;0.9104171;0.0106;3.73e-11;0.00114
0.7382237;0.7988991;0.0575;1.0236026;0.0404;7.94e-10;1.99e-19;0.6476698;0.0348;3.84e-11;0.0154
0.5701232;0.6166039;0.068;1.327666;0.0497;6.3e-10;1.99e-19;0.9058161;0.027;4.15e-12;0.00356
0.5961972;0.7244342;0.0727;1.1453564;0.0403;5.16e-10;1.57e-19;1.1660459;0.0308;3.52e-11;-0.00842
0.7260497;0.7363113;0.037;1.2843177;0.0482;7.16e-10;3.26e-19;0.8597279;-0.0663;2e-12;0.0175
0.5676322;0.7166029;0.0575;0.7019774;0.0445;9.34e-10;2.61e-19;0.9365492;0.0954;9.38e-12;-0.0185
0.5791693;0.71702;0.0475;1.0604336;0.0491;5.21e-10;1.29e-18;1.1226903;-0.0557;2.92e-12;0.00336
0.587706;0.6565788;0.0341;1.2135814;0.0609;6.42e-10;1.41e-19;1.1928836;-0.0332;4.46e-12;-0.0189
0.5767998;0.7079361;0.0453;0.7279028;0.0487;9.49e-10;6.92e-19;1.0184908;0.099;6.7e-12;0.00122
0.6080319;0.7109508;0.0561;1.2615732;0.0458;4.53e-10;1.07e-19;1.1652052;0.0674;2.01e-11;-0.00732
0.5803734;0.6757295;0.0547;0.874127;0.0485;4.64e-10;1.06e-18;0.6240692;-0.0549;5.58e-12;-0.0111
0.681807;0.6342568;0.0683;1.1982062;0.0627;4.86e-10;7.35e-19;0.7024441;0.0341;1.51e-11;-0.00774
0.5751463;0.6434601;0.0669;1.3825183;0.04;8.53e-10;1.51e-19;0.411693;-0.00287;2.68e-11;-0.00276
0.7227866;0.7277004;0.0448;1.3161399;0.0444;6.48e-10;7.16e-19;0.5559616;0.0448;7.34e-12;-0.000128
0.7012188;0.6505304;0.069;1.1967212;0.0506;5.26e-10;1.14e-19;0.6009626;-0.0466;7.19e-12;-0.0149
0.6131651;0.6383287;0.0679;1.0454634;0.0458;8.15e-10;1.19e-19;1.0494893;0.0591;1.19e-11;0.00224
0.5770922;0.7799193;0.044;1.3268317;0.0528;6.28e-10;3.34e-19;0.5426619;-0.0761;4.58e-11;-0.00249
0.6530073;0.7767888;0.0532;1.3953981;0.0583;9.24e-10;1.88e-19;0.4446945;0.0583;7.5e-12;-0.00485
0.6080144;0.6199287;0.0717;0.8587313;0.0399;7.11e-10;2.23e-19;0.7540077;0.0411;7.71e-12;0.00909
0.5690646;0.7239072;0.0404;0.6593525;0.0616;9.26e-10;2.49e-19;0.8664764;0.0533;5.9e-12;0.00887
0.7248629;0.6333449;0.0668;0.6664243;0.0462;5.89e-10;2.37e-19;0.7421703;0.000771;4.94e-11;-0.0105
0.7230701;0.6751327;0.0342;1.0600584;0.0451;6.08e-10;4.59e-19;0.5101973;0.0655;3.86e-12;0.0185
0.6328384;0.6628183;0.0787;0.8363055;0.045;7.29e-10;1.57e-19;0.5998036;-0.0979;6e-12;-0.018
0.6686165;0.7248062;0.0551;0.8204663;0.0533;7.22e-10;1.42e-18;0.8722923;-0.0631;2.87e-12;-0.0125
0.6137649;0.6235944;0.0592;0.7691122;0.0464;4.49e-10;1.1e-19;0.4137528;0.051;2.81e-11;-0.0134
0.6037081;0.6956214;0.0749;1.3178385;0.0591;7.02e-10;1.2e-19;0.6579818;-0.0694;3.82e-12;-0.00982
0.7364114;0.7180102;0.0513;1.3304588;0.0476;5.57e-10;3.88e-19;0.834747;-0.0781;8.05e-12;-0.0176
0.5541939;0.6156496;0.0352;1.3032107;0.0437;6.37e-10;2.29e-19;0.8253381;-0.0335;4.03e-11;0.00668
0.5930886;0.6667072;0.0784;1.0845884;0.0437;4.83e-10;2e-19;0.7289548;-0.0109;3.14e-12;0.000818
0.7322497;0.6129318;0.0703;1.2449259;0.0606;5.31e-10;7.71e-19;0.7842777;-0.0871;5.89e-12;-0.0121
0.5680721;0.7604835;0.0424;0.6191721;0.0401;1.06e-09;8.07e-19;0.8173193;0.0952;3.7e-12;0.0074
0.6430764;0.6655578;0.0384;0.9466648;0.0509;8.48e-10;4.78e-19;0.4021028;-0.0361;4.72e-12;-0.0112
0.5938663;0.6413869;0.0523;1.0245892;0.0589;7.31e-10;7.67e-19;1.0657378;0.0546;2.96e-12;-0.0178
0.7268179;0.7426203;0.0433;0.8603884;0.0542;1.05e-09;3.77e-19;0.8733535;-0.0691;5.3e-12;-0.0141
0.620884;0.6489787;0.0728;0.6335646;0.0451;7.18e-10;2.16e-19;1.1938686;-0.0476;4.65e-11;-0.0128
0.6126874;0.6053344;0.0351;1.2684214;0.0517;7.05e-10;1.26e-19;1.1488209;-0.0164;1.97e-11;-0.000218
0.6795814;0.7790713;0.0359;0.8727852;0.0479;8.4e-10;4.83e-19;0.582741;0.0191;1.16e-11;0.00839
0.7163838;0.6543056;0.0399;0.9054354;0.0492;5.07e-10;1.22e-18;1.061215;-0.0173;1.2e-11;-0.00144
0.6119255;0.6567576;0.0602;1.2591733;0.0508;5.07e-10;1.22e-19;0.462174;-0.0167;2.42e-11;0.0106
0.7198761;0.6850564;0.0622;0.7507252;0.0584;9.51e-10;1.27e-19;1.1157792;0.0324;3.9e-11;0.00287
0.7450277;0.6108759;0.0608;1.085818;0.0454;4.87e-10;1.93e-19;0.9741114;0.0185;6.75e-12;0.0189
0.7211529;0.6954568;0.0728;1.3431796;0.043;1.02e-09;1.62e-19;0.4021848;0.0581;1.25e-11;0.00538
0.6103082;0.7860208;0.0632;1.0357884;0.0569;7.31e-10;1.48e-18;1.0335809;0.016;1.51e-11;-0.00872
0.596617;0.7865649;0.053;1.3514217;0.0451;5.23e-10;1.41e-19;0.8211835;-0.0797;1.87e-11;0.0101
0.5647685;0.6819459;0.0575;1.3620957;0.0412;9.84e-10;2.07e-19;0.7538383;-0.0493;4.49e-12;-0.000567
0.5539532;0.6761975;0.0417;0.8300073;0.0588;9.38e-10;1.79e-19;0.867767;-0.0578;1.74e-11;0.017
0.6941917;0.7133717;0.0644;0.7445731;0.0441;8.56e-10;7.27e-19;0.5870259;-0.0713;2.56e-12;-0.0137
0.672203;0.7327371;0.0733;0.948509;0.0522;7.72e-10;4.87e-19;0.4852464;-0.09;2.52e-11;0.0122
0.5686571;0.6935849;0.0599;0.84705;0.0496;8.93e-10;1.9e-19;0.8081542;-0.0196;2.26e-11;-0.00167
0.5512142;0.7345292;0.0699;1.3056196;0.0513;5.1e-10;1.45e-19;1.1733329;-0.0553;4.75e-12;-0.00677
0.6264982;0.7482427;0.0677;1.0843349;0.0591;1.1e-09;1.28e-19;0.6828064;0.059;6.14e-12;-5.55e-05
0.6780828;0.6693119;0.0476;1.0675495;0.0595;6.6e-10;5.87e-19;0.7881404;0.0754;2.84e-11;-0.0177
0.7157837;0.7538333;0.0723;1.0282078;0.0548;5.62e-10;3.07e-19;0.7717296;-0.0494;4.88e-11;0.0159
0.646532;0.7923618;0.0445;1.3527533;0.0566;7.17e-10;4.11e-19;0.5639637;0.0751;7.16e-12;0.0129
0.7210082;0.6002032;0.0428;0.9893343;0.0486;5.02e-10;4.94e-19;0.4166149;-0.0245;2.27e-12;0.00403
0.713035;0.7718751;0.0638;0.6301646;0.0615;4.67e-10;5.69e-19;0.7096343;-0.0497;5.61e-12;-0.0129
0.5950066;0.7311576;0.0785;1.109352;0.0507;6.93e-10;3.56e-19;0.6874931;0.0803;7.27e-12;-0.00786
0.6275345;0.6009521;0.0423;0.9147504;0.0583;7.21e-10;8.08e-19;0.8342034;0.025;7.07e-12;0.00774
0.7342776;0.7894922;0.0409;0.6770915;0.0489;5.15e-10;1.42e-18;0.5127992;0.0784;1.57e-11;-0.018
0.7057269;0.7496371;0.0672;1.3848109;0.049;1.03e-09;3.6e-19;0.4491781;0.0982;3.85e-12;0.00783
0.7325033;0.7822204;0.0623;1.2582549;0.0463;1.03e-09;6.92e-19;0.9163073;0.083;1.27e-11;-0.0104
0.6098962;0.6827189;0.07;1.163465;0.0452;5.56e-10;5.96e-19;0.7371747;-0.099;6.57e-12;-0.00837
0.5771819;0.7527056;0.0672;1.0659385;0.0546;6.31e-10;1.67e-19;1.1368276;-0.0394;8.83e-12;0.0174
0.7430308;0.7757199;0.0496;0.7603695;0.049;7.9e-10;2.61e-19;0.4305393;0.0568;1.28e-11;0.0083
0.6409029;0.7937566;0.0676;0.6257998;0.0618;9.46e-10;2.29e-19;0.8044963;-0.0374;6.83e-12;-0.0133
0.5777867;0.6804799;0.054;1.0181555;0.061;5.63e-10;1.59e-19;0.7226466;-0.0875;2.2e-12;-0.00963
0.7228349;0.6534323;0.0745;0.6917249;0.0593;1.1e-09;1.57e-18;1.0357357;0.0763;1.75e-11;-0.00445
0.6587044;0.7515044;0.0679;0.6590141;0.0399;5.38e-10;3.63e-19;0.9497721;0.0366;9.27e-12;0.00783
0.5729231;0.7100675;0.0724;0.6898712;0.0518;8.82e-10;1.08e-18;0.6722561;-0.0223;1.27e-11;-0.0129
0.701578;0.7979028;0.042;0.6506979;0.041;8.94e-10;2.04e-19;0.7715815;-0.0702;1.18e-11;-0.016
0.7180331;0.7134218;0.061;1.2368418;0.0423;4.69e-10;2.27e-19;0.7815404;0.0138;2.43e-12;-0.018
0.6865352;0.6985508;0.0738;0.9349553;0.0607;4.97e-10;7.72e-19;0.5915851;-0.0577;1.31e-11;0.00899
0.5975558;0.6378102;0.0604;1.2200732;0.0467;4.52e-10;2.6e-19;0.5024017;-0.0213;1.45e-11;0.0116
0.6699518;0.7781488;0.0538;0.6745169;0.0453;8.61e-10;1.4e-18;0.4100533;0.0812;1.44e-11;-0.0155
0.6332062;0.6169281;0.078;1.08994;0.0433;4.78e-10;1.74e-19;0.6171699;0.000821;7.46e-12;0.0183
0.717167;0.6729798;0.0668;0.7398903;0.058;7.18e-10;1.59e-19;0.8253043;0.0237;2.16e-11;0.0176
0.6210861;0.7190356;0.0558;0.8519652;0.0429;7.53e-10;4.42e-19;0.5824775;0.0342;9.74e-12;-0.0188
0.6357478;0.6038202;0.0531;1.0042793;0.049;6.96e-10;1.64e-19;0.9849415;0.0729;3.19e-12;0.00257
0.5565826;0.6589898;0.0755;0.6402026;0.0486;6.04e-10;2.82e-19;0.7387116;0.0179;1.77e-11;0.00398
0.7292093;0.6817377;0.0608;0.9420462;0.0445;5.85e-10;1.8e-19;0.5969075;0.0213;3.89e-12;-0.00877
0.7482415;0.643164;0.0362;1.3247797;0.0438;6.38e-10;3.95e-19;0.4254652;-0.0129;1.73e-11;0.0128
0.6715714;0.7928595;0.0544;0.8972864;0.059;5.08e-10;1.16e-18;1.0950001;-0.0999;4.41e-11;-0.00437
0.6960104;0.6164565;0.0797;0.6407751;0.0534;8.56e-10;7.61e-19;0.4883168;0.00524;1.61e-11;0.0119
0.7225674;0.7139248;0.0793;0.8497574;0.0513;7.6e-10;1.2e-18;1.1438563;-0.0434;2.68e-11;-0.0186
0.6262626;0.6008616;0.0688;1.0642996;0.0498;5.95e-10;2.74e-19;0.4727084;0.0222;3.61e-11;-0.00179
0.619946;0.6320267;0.0336;1.2092631;0.0534;7.43e-10;1.89e-19;0.7515766;-0.000588;6.33e-12;-0.00665
0.6624465;0.7328189;0.039;1.3456833;0.048;9.32e-10;8.12e-19;0.9580565;-0.0566;6.44e-12;-0.00313
0.7359911;0.6873842;0.0452;1.1247152;0.0519;4.81e-10;1.19e-18;0.9337998;-0.0115;5.91e-12;-0.00506
0.728714;0.7290053;0.0396;1.1961927;0.0538;8.7e-10;6.53e-19;0.7458326;-0.0859;6.82e-12;0.00876
0.5858764;0.668647;0.058;1.1798365;0.0491;4.46e-10;8.34e-19;1.0280505;-0.0379;3.03e-11;0.0107
0.5945619;0.7162587;0.037;0.7541836;0.0524;4.99e-10;1.03e-18;0.8712974;-0.0039;4.77e-12;0.0162
0.7100873;0.7351875;0.0572;1.2353306;0.0552;7.6e-10;6.85e-19;0.8890303;0.0784;1.91e-11;-0.0137
0.607359;0.7694025;0.0546;1.2034158;0.0454;1.1e-09;1.22e-19;0.9572922;-0.0541;1.17e-11;0.0175
0.7142988;0.6325982;0.0543;1.1639456;0.0618;9.98e-10;7.74e-19;1.0398325;0.0601;5.18e-12;-0.016
0.5657934;0.790549;0.0574;0.7181167;0.0583;7.4e-10;1.99e-19;0.4991372;0.0501;6.93e-12;-0.0017
0.6015685;0.6731293;0.0759;0.7775656;0.06;7.22e-10;8.67e-19;0.6254193;-0.0953;6.05e-12;0.0113
0.5909586;0.7349401;0.0614;0.9575384;0.0542;1.05e-09;2.4e-19;0.4339178;-0.0256;1.74e-11;-0.0108
0.6476544;0.6045136;0.0464;1.2175832;0.0442;7.81e-10;2.34e-19;0.9690652;-0.0776;7.57e-12;0.0191
0.5619748;0.6733843;0.0642;1.2743329;0.0434;9.31e-10;1.87e-19;0.5389347;-0.0596;2.74e-12;-0.00995
0.6556543;0.7444519;0.055;0.9385955;0.0454;7.58e-10;2.02e-19;1.0895427;-0.0813;1.36e-11;-0.00517
0.5654512;0.6968189;0.0619;1.3720307;0.0513;6.17e-10;2.66e-19;0.4192845;-0.00722;2.68e-11;0.0043
0.7176633;0.7924184;0.0782;0.7483794;0.0497;9.31e-10;2.1e-19;0.6223186;-0.04;1.26e-11;-0.0114
0.6395583;0.6491217;0.0712;1.0466126;0.0496;5.82e-10;1.89e-19;0.8321184;0.0477;2.66e-12;0.0178
0.6897492;0.6061885;0.0337;1.1218871;0.0552;5.76e-10;1.1e-18;0.8706848;0.0242;4.11e-11;-0.00373
0.626399;0.6979574;0.0797;1.2842025;0.041;7.75e-10;1.25e-18;0.9424375;-0.0254;2.94e-11;-0.0117
0.6883853;0.730733;0.0348;0.7986994;0.0529;6.54e-10;8.86e-19;0.8425982;0.0833;7.36e-12;0.000922
0.5616067;0.7432787;0.0538;0.7336647;0.0487;9.58e-10;2.36e-19;0.9570485;-0.0623;2.73e-12;-0.00469
0.5935684;0.6978286;0.0564;1.2882138;0.0573;5.97e-10;5.09e-19;0.625997;-0.0723;3.09e-12;0.0151
0.6879524;0.6587614;0.0719;0.7321091;0.0439;1.06e-09;1.47e-18;0.5215907;0.0364;6.11e-12;-0.0197
0.6517974;0.6707731;0.0728;1.2146453;0.041;4.73e-10;2.29e-19;0.5442001;0.0764;1.55e-11;-0.0178
0.6500512;0.6119453;0.0614;0.6588419;0.0435;9.83e-10;3e-19;1.0526215;0.0952;7.52e-12;0.0198
0.5867726;0.660979;0.0304;0.8897616;0.0443;5.08e-10;1.58e-19;0.4343072;0.0512;1.69e-11;-0.00724
0.6722935;0.6245421;0.0521;1.1571844;0.0518;6.99e-10;1.68e-19;0.6273323;-0.0474;2.54e-11;-0.0176
0.7049218;0.7820073;0.0312;1.1566582;0.0431;5.97e-10;2.56e-19;1.0234832;-0.0872;5.06e-12;-0.0125
0.6898161;0.62539;0.0648;0.8745614;0.0588;4.57e-10;2.14e-19;0.770979;0.0755;5.15e-12;-0.00557
0.6164975;0.7852615;0.0751;0.7283991;0.047;8.01e-10;9.38e-19;0.5793277;0.014;4e-12;0.015
0.6869651;0.6601035;0.0544;0.9740308;0.0445;8.15e-10;4.94e-19;1.0742819;-0.0496;5.18e-12;-0.0106
0.7443932;0.6754043;0.074;1.0594811;0.0464;4.58e-10;1.88e-19;0.5304023;-0.08;4.71e-12;-0.0178
0.7145896;0.6577183;0.0384;1.2501469;0.0402;1.11e-09;1.27e-19;0.9784064;-0.0147;1.33e-11;-0.0161
0.7155377;0.7059053;0.0387;0.879751;0.0552;7.58e-10;5.68e-19;0.4605518;-0.0688;3.02e-11;-0.00266
0.6833826;0.6691437;0.0692;0.6190101;0.0604;1.09e-09;3.04e-19;0.6354254;0.08;8.81e-12;0.000825
0.6774424;0.7434504;0.0445;0.898314;0.0592;4.94e-10;2.53e-19;0.9980943;0.0628;8.38e-12;0.0155
0.7053811;0.6683522;0.0726;1.0768663;0.0489;6.19e-10;3.15e-19;0.8956264;0.0684;2.5e-11;-0.0126
0.7196245;0.7897415;0.0448;0.6842805;0.0485;7.66e-10;1.19e-19;0.6770884;-0.0718;4.3e-11;0.00249
0.5533353;0.6537249;0.0419;0.6764675;0.0406;6.78e-10;1.19e-19;0.8859598;-0.0086;1.3e-11;0.00426
0.6637161;0.7269928;0.0765;1.26627;0.0433;8.72e-10;8.46e-19;0.916308;-0.0748;5.26e-12;-0.0102
0.5813913;0.7108937;0.0328;1.3160262;0.053;4.74e-10;2.62e-19;0.93383;0.0547;2.07e-12;0.0188
0.5538254;0.6056874;0.0473;1.3796724;0.0593;5.5e-10;2.28e-19;1.0240365;-0.0144;2.39e-11;0.00307
0.638661;0.6919274;0.036;1.1418378;0.0457;5.29e-10;1.5e-19;0.7094786;-0.0375;3.35e-12;0.015
0.6468814;0.6576783;0.0775;0.9605648;0.0556;5.78e-10;8.92e-19;0.6849195;-0.0928;1.3e-11;-0.0175
0.6269563;0.6505998;0.0707;0.9491275;0.0625;7e-10;7.69e-19;1.0151172;0.0972;3.02e-12;0.0144
0.7425883;0.7536383;0.0467;0.988013;0.0534;7.62e-10;1.11e-19;0.5635897;0.0616;8.95e-12;0.0065
0.6045509;0.6699402;0.0321;0.7260556;0.0492;6.13e-10;5.21e-19;0.5530833;-0.0552;7.53e-12;-0.0033
0.5920021;0.6267401;0.0375;1.3139772;0.0481;6.4e-10;4.83e-19;0.8226407;-0.0266;1.92e-11;-0.00762
0.7018427;0.6947959;0.0622;1.0078444;0.0571;4.7e-10;1.07e-19;0.8939899;-0.0775;2.36e-11;-0.0173
0.5808175;0.6886982;0.0749;1.2836584;0.0554;9.82e-10;8.86e-19;0.8440167;0.0519;7.45e-12;-0.0147
0.603175;0.7208943;0.0687;0.6616127;0.0447;9.65e-10;2.68e-19;0.8077104;0.00852;6.39e-12;0.0151
0.5979962;0.7421184;0.0363;1.1242253;0.0493;5.06e-10;3.42e-19;1.0863905;-0.0319;3.14e-11;-0.000698
0.6826266;0.6920577;0.0384;1.3237839;0.0613;7.09e-10;2.76e-19;0.4196635;0.0611;2.3e-11;0.0023
0.7218924;0.7737908;0.0339;0.7142884;0.0421;4.96e-10;1.29e-19;0.8948297;-0.0635;8.35e-12;-0.00524
0.6868683;0.7918631;0.0686;0.9751522;0.0449;7.59e-10;6.54e-19;0.6980003;-0.0284;5.96e-12;0.00536
0.6010627;0.6759303;0.0355;1.3767672;0.0528;9.12e-10;9.58e-19;0.8425049;0.0242;3.07e-12;-0.000346
0.6406443;0.7248071;0.031;0.9493433;0.0495;6.02e-10;8.45e-19;0.7799562;-0.0786;2.66e-12;0.0186
0.5980134;0.7801232;0.0649;0.778521;0.0452;7.7e-10;1.69e-19;0.8915679;-0.0521;5.36e-12;0.00653
0.6758515;0.6104508;0.0444;0.9248519;0.0577;6.98e-10;1.91e-19;1.0229747;0.0356;4.07e-11;-0.0188
0.6326181;0.6559567;0.0758;0.927133;0.05;9.39e-10;2.14e-19;1.0777363;0.0469;7.56e-12;-0.00706
0.7092101;0.7506118;0.0698;0.8788472;0.0588;1.1e-09;4.57e-19;0.7934807;-0.0893;4.77e-12;0.00183
0.6887076;0.7014873;0.0428;0.6267235;0.0436;6.39e-10;1.43e-18;1.000523;0.00681;2.26e-11;-0.0129
0.6664132;0.6884486;0.0703;1.2304693;0.0534;9.45e-10;5.62e-19;0.633745;-0.00252;7.67e-12;0.00134
0.6677095;0.7598469;0.0579;1.0375061;0.0462;8.75e-10;5.25e-19;1.1209671;-0.0953;3.79e-12;0.0188
0.6142365;0.6848827;0.0434;1.3499601;0.0549;1.1e-09;1.28e-18;1.0943437;0.0751;1.98e-11;-0.0121
0.6871229;0.6878167;0.0504;1.3068706;0.062;7.38e-10;1.17e-19;1.1471921;0.0337;2.97e-11;0.00998
0.5989897;0.6122763;0.0693;0.9584128;0.0414;1.07e-09;9.04e-19;0.5665813;-0.0236;2.57e-12;0.0122
0.7387427;0.6247446;0.0463;1.0857493;0.051;8.96e-10;1.22e-18;1.1630902;0.0274;4.17e-12;0.0156
0.6708296;0.6786497;0.0536;0.8129325;0.0605;8.8e-10;3.27e-19;0.7860023;0.0456;1.4e-11;-0.00322
0.6054111;0.6766784;0.049;0.983822;0.0399;8.9e-10;1.45e-18;0.9548091;-0.00142;1.44e-11;-0.0156
0.6281114;0.7174085;0.0734;0.7335701;0.0589;1.01e-09;2.12e-19;0.9157936;0.0919;6.03e-12;-0.00141
0.68621;0.772966;0.0689;1.1102613;0.0617;4.47e-10;9.82e-19;0.4315629;0.0813;7.78e-12;0.000432
0.6844323;0.7400217;0.0552;1.2833852;0.047;9.47e-10;6.83e-19;1.0195984;0.00484;6.63e-12;0.0146
0.7401304;0.6843356;0.0489;0.6736111;0.0458;5.35e-10;4.45e-19;0.4014742;-0.0339;3.98e-11;-0.00263
0.6979973;0.7392103;0.0312;1.0110242;0.0531;9.86e-10;2.47e-19;1.0205691;0.0215;9.19e-12;-0.00932
0.5727186;0.7857926;0.0705;1.3151801;0.0525;4.86e-10;1.31e-19;0.9817497;-0.0743;7.59e-12;-0.00943
0.5509612;0.7946682;0.072;1.1113671;0.0434;7.29e-10;1.47e-18;0.4679804;0.0995;4.01e-11;0.0121
0.668166;0.7023469;0.0759;1.3424315;0.0423;1.04e-09;5.64e-19;1.1305841;0.0522;7.57e-12;0.00264
0.7461357;0.7489574;0.0666;1.031174;0.0617;8.65e-10;2.66e-19;0.9652563;-0.0568;5.82e-12;-0.00796
0.6570012;0.7257435;0.0741;1.2261338;0.0414;1.06e-09;5.08e-19;0.6664132;0.0675;2.16e-11;-0.012
0.690081;0.6554577;0.0507;0.9965929;0.0507;4.48e-10;7.72e-19;0.5720272;-0.0456;8.89e-12;-0.00708
0.6088379;0.7218077;0.031;1.228055;0.0595;6.98e-10;1.63e-19;0.6659123;-0.0361;5.34e-12;0.00913
0.7308829;0.7503871;0.0619;0.644524;0.0605;4.69e-10;1.09e-18;1.1520935;0.0806;2.76e-11;-0.0104
0.5933462;0.6098221;0.0775;1.3352771;0.0528;5.2e-10;1.28e-18;0.8996578;-0.0462;3.63e-11;0.0121
0.6349997;0.6643447;0.0788;0.968757;0.0559;1.09e-09;1.53e-18;1.069233;0.0171;9.49e-12;-0.0137
0.6085295;0.7038466;0.0673;0.6101988;0.0433;7.32e-10;1.15e-19;0.4501915;-0.0459;4.9e-11;-0.012
0.5829235;0.704288;0.0631;0.7289733;0.0479;6.93e-10;2.05e-19;0.7810888;0.0831;5.29e-12;0.00665
0.6106489;0.7177853;0.0444;0.8999516;0.0558;5.06e-10;5.09e-19;0.625741;-0.0644;3.98e-12;-0.00878
0.6518155;0.7972479;0.054;0.943195;0.0601;5.84e-10;1.73e-19;0.4450014;0.0865;2.68e-12;0.00839
0.6909398;0.609945;0.0314;0.8875289;0.0618;9.92e-10;1.16e-19;0.7832192;-0.00028;2.07e-11;-0.018
0.6056516;0.6895284;0.0603;0.9262807;0.051;8.25e-10;7.99e-19;0.821323;0.0785;5.34e-12;0.00697
0.6865665;0.6672243;0.0634;0.8859614;0.0576;9.5e-10;1.35e-18;0.5975165;0.0874;3.9e-12;-0.0115
0.6700107;0.7923932;0.0754;0.8113191;0.0418;1.07e-09;4.43e-19;1.1987841;0.00488;2.55e-12;0.0129
0.5641163;0.6026959;0.0351;1.2949463;0.0408;1.02e-09;7.13e-19;0.5410609;0.0856;2.6e-12;-0.0102
0.5785652;0.6700118;0.0366;1.043329;0.042;8.55e-10;2.98e-19;0.6956807;0.0772;1.47e-11;0.00232
0.7053298;0.7421009;0.0751;1.0709445;0.0563;5.13e-10;3.34e-19;0.5823346;-0.0157;3.97e-11;0.0111
0.7317725;0.6894917;0.0379;0.9436856;0.0467;6.78e-10;2.19e-19;0.4984193;-0.0184;3.45e-11;0.0178
0.6560926;0.6618715;0.066;1.1501373;0.0496;7.92e-10;6.03e-19;0.4548915;0.0923;1.69e-11;-0.00843
0.7168064;0.6003113;0.0467;0.8871064;0.0537;4.67e-10;1.12e-18;1.0706012;0.074;4.99e-11;0.015
0.6186066;0.7076203;0.0758;0.7243369;0.049;9.3e-10;2.33e-19;0.5584289;0.0684;2.83e-11;0.0193
0.5737392;0.6935507;0.0783;0.6256139;0.0581;9.35e-10;9.22e-19;0.4757634;0.0861;2.97e-12;-0.0107
0.6698313;0.7454011;0.0687;1.1125625;0.0542;7.36e-10;3.65e-19;0.7716941;0.0803;2.13e-12;0.0147
0.6938699;0.7831548;0.0797;0.9319612;0.0447;1.05e-09;7.03e-19;0.4247759;0.00131;6.76e-12;0.0048
0.7013095;0.771649;0.0641;0.7406126;0.0579;8.16e-10;2.71e-19;0.8402031;-0.074;2.91e-12;0.00975
0.5548546;0.6816817;0.0471;0.9869173;0.0485;6.05e-10;1.15e-18;0.9475456;0.0321;4.55e-12;-0.00934
0.7008288;0.672672;0.0317;0.613675;0.0605;5.99e-10;3.48e-19;1.0566587;-0.00838;9.45e-12;-0.0113
0.559174;0.6435885;0.0486;1.17068;0.057;8.82e-10;1.39e-18;0.9770977;-0.0853;5.42e-12;0.00303
0.6959873;0.6895143;0.0568;0.8489835;0.0434;5.51e-10;5.36e-19;1.0602545;0.0987;8.68e-12;0.00781
0.7171053;0.6095671;0.0338;0.6146437;0.0536;9.12e-10;9.1e-19;1.0397252;0.0864;9.04e-12;-0.013
0.5686171;0.6795711;0.0301;0.8805006;0.0498;6.28e-10;1.66e-19;0.8793517;-0.0101;8.89e-12;0.00829
0.6805896;0.7824742;0.0693;1.0357493;0.05;5.55e-10;1.61e-19;0.774244;-0.0276;2.66e-11;0.00978
0.6879415;0.6226195;0.0722;0.8476222;0.055;8.44e-10;1.22e-18;0.6950832;0.0456;1.66e-11;-0.0048
0.6548206;0.6699489;0.0749;1.0880438;0.0473;6.87e-10;3.11e-19;0.5571399;-0.014;4.45e-12;-0.00974
0.6031503;0.615614;0.0507;0.7015774;0.06;5.09e-10;3.77e-19;0.5907868;0.096;1.44e-11;-0.0172
0.7112266;0.6169935;0.0653;1.2892216;0.0465;5.16e-10;4.16e-19;1.037639;0.0727;5.72e-12;0.00961
0.5927431;0.6443747;0.064;1.253613;0.0491;1.09e-09;1.7e-19;0.9396994;-0.0452;5.48e-12;-0.0163
0.5542279;0.683992;0.0546;0.9922198;0.0442;9.58e-10;1.48e-19;0.7338288;-0.0267;2.02e-12;-0.00435
0.6165116;0.6707947;0.0749;1.0236053;0.0553;6.08e-10;1.02e-18;1.0412643;0.0834;1.23e-11;-0.000504
0.5894637;0.7736221;0.0787;1.3086702;0.05;4.65e-10;2.88e-19;0.4704465;0.017;4.12e-11;-0.0184
0.6441604;0.6296947;0.0523;0.6800748;0.0508;7.29e-10;5.95e-19;1.1507454;0.082;3.99e-12;0.00525
0.5910085;0.7124714;0.0557;1.1039497;0.0594;7.12e-10;1.15e-18;0.9485546;0.0198;6.74e-12;0.00866
0.733773;0.6899807;0.0655;1.022076;0.059;1.04e-09;1.43e-19;1.1996216;-0.0692;3.58e-11;0.015
0.7430482;0.6674427;0.0434;1.2730042;0.0621;4.53e-10;1.44e-19;0.9380679;0.0575;1.65e-11;-0.017
0.6883349;0.7608142;0.0588;0.8477622;0.0475;9e-10;1.16e-19;1.0150028;-0.0107;4.7e-12;0.0132
0.7059831;0.6551032;0.0385;1.0771489;0.0398;6.92e-10;6.01e-19;0.6351484;0.0452;2.66e-12;0.00649
0.691534;0.7548724;0.0526;1.2578671;0.0588;6.48e-10;5.12e-19;0.5642512;-0.0177;2.11e-11;0.0125
0.5534948;0.6293249;0.0412;0.7966293;0.0458;5.41e-10;1.25e-18;0.4196188;-0.0515;2.4e-12;-0.0147
0.6401202;0.7697168;0.0401;1.212981;0.0402;9.66e-10;8.1e-19;1.0999177;0.0567;3.97e-12;-0.0165
0.739208;0.7029551;0.0333;0.6606;0.0496;5.3e-10;1.03e-19;0.6829808;0.0921;1.7e-11;0.00506
0.6774607;0.7348401;0.0371;0.9839938;0.0527;5.22e-10;1.43e-19;1.0065658;0.00359;4.36e-12;0.02
0.694193;0.7762062;0.0553;1.0615531;0.0571;6.58e-10;1.66e-19;1.187748;0.0832;5.18e-12;-0.00649
0.7079584;0.6801664;0.0371;1.2222604;0.0439;1.08e-09;1.35e-19;0.469272;0.0685;1.06e-11;-0.0138
0.7339095;0.6608389;0.0366;1.0304961;0.0547;6.9e-10;1.22e-19;0.580609;0.0617;3.17e-11;-0.0194
0.6146335;0.7908507;0.0552;0.8851473;0.045;8.43e-10;7.71e-19;1.1090156;-0.0133;1.07e-11;0.000934
0.6685556;0.6537681;0.0689;0.6920827;0.0469;9.31e-10;2.53e-19;0.698796;0.0725;4.1e-12;-0.00436
0.5565428;0.7464987;0.0611;1.3956512;0.0489;4.67e-10;1.15e-18;1.1208998;0.089;1.64e-11;0.00479
0.6089496;0.6057947;0.0457;0.7047621;0.0526;5.58e-10;6.11e-19;1.0256336;-0.0546;4.03e-12;-0.011
0.739428;0.6504506;0.0501;0.8595453;0.0469;8.3e-10;2.85e-19;0.9669227;-0.0549;6.92e-12;-0.00793
0.6924253;0.608428;0.0777;1.1961153;0.0463;4.96e-10;1.11e-19;0.5272902;-0.0293;3.12e-11;-0.00284
0.5989991;0.7084371;0.0637;1.3368937;0.0515;6.4e-10;3.38e-19;0.9527733;-0.0159;7.11e-12;0.00378
0.5609252;0.694655;0.0584;1.0008593;0.0557;9.32e-10;1.04e-19;0.9739054;0.0753;4.29e-11;-0.00718
0.6646214;0.6498017;0.0675;1.2008518;0.0409;9.08e-10;1.52e-19;0.9884718;-0.0168;2.76e-11;0.00656
0.6204031;0.7693942;0.0416;0.7474204;0.0409;5.13e-10;7.95e-19;0.6853075;-0.0724;3.74e-11;-0.00268
0.6994768;0.6382401;0.0542;1.2732685;0.0463;5.04e-10;1.46e-18;0.4574731;0.0564;6.08e-12;0.011
0.6805798;0.760495;0.0488;1.2881261;0.0416;8.08e-10;5.22e-19;0.9811467;-0.0742;2.91e-11;-0.0149
0.7124484;0.7097897;0.0591;1.3011082;0.0465;7.24e-10;2.13e-19;0.9422877;-0.0347;3.18e-11;-0.0151
0.5589856;0.6618284;0.0749;1.2294596;0.042;5.2e-10;9.41e-19;0.7248111;0.0307;3.56e-12;-0.0142
0.6575928;0.7350896;0.0747;0.6132783;0.0514;8.79e-10;5.13e-19;1.1600102;0.0408;5.94e-12;-0.0123
0.6031594;0.7425171;0.0373;0.9713695;0.0401;6.47e-10;3.17e-19;0.4928943;0.0736;6.56e-12;-0.00149
0.683445;0.7062969;0.0712;1.3589242;0.0539;7.99e-10;1.93e-19;0.5713732;-0.0686;3.11e-12;0.00997
0.5815108;0.7643579;0.0733;0.6753604;0.0418;1.07e-09;1.59e-19;0.4279839;0.0108;5.66e-12;0.0156
0.6975795;0.7382626;0.0648;1.0627966;0.0562;7.17e-10;4.29e-19;0.9121234;0.0998;4.09e-12;0.00612
0.6224362;0.768551;0.0406;0.6835246;0.0544;1.03e-09;2.56e-19;0.9842197;0.0875;8.29e-12;-0.0109
0.7238332;0.6258122;0.0333;1.359899;0.0412;9.23e-10;2.7e-19;0.548274;0.00739;3.08e-12;-0.00779
0.6135946;0.7546207;0.0355;0.8977962;0.05;4.85e-10;2.37e-19;0.7828709;-0.0718;4.46e-11;-0.0107
0.7383513;0.6208358;0.065;0.7773614;0.0446;7.27e-10;4.71e-19;0.5706209;0.0495;3.67e-12;-0.0104
0.6664587;0.7533867;0.0554;0.6413297;0.0506;1.03e-09;6.17e-19;1.1985496;-0.0228;1.28e-11;-0.00757
0.580872;0.7406514;0.0567;1.3720325;0.0451;7.04e-10;4.52e-19;0.4855921;-0.0781;1.47e-11;0.019
0.5866057;0.715115;0.073;0.9419085;0.0605;1.1e-09;1.15e-18;0.9429813;0.0848;5.8e-12;-0.000925
0.6680737;0.6052092;0.0479;0.7958782;0.0429;7.27e-10;7.78e-19;1.0204169;-0.0537;1.26e-11;0.00364
0.6177647;0.7063587;0.0388;1.2113982;0.0591;5.77e-10;2.32e-19;0.8515713;0.0176;3.96e-12;0.0175
0.6197324;0.6165558;0.0705;1.254744;0.0501;5.51e-10;2.72e-19;0.9526937;0.0786;1.02e-11;0.00662
0.6972089;0.7200807;0.065;0.6953981;0.0458;8.33e-10;1.08e-18;1.0808166;0.00245;3.94e-12;0.00172
0.554522;0.6530919;0.0494;0.9682874;0.0469;7.24e-10;1.05e-18;0.5391404;0.0697;1.3e-11;0.0149
0.7478667;0.6770555;0.0311;1.2293159;0.047;5.86e-10;3.79e-19;0.5071174;-0.0319;2.83e-12;0.00925
0.5797094;0.7800324;0.0511;0.8975496;0.056;5.26e-10;6.89e-19;1.1239246;-0.0563;7.22e-12;-0.0138
0.7240823;0.7079219;0.0307;1.1731244;0.0557;7.65e-10;4.6e-19;0.5241336;-0.0837;1.89e-11;-0.00056
0.6430755;0.6843605;0.0667;1.3363189;0.0424;6.46e-10;4.52e-19;0.7284035;-0.0385;1.99e-11;0.0165
0.6295448;0.7360081;0.0763;0.9068563;0.0428;5.48e-10;1.77e-19;0.6000912;-0.0878;1.21e-11;0.0102
0.5850655;0.6800149;0.0557;0.8737887;0.0424;7.12e-10;2.17e-19;0.9219961;0.0419;1.89e-11;0.00437
0.7411626;0.6908924;0.0747;1.3647196;0.0569;5.16e-10;4.59e-19;0.5664761;0.0691;1.23e-11;0.000499
0.6909229;0.6681067;0.0494;0.9557488;0.0492;6.42e-10;7.23e-19;1.113515;0.0718;2.79e-11;-0.00661
0.5518029;0.6536033;0.0513;0.8252201;0.0474;1.03e-09;1.2e-18;0.4982014;0.0663;4.38e-12;0.0165
0.7385466;0.7964873;0.0799;1.1046237;0.0553;5.34e-10;1.89e-19;0.586935;0.0264;4e-12;0.00285
0.5762834;0.6531456;0.0606;0.9976186;0.041;1.02e-09;2.79e-19;0.7618471;0.0172;6.9e-12;0.00681
0.6033533;0.7177483;0.0538;1.0554152;0.0471;4.44e-10;1.23e-18;0.5138141;0.0331;3.01e-12;0.0194
0.710274;0.7120412;0.0395;1.3771322;0.0595;1.06e-09;1.56e-18;0.7472759;-0.0444;1.25e-11;-0.0131
0.5543432;0.6717395;0.0462;0.9972152;0.0453;7.34e-10;1.39e-18;0.619713;0.0173;5.01e-12;-0.0101
0.6824321;0.6492499;0.0642;1.0281392;0.0568;5.04e-10;5.91e-19;0.5850716;0.0706;2.2e-11;-0.0111
0.7374257;0.7163411;0.0623;1.3020887;0.0474;9.43e-10;1.78e-19;1.0328331;-0.0571;3.9e-11;0.00908
0.5704719;0.6579769;0.0698;1.1813811;0.0596;1.04e-09;1.18e-18;1.0342721;-0.0458;2.06e-12;0.00676
0.6822914;0.6540586;0.0598;0.9944762;0.0431;6.1e-10;2.13e-19;0.8773655;0.0942;8.4e-12;-0.0184
0.7406494;0.7124636;0.069;1.31364;0.0458;9.98e-10;1.69e-19;0.4186614;0.0788;2.1e-11;-0.0136
0.6278955;0.701141;0.0591;1.1425596;0.0488;7.79e-10;6.14e-19;0.6293737;-0.0275;9.95e-12;-0.0126
0.6620266;0.7766997;0.0686;1.1712661;0.0412;6.69e-10;1.55e-18;0.5528704;-0.0243;1.6e-11;0.00417
0.7171572;0.6569436;0.0448;1.188438;0.0495;4.73e-10;6.43e-19;1.1983042;0.0573;2.09e-11;-0.00647
0.6286121;0.6450143;0.0719;0.9974714;0.0446;6.34e-10;2.2e-19;0.621228;-0.0325;2.06e-12;0.000414
0.6751855;0.7980309;0.0641;1.017155;0.0448;5.28e-10;2.41e-19;1.1448188;0.087;4.39e-11;-0.012
0.7414464;0.7945067;0.0517;1.1787289;0.0445;8.82e-10;8.73e-19;0.7148045;0.0535;7.66e-12;0.0123
0.5985997;0.6755638;0.0451;0.8362317;0.0491;5.09e-10;5.85e-19;0.5688961;0.0891;4.38e-12;0.00873
0.5516555;0.6079255;0.0426;1.2939045;0.0604;5.49e-10;1.2e-18;1.0940017;-0.0658;9.29e-12;-0.00482
0.5965052;0.6535245;0.0319;0.6552651;0.055;1e-09;2.61e-19;0.5626407;-0.029;1.34e-11;0.00999
0.6647441;0.6492609;0.0756;1.0026004;0.0553;8.98e-10;4.56e-19;0.4336663;0.0164;4.62e-11;0.00395
0.6845338;0.6116456;0.0746;0.6561371;0.041;4.91e-10;3.13e-19;0.7837857;-0.00518;7.8e-12;-0.0139
0.7301188;0.756012;0.0437;0.7294072;0.0549;6.17e-10;6.11e-19;0.4638983;0.0577;3.09e-11;-0.00318
0.6548024;0.7395928;0.067;0.8864857;0.0622;8.17e-10;1.62e-19;1.1984288;-0.0773;1.01e-11;-0.0171
0.6076087;0.7675713;0.0619;1.281278;0.0612;5.57e-10;4.27e-19;0.6658042;0.0162;2.03e-11;0.00754
0.6317163;0.6841929;0.0709;0.6112889;0.0509;5.23e-10;9.03e-19;0.4721197;-0.0409;8.44e-12;-0.00504
0.6347137;0.7357866;0.0661;1.1147861;0.0436;6.61e-10;1.7e-19;0.8905685;-0.0699;2.29e-11;0.0161
0.6111946;0.7713713;0.0682;1.2126677;0.053;1.05e-09;1.32e-19;0.8882395;-0.0747;5.85e-12;-0.0153
0.6666636;0.6474825;0.0384;1.2401263;0.0531;8.07e-10;9.43e-19;0.7511411;0.0115;3.65e-12;0.0151
0.6582559;0.7117862;0.0772;1.3530476;0.0605;5.39e-10;7.47e-19;1.1404296;-0.0643;2.13e-12;0.0102
0.6117556;0.6745907;0.0374;1.1854963;0.0419;8.38e-10;1.28e-18;0.8677481;0.00818;3.18e-12;-0.00883
0.7419198;0.6081032;0.0455;1.0495424;0.0589;5.52e-10;3.68e-19;0.4688813;0.0862;1.73e-11;0.0147
0.5588563;0.6490355;0.0698;0.6375783;0.0549;8.32e-10;8.72e-19;0.9435664;0.054;7.8e-12;0.0174
0.5545285;0.7669159;0.045;0.7978136;0.0518;6.96e-10;4.73e-19;0.5932464;-0.0465;2.86e-12;0.00893
0.6765733;0.6313367;0.0369;0.9732014;0.0579;6.61e-10;2.01e-19;0.9643129;0.03;1.35e-11;0.0129
0.6735458;0.7297708;0.0528;0.9312917;0.0567;9.7e-10;1.36e-18;0.7712537;-0.039;3.13e-12;0.0192
0.7264556;0.6189152;0.0574;1.0751;0.0424;6.92e-10;1.52e-18;0.9434357;-0.0578;1.47e-11;-0.00122
0.6328912;0.7463005;0.0344;1.2842101;0.0609;6.9e-10;1.49e-19;0.415893;0.0237;1.29e-11;-0.00288
0.6391048;0.6509957;0.0584;0.782215;0.0613;4.54e-10;1.16e-18;0.8926666;-0.0852;1.61e-11;-0.0151
0.7186554;0.6643257;0.0583;1.2699848;0.0422;4.67e-10;1.46e-18;1.0331717;0.0373;7.22e-12;0.0194
0.6792397;0.7787213;0.0547;0.8793209;0.0449;5.29e-10;1.97e-19;0.5457061;-0.0753;2.29e-12;-0.0164
0.6559419;0.6297247;0.0601;0.781368;0.0616;7.61e-10;7.66e-19;0.4961439;0.0798;1.11e-11;0.00531
0.5885796;0.7539524;0.0434;1.3892915;0.0556;8.87e-10;4.96e-19;0.7500451;-0.0306;2.53e-12;0.0161
0.7017853;0.6245069;0.0359;0.881284;0.054;6.78e-10;5.95e-19;0.8096706;-0.0645;2.46e-12;0.0139
0.5866907;0.7367556;0.0733;1.0121688;0.0418;8.13e-10;2.37e-19;0.7662147;0.0936;2.87e-12;0.00638
0.5633177;0.764966;0.0475;1.1762335;0.0434;7.97e-10;3.77e-19;0.8613849;0.0294;3.12e-12;0.00574
0.7435616;0.6986987;0.0439;0.6511271;0.0412;6.3e-10;2.4e-19;0.7875262;0.0592;3.68e-12;-0.0117
0.6914743;0.6313784;0.0341;0.908562;0.0403;5.08e-10;3.05e-19;0.6322969;-0.0379;7.56e-12;0.000705
0.6643557;0.6052559;0.0425;1.1457479;0.0406;7.5e-10;1.25e-19;0.8105257;0.0244;3.42e-11;-0.0145
0.6087472;0.6060969;0.0328;0.7783558;0.0408;1.1e-09;3.1e-19;0.8416912;0.0149;1.14e-11;0.00757
0.5949114;0.7287799;0.0619;0.6068629;0.0426;1e-09;3.85e-19;0.980474;0.00856;3.09e-11;-0.0149
0.5970034;0.656668;0.0462;0.9923664;0.0407;9.75e-10;5.85e-19;0.7535565;0.00509;3.37e-12;-0.0154
0.6130739;0.7674959;0.0645;0.7013828;0.0616;5.63e-10;1.58e-18;1.183624;0.0732;2.07e-11;-0.0059
0.6655045;0.7067944;0.076;0.6158202;0.054;6.84e-10;4.68e-19;0.6216017;-0.0655;1.25e-11;0.0132
0.56587;0.706896;0.0563;0.9714769;0.0466;7.47e-10;1.13e-19;0.4785258;0.0504;1.39e-11;0.0015
0.6869822;0.670091;0.0333;0.975477;0.0514;1.04e-09;1.08e-19;1.1761997;-0.0236;2.86e-12;0.00243
0.6167387;0.7254378;0.0706;0.8907168;0.0599;5.9e-10;3.01e-19;1.0649384;-0.0133;2.37e-12;0.003
0.5500554;0.7674141;0.0441;0.9086758;0.0529;7.49e-10;4.5e-19;0.4143315;-0.0127;3.31e-12;-0.0143
0.7068462;0.6699605;0.0541;0.7437283;0.0511;7.01e-10;1.34e-18;0.6941684;-0.0193;8.02e-12;0.000861
0.6649757;0.7241987;0.0722;1.2253566;0.0536;4.74e-10;2.11e-19;0.456579;0.0438;1.34e-11;-0.00623
0.5819851;0.6056571;0.0692;0.6298823;0.0454;5.6e-10;1.68e-19;0.9057038;0.0297;2.21e-11;0.0122
0.5919805;0.698753;0.0643;0.6147031;0.0604;6.06e-10;2.71e-19;0.5238511;0.0503;2.34e-12;-0.0133
0.6487646;0.6065107;0.0472;1.273699;0.0529;5.51e-10;1.12e-18;0.5201157;0.0213;7.68e-12;-0.0139
0.7227812;0.6513809;0.0583;0.8245988;0.0457;1.05e-09;1.07e-19;0.6809162;0.0572;4.77e-11;-0.0147
0.5712344;0.7605966;0.0457;0.7916195;0.0591;4.44e-10;4.53e-19;0.7809147;0.0914;1.84e-11;-0.00258
0.6981457;0.6866965;0.0744;0.7770526;0.0545;6.37e-10;3.23e-19;0.9852268;0.0393;1.01e-11;-0.0135
0.6322503;0.6906697;0.0798;1.0248026;0.0513;4.89e-10;2.55e-19;1.0336536;-0.0378;3.73e-12;0.00647
0.6328617;0.6301936;0.0325;1.0286803;0.0583;9.88e-10;1.42e-19;0.5679943;0.00143;3.16e-11;0.0157
0.710435;0.6078947;0.0641;1.1455696;0.057;9.32e-10;1.37e-18;0.8338393;0.0915;9.49e-12;-0.0102
0.6944844;0.677173;0.0697;0.9199052;0.0499;8.95e-10;1.04e-18;0.84647;-0.0614;3.72e-11;0.0125
0.7448688;0.7450864;0.0662;0.6713041;0.0414;4.93e-10;1.36e-18;0.5996864;-0.0716;1.04e-11;-0.00597
0.7369853;0.7157264;0.0626;0.7919117;0.0601;5.49e-10;6.69e-19;0.7535234;-0.043;3.81e-11;0.015
0.7057404;0.6588614;0.0695;0.8308676;0.0499;4.61e-10;1.61e-19;0.8474443;-0.0632;1.45e-11;0.0051
0.6718325;0.6334305;0.0699;1.154413;0.045;4.57e-10;1.61e-19;0.5229008;-0.00577;6.54e-12;-0.000866
0.6623877;0.7538706;0.0336;1.1374402;0.0445;6.45e-10;8.31e-19;1.076135;-0.0296;2.63e-12;-0.0146
0.6545367;0.6567781;0.0417;0.8875576;0.0429;6.61e-10;1.05e-18;0.8864651;0.0798;1.25e-11;0.0133
0.6084889;0.7346816;0.0673;1.2234938;0.0506;6.06e-10;2.15e-19;0.5922797;0.0837;4.82e-11;-0.0123
0.6999692;0.7133038;0.0567;0.9701944;0.0492;5.25e-10;5.52e-19;1.1332628;0.023;2.21e-12;0.0158
0.6704;0.6176807;0.0779;0.7548716;0.0607;8.19e-10;6.53e-19;0.9724113;-0.0117;8.81e-12;-0.0176
0.631889;0.6420266;0.0784;0.6135022;0.0483;7.92e-10;5.3e-19;0.5382225;-0.0409;3.96e-12;0.00545
0.6096825;0.6966606;0.0362;0.6197481;0.0474;5.47e-10;9.01e-19;0.8374347;0.0849;2.62e-12;-0.0118
0.644517;0.6384025;0.0714;0.7866669;0.045;7.16e-10;8.33e-19;1.1694273;0.0946;2.18e-12;-0.0149
0.7179712;0.698719;0.0376;1.3888245;0.0519;8.43e-10;3.58e-19;0.4825464;0.0421;2.94e-12;0.000192
0.6379169;0.7303888;0.0769;0.717396;0.0435;7.74e-10;6.58e-19;0.5914968;0.00453;2.63e-12;-0.00274
0.7245181;0.698239;0.0365;0.9534257;0.0544;7.93e-10;8.25e-19;1.1230382;0.0905;1.37e-11;0.012
0.7332528;0.7294822;0.0502;0.8457444;0.0461;1.07e-09;9.35e-19;0.7836648;-0.0383;6.75e-12;-0.0164
0.7075131;0.7383348;0.0647;0.8681343;0.0426;6.24e-10;2.29e-19;1.0705929;0.000223;4.1e-12;0.00628
0.7160742;0.6444781;0.0692;1.1392246;0.0585;1.09e-09;3.09e-19;1.0389109;0.0974;4.21e-11;0.0197
0.6500449;0.707368;0.0494;1.1534342;0.051;9.8e-10;4.28e-19;0.503098;-0.0415;4.06e-11;0.014
0.5669571;0.7287694;0.0755;0.8968582;0.0448;8.9e-10;1.17e-18;0.8673578;0.0261;2.49e-12;-0.0119
0.728155;0.6048594;0.066;0.6785354;0.0536;4.84e-10;1.47e-18;0.6386431;0.0107;8.99e-12;-0.00326
0.7088916;0.7248295;0.0403;0.9647565;0.0425;4.55e-10;4.5e-19;0.86214;0.0949;1.72e-11;0.0133
0.6120547;0.6778286;0.0436;1.0014915;0.0414;9.21e-10;3.06e-19;0.640034;-0.0311;2.33e-11;-0.00998
0.555243;0.6495532;0.0724;1.1710058;0.0491;5.56e-10;1.37e-19;0.4761627;0.0738;4e-12;0.00299
0.7285554;0.7101221;0.0323;1.3794699;0.0532;5.98e-10;5.7e-19;1.156573;0.0499;5.04e-12;-0.0024
0.6154521;0.7727117;0.0683;1.1460843;0.0578;1.06e-09;2.05e-19;0.9663361;0.0151;3.22e-11;0.000943
0.7285982;0.6838303;0.0683;1.3736292;0.0538;4.49e-10;1.82e-19;0.7484042;-0.0845;3.18e-11;-0.0122
0.6809411;0.7830496;0.0647;0.7259899;0.0483;5.58e-10;3.54e-19;0.8818813;0.0385;5.16e-12;0.0182
0.586212;0.7517606;0.0561;1.2442766;0.052;4.89e-10;8.93e-19;1.075746;-0.000342;2.68e-11;-0.0117
0.7473483;0.724121;0.0616;0.9504509;0.0619;5.4e-10;1.13e-19;0.6145749;-0.0171;3.09e-12;-0.00315
0.6060059;0.655376;0.059;0.945283;0.0454;5.62e-10;1.11e-19;0.8370207;-0.0589;5e-12;0.0118
0.6291655;0.6797875;0.0785;1.3265707;0.0415;7.15e-10;9.59e-19;0.4722966;-0.0239;4.18e-12;-0.0193
0.5600861;0.7977175;0.0425;1.322586;0.0439;9.57e-10;1.25e-18;0.4821;-0.0205;4.23e-12;0.0147
0.6058603;0.662426;0.0727;0.7629868;0.0547;4.78e-10;4.72e-19;1.0033212;0.0129;4.36e-12;-0.00509
0.6210973;0.6643166;0.0553;1.2421988;0.0478;6.29e-10;2.31e-19;0.9362866;0.0595;2.61e-11;0.00446
0.6768495;0.6333742;0.0727;0.709989;0.0434;8.48e-10;4.2e-19;1.0954237;-0.00965;3.9e-12;-0.0172
0.6900327;0.7072948;0.0786;0.9317243;0.0516;6.54e-10;1.47e-19;0.9834793;0.0209;2.15e-11;0.0106
0.5553297;0.781658;0.0336;0.9470632;0.0548;4.95e-10;2.63e-19;0.9129324;0.0295;7.57e-12;0.0122
0.7064994;0.7256951;0.0731;1.0993975;0.0558;5.93e-10;2.96e-19;0.86705;-0.0693;1.37e-11;0.0156
0.7236564;0.7765392;0.0649;1.3636216;0.0611;1.02e-09;1.43e-19;0.6804341;0.0846;3.16e-11;-0.0039
0.627591;0.6731999;0.0507;0.9120354;0.0406;8.78e-10;5.81e-19;1.1572462;-0.0554;2.97e-11;-0.0116
0.6527299;0.7164048;0.031;1.3495356;0.0544;4.73e-10;1.84e-19;1.0532176;-0.0739;1.62e-11;-0.000216
0.7271879;0.661208;0.0348;0.6016008;0.0518;1.09e-09;1.59e-18;1.1062266;0.0822;8.53e-12;-0.016
0.5548622;0.7669066;0.0307;1.0444005;0.0456;1.05e-09;1.47e-19;0.9069363;-0.0344;4.01e-12;-0.0147
0.6443839;0.6032718;0.0775;0.8597936;0.0588;6.37e-10;6.91e-19;0.65328;0.0707;5.34e-12;0.0108
0.66164;0.7231057;0.042;1.3028208;0.0541;1.08e-09;5.88e-19;0.5453926;-0.0322;4.14e-12;0.00466
0.6898865;0.7916357;0.0675;0.9711246;0.0553;1.07e-09;3.87e-19;1.0664454;0.0703;2.73e-12;0.0181
0.7185422;0.7213157;0.0466;0.8061099;0.0441;7.05e-10;2.4e-19;0.9833071;0.078;3.1e-12;-0.00538
0.7206862;0.6825915;0.0508;0.6053213;0.053;7.21e-10;3.79e-19;0.9879618;-0.0112;3.76e-11;-0.0182
0.7033673;0.7990106;0.0543;0.8000773;0.0417;5.77e-10;1.22e-19;0.8333912;0.0275;2.05e-11;-0.0176
0.6332479;0.6752193;0.0598;0.9320518;0.0425;7.81e-10;1.32e-19;0.6932143;-0.0317;6.76e-12;0.0162
0.6538254;0.791262;0.0648;1.0170115;0.0465;5.68e-10;1.27e-18;0.9732435;-0.0155;1.35e-11;0.00831
0.7192664;0.6734014;0.0547;0.8155194;0.0544;5.01e-10;5.94e-19;0.6851493;0.0171;1.1e-11;-0.00208
0.6393565;0.644297;0.0554;0.7411167;0.0503;6.82e-10;2.83e-19;0.9730949;0.0719;4.72e-12;-0.0163
0.5922343;0.7995496;0.0776;1.3093822;0.0585;9.86e-10;2.1e-19;1.1912645;0.0349;3.18e-11;-0.000928
0.7103042;0.658024;0.0748;0.721292;0.0424;1.01e-09;4.47e-19;0.8280494;0.013;2.41e-11;-0.00352
0.6755188;0.6254234;0.0569;1.2097281;0.0532;5.03e-10;2.98e-19;1.0263368;-0.0914;8.11e-12;0.0157
0.7339877;0.7380294;0.0723;0.9438808;0.0542;5.11e-10;3.26e-19;0.8029955;-0.0026;2.39e-11;0.0137
0.5777114;0.7873845;0.0412;1.1898156;0.0494;8.02e-10;1.5e-19;0.6641236;-0.0709;3.65e-12;-0.0157
0.6558572;0.6706448;0.0449;1.0227212;0.0546;7.94e-10;1.86e-19;1.1784666;-0.0221;9.35e-12;0.00532
0.655413;0.6399235;0.0544;1.2639159;0.0414;5.36e-10;3.65e-19;0.7336388;-0.0796;2.97e-12;0.00816
0.6805595;0.7804169;0.0587;1.0998658;0.0465;1.02e-09;2.04e-19;0.4265345;-0.044;1.97e-11;0.0158
0.5775283;0.6745322;0.0702;1.2526407;0.0404;7.51e-10;1.3e-19;0.6141253;-0.0239;6.92e-12;-0.0187
0.6130036;0.71252;0.0389;0.8190457;0.0605;5.73e-10;5.99e-19;0.9131128;-0.0813;4.02e-11;-0.00374
0.5984217;0.6004302;0.0534;0.7043455;0.0423;1.1e-09;1.3e-19;1.006499;-0.0497;3.97e-11;0.0101
0.5771302;0.6106049;0.0402;0.9633042;0.0541;9.92e-10;1.46e-18;0.573625;0.0632;4.13e-12;0.00267
0.7419149;0.7368346;0.0551;0.8680506;0.0405;7.29e-10;9.75e-19;0.4519509;-0.0374;2.1e-12;-0.00219
0.6008225;0.6694601;0.0629;0.8582907;0.0478;1.04e-09;1.91e-19;1.0495294;0.0433;8.48e-12;-0.0107
0.6011952;0.7019332;0.0341;1.2604237;0.0443;5.89e-10;2.59e-19;0.4368772;0.0511;1.14e-11;0.0166
0.7365304;0.7242302;0.0659;1.1269661;0.0572;8.46e-10;2.74e-19;0.8593601;-0.0607;3.8e-11;0.00415
0.5835783;0.7897926;0.0466;0.6727758;0.0485;6.06e-10;3.79e-19;0.9262434;-0.00763;1.71e-11;0.013
0.7272153;0.6408692;0.0563;1.2986803;0.0481;1.05e-09;1.84e-19;0.5220791;-0.0491;5.94e-12;0.00772
0.7006622;0.7286315;0.0405;1.2902317;0.0486;9.51e-10;2.55e-19;0.9279024;-0.0883;5.22e-12;0.0134
0.60785;0.766684;0.0343;0.7871543;0.0452;7.37e-10;1.22e-19;1.1994798;-0.088;2.65e-12;-0.0184
0.7211049;0.7275312;0.063;1.0712715;0.0607;8.79e-10;1.25e-19;0.5751012;0.0241;2.29e-12;-0.0014
0.7069083;0.7698838;0.0671;1.3641706;0.0587;7.24e-10;6.12e-19;1.095312;-0.0879;2.98e-12;-0.0172
0.5600302;0.7888418;0.0508;0.8925692;0.0425;9.2e-10;1.49e-18;0.4804414;0.0314;7.08e-12;-0.0144
0.580965;0.6984784;0.0574;1.2148999;0.0538;1.05e-09;1.01e-18;0.5939249;0.00574;2.47e-11;0.00867
0.6115159;0.6949717;0.0402;1.1257209;0.0538;8.06e-10;1.37e-18;0.588138;-0.0966;2.04e-12;0.00529
0.567236;0.6289106;0.0376;1.3590425;0.0539;8.41e-10;1.13e-19;0.4586485;-0.0868;1.67e-11;-0.00132
0.5865711;0.6995683;0.0488;0.8728504;0.0504;8.25e-10;1.56e-19;0.7236241;0.018;2.67e-12;1.96e-05
0.7312126;0.7082795;0.042;0.7997317;0.0615;6.38e-10;5.46e-19;0.5389389;-0.052;4.86e-11;0.000397
0.6653931;0.6102656;0.0782;0.9413872;0.0423;7.63e-10;6.07e-19;0.6544167;-0.0713;5.66e-12;0.0161
0.6455769;0.7534318;0.0763;0.8607686;0.0425;6.28e-10;1.54e-18;0.5456094;-0.0745;2.22e-11;-0.0153
0.6737645;0.651577;0.0481;1.3749571;0.0419;9.4e-10;1.35e-19;1.0220438;-0.00498;3.78e-11;0.0024
0.716234;0.7532367;0.0785;1.0988137;0.0438;7.27e-10;3.28e-19;1.0412605;0.0871;1.02e-11;-0.018
0.6528346;0.6378149;0.0597;0.724578;0.0605;4.87e-10;3.04e-19;0.7561571;-0.0213;1.79e-11;-0.00541
0.6357379;0.7504694;0.0335;0.6753654;0.0556;1.11e-09;1.94e-19;0.4511221;0.057;2.85e-11;-0.0124
0.5807439;0.6812294;0.0604;0.7522965;0.0448;6.57e-10;1.15e-19;0.6802474;0.0965;1.45e-11;0.0106
0.702217;0.6285251;0.0307;0.8548717;0.0412;4.52e-10;1.05e-19;0.8574985;-0.0126;1.55e-11;-0.00738
0.6005157;0.6151203;0.0545;0.6591142;0.0534;4.77e-10;1.23e-19;1.0670933;0.0623;1.88e-11;0.0127
0.7281524;0.7251209;0.0574;0.8042144;0.0629;5.14e-10;1.31e-19;1.1746907;0.0346;2.01e-12;0.013
0.5918271;0.6139099;0.0336;0.6915144;0.0523;6.65e-10;3.37e-19;0.5556839;0.035;3.98e-12;0.0116
0.605167;0.676302;0.0641;1.002591;0.0602;6.36e-10;1.06e-19;1.068719;0.0491;3.74e-12;0.0164
0.7081846;0.6920279;0.0364;1.0533631;0.0573;4.59e-10;1.12e-19;0.5868546;-0.0297;4.53e-11;-0.00545
0.5624495;0.7425633;0.0454;0.9783424;0.0427;5.01e-10;1.57e-19;1.1204425;-0.0588;1.47e-11;-0.0146
0.5874821;0.6865278;0.0614;0.790707;0.0452;7.85e-10;3.92e-19;0.7626151;-0.0349;3.94e-12;-0.0089
0.6240077;0.6129933;0.0335;1.1171799;0.0541;1.06e-09;1.43e-19;0.9642535;0.0519;2.75e-11;-0.00626
0.6802206;0.6210169;0.0358;0.6365675;0.0629;5.83e-10;7.23e-19;0.4420422;-0.0953;7.72e-12;0.00759
0.5726021;0.6800826;0.0404;1.1090837;0.0416;4.64e-10;3.13e-19;0.547674;0.0664;7.79e-12;-0.00932
0.637786;0.7134625;0.0491;1.2873102;0.0457;5.75e-10;1.28e-18;0.5043973;-0.0718;7.48e-12;0.0102
0.6343686;0.6422762;0.0611;0.8254387;0.0456;1.09e-09;9.23e-19;0.8307729;0.0354;3.99e-11;-0.0184
0.6293464;0.7167585;0.0683;1.0667359;0.0449;7.7e-10;7.21e-19;0.9644558;0.0138;1.62e-11;-0.0184
0.558702;0.786619;0.0394;0.8345727;0.0492;4.53e-10;1.4e-19;0.8203301;0.023;2.89e-12;-0.00246
0.6579987;0.6659431;0.0434;0.882788;0.0442;6.88e-10;2.14e-19;0.4706748;0.082;4.81e-12;0.00237
0.7022399;0.7749007;0.0396;1.154404;0.0456;8.63e-10;4.4e-19;0.5337928;0.0939;3.71e-11;-0.0111
0.6472551;0.6176081;0.0622;0.7731496;0.0468;9.98e-10;9.51e-19;0.6124;0.0659;3.35e-12;-0.00793
0.592554;0.6202117;0.0313;1.1666074;0.0456;9.04e-10;6.68e-19;1.1958123;0.0917;1.24e-11;0.0153
0.6566799;0.7235969;0.0712;0.941482;0.051;9.8e-10;3.25e-19;0.4721528;0.0755;1.75e-11;-0.00691
0.550652;0.6135005;0.0582;1.3074399;0.0495;6.03e-10;1.04e-19;0.4668809;-0.0289;6.43e-12;0.00707
0.7283419;0.7680806;0.0562;0.7097917;0.0554;4.59e-10;1.07e-18;0.9204565;0.00653;4.96e-12;-0.00846
0.7068707;0.7006457;0.0466;1.0207115;0.0406;4.99e-10;2.8e-19;0.4963838;-0.0976;9.03e-12;-0.00579
0.7239235;0.727636;0.0395;0.9715665;0.0421;9.88e-10;6.42e-19;0.6108674;-0.0392;3.87e-11;-0.00504
0.6124977;0.7862638;0.0587;0.6401116;0.0525;4.95e-10;3.05e-19;0.5107483;0.0175;2.21e-11;-0.00175
0.7443581;0.7460478;0.0644;1.327691;0.0565;5.84e-10;4.58e-19;0.4393484;0.011;3.25e-11;-0.0137
0.6161295;0.7248213;0.0479;1.1675731;0.0472;6.24e-10;4.86e-19;0.8469903;0.0152;9.33e-12;0.0167
0.6003603;0.6804351;0.0519;0.6509102;0.0446;7.31e-10;1.22e-18;0.7912967;2.48e-05;2.84e-12;-0.00219
0.7037434;0.6755752;0.0427;0.9280298;0.0601;4.62e-10;3.96e-19;0.6779752;0.0383;2.18e-12;-0.0151
0.6799422;0.7580297;0.0458;0.7036034;0.0412;6.74e-10;1.26e-18;0.418738;-0.0935;4.2e-12;-0.0152
0.6275055;0.6312473;0.0301;0.9807862;0.0558;8.68e-10;1.49e-18;0.9231178;-0.0854;2.04e-11;-0.00256
0.6976787;0.7442439;0.0517;0.942425;0.0425;7.35e-10;1.3e-19;0.5634413;-0.098;7.03e-12;0.00993
0.5571908;0.6711762;0.0619;0.831469;0.0404;4.82e-10;7.32e-19;0.461894;-0.0898;2.21e-11;-0.0129
0.6733468;0.6380675;0.0703;0.9683179;0.0619;7.97e-10;1.62e-19;1.1232828;0.0106;1.04e-11;0.0111
0.5931152;0.6297982;0.0754;0.6544452;0.0538;4.6e-10;3.43e-19;0.9919589;0.0669;1.74e-11;0.00593
0.7430619;0.7991461;0.031;1.0887349;0.0537;7.91e-10;4.14e-19;0.5295078;0.0173;1.44e-11;-0.00791
0.5804735;0.7131624;0.0615;0.8068713;0.0584;8.04e-10;8.94e-19;0.8513544;0.00618;9.84e-12;-0.0143
0.6064082;0.7112702;0.0525;1.2898453;0.0488;6.47e-10;1.22e-19;1.0914528;-0.0748;2.77e-11;-0.0102
0.6602075;0.7908455;0.0723;0.620065;0.0549;1.1e-09;8.19e-19;0.6803598;-0.088;4.86e-11;-0.00398
0.738953;0.6908034;0.0654;0.7039081;0.0549;4.95e-10;2.28e-19;0.4457796;0.0152;9.48e-12;-0.0113
0.6973575;0.6399506;0.0393;1.1331815;0.0437;1.09e-09;1.49e-19;0.6542341;0.0307;4.5e-11;-0.00585
0.7490847;0.7716768;0.0456;0.9738163;0.0472;6.78e-10;3.32e-19;0.4567457;-0.0231;7.01e-12;0.00248
0.6782111;0.601733;0.0317;0.9907373;0.0473;6.32e-10;1.64e-19;1.1557164;-0.0942;8.18e-12;-0.00995
0.5687202;0.68309;0.0413;1.2296546;0.0411;6.26e-10;1.23e-18;0.7592543;0.00851;5.85e-12;-0.0124
0.7178525;0.6671623;0.069;1.0290465;0.0575;5.6e-10;1.54e-18;0.5273739;-0.0476;2.46e-12;-0.0158
0.663382;0.7951502;0.0641;0.9335984;0.0493;6.13e-10;3.1e-19;0.9615784;0.0821;3.72e-11;-0.00563
0.7124864;0.6533475;0.0634;0.7954753;0.0485;8.13e-10;4.08e-19;0.9045172;-0.0675;2.29e-12;-0.0118
0.7388211;0.7289219;0.0307;1.0368767;0.0571;6.4e-10;4.27e-19;0.6146098;0.0656;4.98e-12;-0.0109
0.6139521;0.6623847;0.0766;0.8249063;0.0555;8.59e-10;6.6e-19;1.0380837;-0.000666;2.27e-12;-0.0159
0.553093;0.7896186;0.0763;0.753423;0.0548;9.36e-10;9.9e-19;0.5751665;0.0362;1.24e-11;0.0181
0.7036316;0.6814705;0.051;1.1026332;0.0603;6.32e-10;4.76e-19;1.0465426;0.0946;1.74e-11;0.00463
0.614284;0.6792539;0.064;0.6047035;0.0558;5.74e-10;1.36e-19;0.5354555;-0.0203;1.09e-11;-0.0169
0.5799918;0.6477935;0.065;0.807682;0.04;7.22e-10;1.06e-18;0.7695601;0.0974;2.25e-11;0.00752
0.554096;0.6739484;0.033;0.9876133;0.0411;6.1e-10;1.07e-19;0.5137561;0.0962;2.6e-12;-0.00785
0.5941633;0.7592344;0.0768;0.7415385;0.0626;1.03e-09;5.68e-19;0.5291988;-0.0148;1.57e-11;-0.00971
0.6918347;0.7970559;0.0326;1.2339795;0.0469;9.38e-10;2.59e-19;0.6478328;0.0621;1.09e-11;0.0137
0.6649982;0.6878357;0.0551;1.3678628;0.0525;6.96e-10;1.04e-19;1.059948;-0.037;3.58e-12;0.00411
0.6127939;0.7007999;0.0575;1.0205814;0.0463;8.77e-10;9.62e-19;1.1149526;-0.0822;3.76e-12;-0.0154
0.657901;0.7944811;0.0383;1.324462;0.0443;7.54e-10;2.97e-19;0.6628468;-0.0132;2.48e-12;-0.0049
0.6005896;0.7030091;0.0633;0.9388638;0.0512;1.04e-09;5.48e-19;1.1936024;0.0723;2.02e-11;0.00262
0.7425633;0.6628707;0.0375;1.2934089;0.0544;5.77e-10;3.18e-19;1.1117032;-0.00854;3.68e-11;-0.00889
0.6784448;0.6549281;0.0309;1.0367695;0.0413;6.1e-10;1.68e-19;0.6257821;-0.0732;4.29e-12;-0.00572
0.5694534;0.6940248;0.0383;1.1610343;0.0428;8.72e-10;4.81e-19;0.7181893;-0.00963;3.41e-12;-0.00742
0.621112;0.6815094;0.0318;1.11856;0.0601;6.61e-10;1.28e-19;1.163963;0.0326;1.38e-11;-0.0101
0.6292711;0.6683208;0.043;1.0513651;0.0622;6.7e-10;1.13e-19;0.4650511;-0.084;1.2e-11;0.0162
0.5557126;0.6922035;0.0773;0.729699;0.0405;7.85e-10;9.99e-19;0.8140207;0.0934;2.64e-11;0.00696
0.6366522;0.7682816;0.0655;1.0758517;0.0435;6.6e-10;1.32e-19;0.9754673;-0.0899;2.94e-12;-0.017
0.5620654;0.623084;0.0685;1.2554668;0.0482;6.94e-10;1.17e-19;0.9842443;0.0226;4.23e-12;0.0149
0.7159527;0.6196592;0.0667;0.9094852;0.0619;6.62e-10;9.79e-19;1.0535507;-0.0468;8.36e-12;0.0172
0.7276894;0.6726013;0.047;0.8211451;0.0535;6.37e-10;2.94e-19;0.5393129;0.0286;1.04e-11;-0.00557
0.6968017;0.6889358;0.0697;1.3320776;0.0567;5.79e-10;9.59e-19;1.0421541;0.0977;2e-11;-0.0041
0.5742169;0.6301856;0.0676;0.9162378;0.0429;6.45e-10;4.7e-19;0.7893437;-0.0258;2.94e-11;-0.014
0.6947766;0.7808893;0.0462;0.9070739;0.0479;4.8e-10;6.85e-19;0.6645687;-0.0254;2.94e-11;0.00445
0.591733;0.7672482;0.076;1.1953849;0.0476;1.01e-09;1.16e-19;0.5076528;0.0974;1.17e-11;-0.00866
0.7462823;0.7378224;0.0319;0.6861335;0.0432;8.02e-10;1.15e-19;0.5972892;-0.0371;2.63e-11;0.00237
0.5882075;0.7455683;0.0756;0.8927681;0.0568;4.81e-10;1.79e-19;0.8050004;0.0468;2.94e-12;-0.0174
0.7269052;0.6608171;0.0615;0.8877892;0.0402;8.54e-10;1.08e-19;0.4248072;-0.0466;1.4e-11;0.0108
0.7082017;0.6257368;0.0336;1.205185;0.0555;9.76e-10;9.06e-19;0.8734727;-0.0208;6.37e-12;-0.00752
0.7219446;0.7644678;0.0341;1.2875599;0.0482;1.09e-09;9.42e-19;1.0446934;0.0691;8.41e-12;-0.0066
0.571291;0.7121791;0.0621;0.7670161;0.056;8.66e-10;1.82e-19;0.6653977;0.0866;7.89e-12;-0.0089
0.7190331;0.6203054;0.0793;1.2138665;0.0423;6.39e-10;5.59e-19;1.1566364;-0.0989;1.55e-11;-0.0151
0.6822532;0.7150861;0.0566;1.0344052;0.0517;1.03e-09;2.56e-19;0.5154643;-0.0619;4.76e-11;-0.016
0.6254412;0.6001689;0.0333;1.0304527;0.0408;9.01e-10;2.12e-19;0.9464103;0.0314;1.43e-11;0.00181
0.5958043;0.6700601;0.0742;1.3681026;0.0424;6.42e-10;9.34e-19;0.4341693;0.0774;1.35e-11;0.014
0.6680494;0.7837604;0.0507;0.9067539;0.0571;9.6e-10;2.38e-19;0.5541889;0.0236;5.39e-12;-0.0119
0.7404858;0.7855317;0.0434;1.1503489;0.0469;4.72e-10;4.28e-19;0.5696476;-0.00069;3.16e-12;0.00425
0.661461;0.6123043;0.0769;1.0831934;0.0555;5.08e-10;1.58e-18;1.1122856;0.0976;4.13e-12;-0.018
0.6770586;0.7876194;0.0779;1.1899799;0.044;8.19e-10;5.24e-19;0.429243;-0.0406;2.28e-11;-0.00729
0.7397115;0.7340301;0.0688;1.3786823;0.0423;4.97e-10;1.68e-19;1.1276954;-0.0314;4.69e-12;-0.0136
0.6198304;0.6581562;0.0676;1.0600376;0.0417;8.64e-10;7.97e-19;1.0257343;0.0145;4.93e-11;-0.0113
0.6423068;0.7584509;0.0761;1.0903528;0.0546;9.72e-10;1.14e-18;0.4441814;-0.0858;8.69e-12;-0.0114
0.6062451;0.6642934;0.0712;1.2652678;0.0497;6.44e-10;1.22e-19;0.6147668;0.0693;2.02e-12;0.00645
0.745281;0.735618;0.0661;1.131461;0.0618;1.01e-09;1.82e-19;1.1314962;0.036;3.43e-11;0.0154
0.6395937;0.734206;0.0328;0.7502654;0.0473;7.21e-10;2.09e-19;1.1310267;0.0828;2.67e-11;-0.0102
0.6907816;0.6734786;0.0335;1.3538244;0.0406;9.83e-10;1.56e-19;0.6992739;-0.0905;4.73e-11;0.0169
0.7284287;0.7077601;0.0401;0.9724774;0.0397;4.87e-10;1.47e-18;1.0580939;0.0835;4.87e-12;0.0125
0.5881351;0.7695405;0.0497;0.8222066;0.0496;8.79e-10;6.44e-19;0.6273421;0.0895;4.18e-12;-0.00541
0.5702918;0.6835297;0.0391;0.8704508;0.0572;7.63e-10;1.33e-18;1.0108551;0.057;4.69e-12;-0.0175
0.5985167;0.6101131;0.0574;1.0319943;0.0525;1.03e-09;7.11e-19;0.709403;0.00379;2.65e-11;0.0173
0.7332969;0.6526075;0.0377;1.2828163;0.0617;6.81e-10;3.02e-19;0.736235;-0.000811;2.72e-12;-0.00763
0.7262621;0.7467246;0.042;0.7102337;0.0551;1.06e-09;1.1e-19;1.1355213;-0.0454;2.21e-11;-0.014
0.5933821;0.6740087;0.075;1.0630558;0.0544;7.04e-10;7.03e-19;0.4035696;0.0208;1.75e-11;-0.00277
0.7460982;0.7805758;0.0365;1.1011823;0.0605;6.32e-10;1.02e-18;0.5797975;0.0486;2.13e-12;-0.0146
0.5746667;0.6151366;0.0508;0.9549989;0.0425;9.03e-10;8.37e-19;0.7369798;-0.0123;2.62e-11;-0.00754
0.7118072;0.6477663;0.0654;0.9630134;0.047;6.37e-10;4.03e-19;1.1419158;0.0215;3.26e-12;-0.0163
0.7302786;0.6241546;0.0403;1.2986507;0.0444;6.19e-10;3.86e-19;0.5009857;0.0666;2.27e-11;-0.00413
0.6744071;0.7430593;0.077;0.9493582;0.0465;1.08e-09;1.13e-18;0.9724978;-0.011;8.34e-12;-0.0192
0.6226471;0.7021825;0.0362;0.9440229;0.0415;1e-09;4.15e-19;1.0032275;-0.0105;2.21e-12;0.00327
0.6257268;0.7724673;0.0684;1.1863182;0.0426;5.34e-10;9.3e-19;0.9719038;-0.0974;1.13e-11;0.0184
0.6235286;0.6007328;0.0627;0.7638658;0.0618;7.42e-10;1.44e-19;0.7383324;0.0758;4.04e-11;-0.0136
0.7467772;0.6924189;0.0412;1.1607386;0.0506;9.93e-10;1e-18;0.9512251;0.0949;5.07e-12;0.0117
0.7002733;0.763919;0.0672;0.643923;0.061;8.98e-10;4.62e-19;1.0418642;0.0308;2.27e-11;0.014
0.6586094;0.6107653;0.036;1.1858481;0.0404;6.97e-10;2.53e-19;0.5617059;0.0152;1.2e-11;-0.00733
0.5628444;0.704131;0.0569;1.2079861;0.0576;4.92e-10;2.37e-19;0.701259;0.0563;3.03e-11;0.00672
0.6974083;0.6485425;0.067;1.236981;0.046;5.04e-10;4.83e-19;0.5657935;0.0992;3e-11;0.015
0.6240115;0.7973266;0.0453;1.0236584;0.0544;6.07e-10;3.83e-19;0.9148172;0.0909;4.29e-12;0.00309
0.6757048;0.7783242;0.0373;1.1284949;0.0547;7.21e-10;1.56e-19;0.4507204;-0.0966;3.8e-11;0.0008
0.5619028;0.7973457;0.0359;1.3953605;0.0499;5.15e-10;2.4e-19;1.1705055;0.0258;4.17e-11;-0.00144
0.6292396;0.6911677;0.0687;1.2141904;0.0472;9.79e-10;3.16e-19;1.1423461;0.0154;4e-11;0.02
0.6093346;0.6343039;0.0737;0.9326704;0.0407;4.86e-10;1.27e-19;0.4465116;0.0488;1.47e-11;0.013
0.6944651;0.7509079;0.0308;1.058071;0.0457;7.69e-10;1.55e-19;0.4768617;0.0371;1.93e-11;-0.000938
0.6556921;0.658926;0.0665;0.8315229;0.0495;4.76e-10;1.24e-19;0.4271574;-0.0316;4.52e-11;0.00676
0.5840539;0.6513108;0.0403;1.0693812;0.0501;9.91e-10;1.11e-18;0.5451562;0.0686;2.29e-12;0.00793
0.5857359;0.7561887;0.0505;0.6105566;0.0424;7.12e-10;1.32e-19;0.8428684;-0.0599;7.68e-12;0.0139
0.6251474;0.6122256;0.0312;1.0406364;0.0578;4.97e-10;1.68e-19;0.5031328;-0.062;4.9e-12;-0.00912
0.6641068;0.6698163;0.0476;0.9725312;0.0554;5.13e-10;6.73e-19;0.4410536;-0.0317;1.09e-11;0.00589
0.7401183;0.7033056;0.0389;1.0806217;0.0454;6.61e-10;2.45e-19;1.1827877;-0.0319;3.18e-11;-0.0103
0.5717176;0.7340747;0.0609;1.2121722;0.0532;7.64e-10;1.91e-19;0.4348343;0.0886;8.26e-12;-0.0119
0.6147198;0.7586962;0.0342;0.8852676;0.0397;7.17e-10;1.96e-19;0.6153134;-0.0627;2.45e-11;0.0153
0.7036208;0.6209607;0.0356;0.9355924;0.0457;7.19e-10;2.46e-19;0.861825;-0.0186;7.74e-12;-0.0161
0.7261976;0.6800378;0.0787;0.7766357;0.0605;8.34e-10;1.5e-18;0.4790598;0.066;4.86e-11;-0.0108
0.6669123;0.7171292;0.0792;1.0621835;0.0401;6.57e-10;1.21e-18;0.9503273;0.0771;3.37e-12;0.0155
0.7083958;0.6153419;0.0402;0.8621381;0.0521;9.5e-10;1.08e-18;0.9773312;-0.0325;2.6e-12;-0.0154
0.7344803;0.6887166;0.0396;0.6631811;0.0499;7.68e-10;1.77e-19;1.0904824;0.071;4.57e-12;-0.00134
0.6045788;0.6764553;0.0474;1.3314084;0.0432;6.12e-10;3.61e-19;0.8209224;0.0688;3.52e-12;-0.0192
0.7023767;0.7081634;0.0302;0.9464754;0.054;5.51e-10;3.43e-19;0.6660775;-0.0979;4.68e-11;-0.0113
0.664221;0.7561437;0.0743;0.9001396;0.0601;7.81e-10;1.15e-18;0.7051666;-0.0408;3.2e-11;0.0174
0.6775498;0.695354;0.0492;0.9870741;0.0548;1.06e-09;6.11e-19;0.6971822;0.0421;2.83e-11;0.0114
0.6812414;0.6180402;0.077;0.9245449;0.0406;8.44e-10;1.34e-19;0.8779007;-0.0684;6.54e-12;0.0182
0.6235625;0.7071647;0.0679;1.016118;0.0494;7.9e-10;9.51e-19;1.1369797;-0.0722;1.59e-11;0.015
0.7126012;0.7237183;0.0309;0.9087756;0.0496;1.03e-09;5.18e-19;0.8013996;-0.0795;1.5e-11;0.013
0.6225429;0.7478564;0.0721;1.1596369;0.0584;4.52e-10;2.19e-19;0.5732303;0.0616;3.18e-11;-0.0158
0.7032797;0.7449698;0.0356;0.7394122;0.0508;7.96e-10;1.56e-18;0.959188;-0.00607;7.1e-12;-0.0142
0.6247204;0.6988658;0.0398;0.6154328;0.053;8e-10;1.66e-19;1.1924678;-0.0916;4.33e-12;-0.0105
0.6602537;0.6775572;0.0638;1.1373746;0.0424;5.62e-10;7.15e-19;0.4369733;-0.0969;9.53e-12;0.00612
0.695071;0.6501784;0.0527;1.0848264;0.0479;5.62e-10;1.47e-18;0.7190183;-0.0247;3.43e-11;-0.016
0.6836894;0.6844635;0.0722;0.8813769;0.0462;1.05e-09;1.28e-18;1.0331212;0.099;1.35e-11;-0.00506
0.6176444;0.6804279;0.0495;0.8249615;0.054;1.05e-09;1.23e-19;0.4583846;-0.0293;1.61e-11;0.0115
0.6793511;0.66048;0.0404;1.2898718;0.0472;6.32e-10;2.74e-19;0.5450774;-0.0587;3.6e-11;0.0126
0.7263409;0.7212011;0.067;1.3677002;0.0411;5.49e-10;1.7e-19;0.7446763;-0.0646;2.03e-11;0.0101
0.6853556;0.6786443;0.0678;0.9821168;0.0566;9.27e-10;1.15e-18;0.477712;0.0634;5.33e-12;-0.0199
0.5870107;0.75728;0.0693;0.8048432;0.0613;7.77e-10;9.95e-19;1.1365035;0.0409;9.86e-12;-0.0153
0.6693806;0.6923617;0.0792;1.170928;0.046;8.83e-10;8.47e-19;0.5177616;-0.0787;5.94e-12;-0.0121
0.7140217;0.6581894;0.0307;1.0379435;0.0559;6.9e-10;5.52e-19;0.9780384;0.0687;1.13e-11;-0.00329
0.607976;0.6955038;0.0514;0.7028199;0.0427;7.07e-10;6.32e-19;1.0365577;0.046;1.2e-11;-0.015
0.688934;0.6892388;0.0529;0.7302055;0.0414;6.61e-10;4e-19;0.6436949;0.00867;5.87e-12;0.00489
0.7271439;0.780133;0.0415;0.9338137;0.0483;6e-10;1.52e-19;0.6803266;-0.0472;1.68e-11;0.0118
0.6425319;0.7407723;0.0795;1.3152071;0.05;5.66e-10;8.62e-19;1.0331624;0.026;3.56e-12;0.00277
0.5816635;0.7420235;0.0426;0.9760369;0.0476;5.15e-10;1.25e-18;0.4024807;0.0508;9.61e-12;-0.0184
0.6509797;0.7011431;0.0348;0.6290204;0.0546;6.05e-10;6.41e-19;0.4379525;-0.0185;1.1e-11;0.0049
0.6575388;0.7043428;0.0657;0.9648003;0.0475;5.07e-10;1.05e-19;1.1813462;0.0495;2.5e-11;0.00225
0.6177747;0.7340055;0.0789;1.2900518;0.0601;7.11e-10;1.42e-19;0.8707692;-0.0295;6.16e-12;0.0148
0.5976051;0.6453954;0.0731;0.8685646;0.0552;8.41e-10;2.28e-19;1.157268;-0.0143;6.52e-12;-0.00163
0.7197252;0.6511565;0.0477;1.3023926;0.0526;5.98e-10;5.99e-19;0.9705994;-0.0337;4.23e-11;-0.00564
0.6246928;0.6331831;0.0591;1.1712402;0.0423;8.02e-10;6.54e-19;1.0854775;0.00472;1.98e-11;-0.00571
0.7003715;0.6600402;0.0745;0.6709089;0.0605;6.73e-10;1.09e-18;0.4154366;-0.0317;2.14e-11;-0.0173
0.5788432;0.7370166;0.0787;0.8437601;0.0584;6.11e-10;4.87e-19;0.5230813;-0.0862;2.86e-12;0.0112
0.6953874;0.6821176;0.0544;0.9165639;0.0622;8.99e-10;6.9e-19;0.4162037;0.0784;5.51e-12;0.00564
0.6605556;0.7553835;0.0511;0.6265368;0.0597;5.76e-10;3.18e-19;0.5915534;-0.00849;2.81e-11;0.0195
0.6135786;0.7172604;0.0687;1.13212;0.0417;6.99e-10;5.37e-19;0.5589634;0.0111;1.27e-11;0.00334
0.6073904;0.6654472;0.0366;0.71587;0.0498;5.75e-10;1.04e-19;0.804371;0.0373;5.5e-12;-0.0119
0.7173078;0.6499197;0.0541;0.8297095;0.0591;8.75e-10;1.08e-18;1.0156437;-0.0536;2.31e-11;-0.0019
0.5518496;0.7358937;0.0777;1.2157263;0.0516;4.44e-10;1.46e-18;1.0037094;-0.0825;2.66e-12;0.0036
0.588054;0.6448965;0.059;0.8681833;0.0527;4.83e-10;4.34e-19;0.8404583;-0.00579;6.45e-12;-0.00884
0.6481589;0.7678494;0.0422;0.8371879;0.0415;6.28e-10;6.4e-19;1.1934993;0.0827;6.91e-12;-0.0184
0.731918;0.6683955;0.0439;0.7826983;0.0571;4.48e-10;2.91e-19;0.84324;-0.0728;1.53e-11;-0.0186
0.6444703;0.7708069;0.069;1.0659311;0.0415;9.4e-10;9.18e-19;0.4088599;0.0188;5.7e-12;-0.0107
0.6833032;0.761234;0.0311;0.6334038;0.0571;5.62e-10;1.25e-19;0.4440132;-0.0414;3.75e-11;-0.00876
0.5983708;0.7202136;0.0545;1.2311475;0.0438;7.87e-10;3.63e-19;1.1223664;0.0204;2.75e-12;-0.0028
0.7480723;0.738073;0.0505;0.6105849;0.0532;5.01e-10;5.65e-19;0.9146089;-0.00891;1.75e-11;-0.00849
0.6807636;0.7538278;0.0756;1.2765014;0.042;5.67e-10;1.1e-19;1.1686507;0.0994;9.77e-12;-0.0146
0.7146478;0.7790501;0.0737;1.0587202;0.0458;6.26e-10;4.93e-19;0.5545212;-0.0582;3.12e-12;-0.0154
0.7361766;0.7681119;0.0719;0.8734611;0.0579;8.09e-10;3.65e-19;0.674849;-0.0311;8.64e-12;0.0167
0.7007312;0.762616;0.065;1.2380424;0.0436;6.5e-10;4.77e-19;0.5649763;0.0404;1.9e-11;0.00166
0.6472828;0.7041698;0.0314;1.3720044;0.0624;8.94e-10;4.74e-19;0.8106312;0.0842;2.14e-11;-0.00736
0.6869719;0.7658988;0.0499;1.3847597;0.0476;8.43e-10;1.08e-19;0.9830388;-0.0488;4.23e-11;0.0165
0.5924059;0.638673;0.0459;1.2237262;0.0472;7.11e-10;2.86e-19;0.6879189;0.095;4.08e-12;-0.0167
0.6862484;0.6475613;0.0517;0.9412555;0.0545;9.64e-10;1.54e-18;0.4873601;0.098;2.58e-11;0.00729
0.7026637;0.6744973;0.0729;0.8165888;0.0551;8.04e-10;6.47e-19;1.1672024;-0.00888;2.53e-11;-0.0102
0.7021789;0.7005285;0.0682;0.9682952;0.0594;6.8e-10;1.18e-19;0.9318802;-0.0233;2.31e-12;-9.94e-05
0.6109589;0.7391404;0.0328;0.9985125;0.048;5.92e-10;3.15e-19;0.510705;0.0466;6.85e-12;-0.00577
0.6827188;0.616132;0.0633;1.0448849;0.0527;5.65e-10;2.79e-19;0.4174193;0.00485;1.25e-11;-0.0132
0.6456654;0.6476362;0.0631;0.9251138;0.0554;6.76e-10;2.24e-19;0.930296;-0.0495;1.17e-11;-0.0064
0.693564;0.6361675;0.0756;0.6094764;0.0478;6.87e-10;3.94e-19;0.9587433;0.0548;3.69e-12;0.01
0.5786874;0.6347024;0.0626;1.1931891;0.0465;9.39e-10;1.16e-18;0.5914196;0.0858;9.66e-12;0.0114
0.6865692;0.7560695;0.0452;0.8404232;0.0597;6.98e-10;4.58e-19;0.953684;-0.088;3.07e-11;0.019
0.7498151;0.7624039;0.0651;1.1505494;0.0537;9.23e-10;8.78e-19;0.996584;0.0011;1.49e-11;-0.00443
0.7135523;0.7129933;0.0604;0.985355;0.0467;7.97e-10;1.26e-19;0.8768921;-0.0552;2.5e-11;0.00644
0.7007342;0.6339325;0.0677;0.7560975;0.0432;8.15e-10;1.99e-19;0.8538927;-0.0269;2.58e-11;-0.0157
0.7282974;0.7556271;0.0753;1.2341894;0.0458;1.01e-09;1.11e-18;0.9510059;-0.0621;1.21e-11;-0.0147
0.7211596;0.6404887;0.0455;1.304327;0.046;9.83e-10;3.13e-19;1.0166463;-0.0569;3.38e-11;-0.00277
0.586371;0.7706801;0.0332;1.3834898;0.0612;5.55e-10;1.59e-18;0.7489293;0.0775;2.44e-11;0.00708
0.7124256;0.6846682;0.0639;0.8395915;0.0467;7.58e-10;7.9e-19;0.6505428;0.0012;2.1e-12;0.00497
0.6173318;0.764834;0.0446;0.8888457;0.0415;6.87e-10;5.82e-19;1.0405221;0.0359;2.24e-12;-0.00313
0.7149865;0.792789;0.0326;0.9337312;0.0444;9.19e-10;3e-19;1.049807;0.0728;2.9e-11;0.0183
0.7218785;0.6380598;0.0522;1.3794981;0.0464;7.49e-10;2.75e-19;0.4128644;0.0998;3.04e-11;0.0147
0.6647894;0.7350932;0.0382;0.7950531;0.0418;8.22e-10;1.16e-18;0.5861202;-0.045;4.74e-12;-0.00109
0.5826365;0.7084536;0.0395;1.296145;0.0505;5.63e-10;9.06e-19;0.7242918;-0.0458;3.03e-12;0.00828
0.6694258;0.7626773;0.0404;0.9297;0.0553;7.58e-10;1.08e-19;0.7672319;0.0212;2.08e-11;-0.000507
0.7222902;0.7842009;0.0631;1.3566123;0.058;6.53e-10;6.91e-19;1.1188103;0.0676;9.76e-12;0.0133
0.7067223;0.6445176;0.0315;1.1365606;0.0523;6.76e-10;5.71e-19;0.9739755;-0.00416;5.26e-12;-0.00563
0.7057235;0.6398588;0.0601;0.9304082;0.0508;7.86e-10;7.83e-19;0.5068109;-0.0375;4.77e-11;0.0104
0.6471408;0.7013204;0.0795;0.6887569;0.0432;7.85e-10;3.26e-19;0.4570731;0.0314;2.23e-12;0.014
0.6506428;0.6753297;0.0542;0.923276;0.0599;7e-10;4.81e-19;0.4167524;0.0928;3.86e-11;0.0127
0.6159569;0.614647;0.0523;1.0855376;0.0407;6.31e-10;5.99e-19;0.9396488;-0.048;1.08e-11;-0.00243
0.7457908;0.6266275;0.0603;1.3701766;0.0469;6.03e-10;2.24e-19;0.5346823;-0.0728;5.48e-12;0.00445
0.5927636;0.6638803;0.057;0.7075847;0.0404;5.96e-10;7.22e-19;0.892073;0.035;2.89e-11;-0.00884
0.5700323;0.6794737;0.0534;0.6508575;0.0449;7.52e-10;1.58e-18;0.5558042;0.0502;4.28e-11;-0.00803
0.7186423;0.6160966;0.0716;0.6861166;0.0402;6.79e-10;1.23e-18;0.562004;-0.0574;3.44e-11;-0.00479
0.6097932;0.6079062;0.076;0.8559336;0.048;9.22e-10;1.59e-19;0.4063854;0.00986;1.8e-11;0.00786
0.5942825;0.6922597;0.0377;1.2372111;0.0609;6.33e-10;5.61e-19;1.0989223;-0.022;5.4e-12;-0.00365
0.7107633;0.6011667;0.0509;1.0282428;0.0624;1.07e-09;3.85e-19;0.4983248;-0.0929;3.29e-11;0.00811
0.6032561;0.7466897;0.0717;1.0002254;0.0446;9.58e-10;9.7e-19;1.1475328;0.0915;2.6e-12;-0.00202
0.6052446;0.6632693;0.0628;1.1648246;0.0524;1.09e-09;1.14e-18;1.0896065;0.0118;4.21e-12;-0.0151
0.6466157;0.7174281;0.0558;1.2600434;0.0411;8.84e-10;4.55e-19;0.7558623;0.099;3.35e-12;0.0074
0.5535598;0.6449827;0.0346;0.7813222;0.0568;6.53e-10;2.21e-19;1.0804098;-0.0593;4.68e-11;-0.00842
0.5552244;0.730533;0.0643;0.946372;0.0496;1.05e-09;1.46e-18;0.4369095;0.0325;3.01e-12;0.0165
0.5835958;0.6121582;0.0485;1.1011674;0.0399;6.85e-10;2.5e-19;1.0282583;0.0833;3.85e-11;-0.00579
0.7374008;0.6957007;0.067;0.7718016;0.0486;6.44e-10;2.79e-19;0.9653805;0.0766;1.1e-11;0.0162
0.6439027;0.6404085;0.0383;0.6505579;0.0457;7.93e-10;3.41e-19;1.1544887;-0.0532;8.7e-12;-0.0078
0.6727834;0.6444295;0.0752;0.7041898;0.0524;8.96e-10;1.36e-19;1.105612;0.0949;2.39e-11;0.0133
0.5605915;0.7495629;0.0569;1.066363;0.0607;7.26e-10;3.4e-19;0.7644326;-0.05;3.37e-11;-0.00662
0.5867535;0.6697972;0.0363;0.627702;0.0414;8.61e-10;8.67e-19;0.5825696;-0.0847;1.09e-11;0.0158
0.603838;0.7488657;0.0439;1.113308;0.0435;8.22e-10;4.05e-19;0.7750617;0.0208;3.04e-11;-0.00662
0.7365316;0.7051821;0.0345;1.1941932;0.0444;4.54e-10;2.11e-19;0.5294267;0.0694;1.32e-11;-0.0165
0.5634756;0.73518;0.0308;0.9207249;0.0455;9.02e-10;2.9e-19;0.7160904;0.00333;2.86e-11;-0.00529
0.6921773;0.6551881;0.0751;1.2177255;0.0512;7.37e-10;5.69e-19;0.7070318;-0.0855;1.61e-11;-0.00265
0.6846355;0.6349689;0.0557;1.2543205;0.0621;5.02e-10;1.44e-18;1.0727295;0.0768;3.23e-11;0.0108
0.6177799;0.7502847;0.0474;1.3289384;0.0606;1.08e-09;6.53e-19;0.5068814;-0.025;4.71e-11;0.00572
0.7166623;0.7992655;0.0739;0.665995;0.0408;4.96e-10;2.06e-19;0.5864975;0.0378;3.18e-11;0.00838
0.6704579;0.7540366;0.079;1.0206555;0.062;7.31e-10;3.14e-19;0.5281275;0.0509;2.99e-11;-0.0192
0.5510441;0.701045;0.059;1.1746612;0.0563;8.57e-10;2.56e-19;0.5928337;0.0925;4.73e-12;0.0161
0.6494382;0.7583957;0.0378;1.0217482;0.0626;8.54e-10;5.62e-19;1.1966083;0.084;3.88e-12;-0.0199
0.6834174;0.7188203;0.0751;0.805204;0.0444;7.22e-10;7.86e-19;1.088957;-0.0417;1.56e-11;0.00439
0.5500861;0.7188401;0.0515;1.391609;0.0515;9.76e-10;2.85e-19;0.7884318;-0.069;1.21e-11;-0.0127
0.6964247;0.7016581;0.0323;0.7996692;0.0467;8.41e-10;5.76e-19;0.4753646;0.0137;1.33e-11;-0.00706
0.7146406;0.7655775;0.0565;0.9837267;0.049;5.8e-10;3.3e-19;0.8089277;0.0706;3.88e-12;0.0129
0.6556067;0.7121035;0.0345;1.3031967;0.0402;4.55e-10;6.63e-19;0.9821786;0.0728;2.53e-11;-0.018
0.5651363;0.7123074;0.0666;0.8808098;0.0418;8.76e-10;2.24e-19;0.6441938;-0.0554;1.04e-11;0.00591
0.6628423;0.6846787;0.0693;0.8407229;0.0505;7.07e-10;2.47e-19;0.9653355;-0.0416;1.46e-11;-0.00519
0.7132894;0.6442714;0.0414;0.7251142;0.0513;8.1e-10;2.14e-19;0.5494112;-0.00712;1.88e-11;0.00733
0.6659946;0.7677684;0.0386;1.2914457;0.0505;4.58e-10;4.51e-19;0.4657908;0.0902;9.91e-12;0.0076
0.6130992;0.6913825;0.056;1.2898268;0.0545;8.21e-10;2.11e-19;0.4518794;0.0591;3.5e-11;0.00702
0.6124765;0.7595616;0.0591;1.083956;0.0402;9.52e-10;3.24e-19;1.0680636;-0.0288;1.9e-11;0.00659
0.5938296;0.6257362;0.0346;0.660449;0.0515;5.48e-10;7.8e-19;0.838706;0.0257;5.66e-12;0.00536
0.5827568;0.6490762;0.0637;1.1296663;0.0456;9.01e-10;9.02e-19;0.6199317;-0.0173;6.26e-12;-0.00976
0.6794163;0.7876738;0.0677;0.6885574;0.0515;5.78e-10;1.4e-19;0.6100831;0.0477;3.17e-11;0.00904
0.5614447;0.6292023;0.0329;1.0131539;0.055;5.24e-10;9.07e-19;0.8983295;-0.0431;4.1e-12;-0.00208
0.7481012;0.6379076;0.0541;0.7780481;0.0495;6.71e-10;2.37e-19;1.0908096;0.00703;4.39e-11;-0.000441
0.5501233;0.713501;0.039;0.6478628;0.0513;5.65e-10;1.6e-19;1.1880531;0.011;3.7e-11;-0.0185
0.5570807;0.742628;0.0452;0.9554741;0.044;9.85e-10;1.03e-18;1.0616171;0.0707;3.59e-11;0.00136
0.5985524;0.7959557;0.0498;1.0174164;0.0446;9.71e-10;5.6e-19;0.9999778;0.0479;1.64e-11;0.0178
0.723792;0.6109333;0.0786;1.0062819;0.0549;7.44e-10;1.33e-19;0.8206194;-0.0941;2.67e-12;0.00264
0.5835546;0.7429295;0.0402;1.3573946;0.0438;6.65e-10;1.02e-18;0.4263092;0.032;4.14e-12;0.0129
0.6102314;0.6977678;0.0407;1.2756099;0.0534;6.35e-10;1.99e-19;0.4787571;0.0741;2.12e-12;-0.00731
0.7427251;0.6032799;0.0694;0.6206878;0.0421;8.15e-10;1.36e-19;1.1633075;-0.00576;2.81e-12;0.0115
0.6847462;0.6758024;0.0302;1.187907;0.0439;6.22e-10;1.24e-18;1.0263051;-0.0934;5.82e-12;-0.00903
0.6970383;0.745994;0.0559;0.8982247;0.0608;1e-09;3.49e-19;0.5075911;-0.0247;1.4e-11;-0.00336
0.743739;0.7881973;0.0712;1.2566766;0.0574;1.06e-09;2.68e-19;0.6827274;-0.0733;4.39e-11;0.00329
0.6059346;0.6317203;0.0373;0.73641;0.058;9.3e-10;1.19e-19;0.4824958;0.0118;2.29e-12;0.0113
0.6685911;0.6904208;0.061;1.2440746;0.0424;5.18e-10;3.02e-19;0.8713408;-0.024;5.57e-12;0.0168
0.6133313;0.6348161;0.0497;0.7577715;0.0499;9.55e-10;1.41e-19;0.7770489;0.0948;1.89e-11;0.00103
0.6553883;0.6396695;0.0782;0.9812247;0.0512;6.01e-10;1.17e-19;0.762245;-0.000538;3.17e-11;-0.006
0.598137;0.6564213;0.0542;0.6794286;0.0494;7.36e-10;2.16e-19;0.8775165;-0.0607;3.63e-11;-0.0128
0.7386958;0.6090778;0.0687;0.6779868;0.0564;6.68e-10;4.53e-19;1.1241508;0.0168;5.18e-12;-0.0171
0.5842585;0.6202576;0.0494;1.3658262;0.0413;7.7e-10;4.53e-19;1.023513;0.0766;1.27e-11;0.00626
0.6148369;0.7829947;0.0411;0.6272033;0.0488;6.64e-10;1.47e-18;0.7560584;0.00292;3.68e-11;0.00845
0.7203137;0.7145978;0.038;1.0074542;0.0465;1.1e-09;7.44e-19;0.4128128;0.0032;9.79e-12;-0.00995
0.7104448;0.7673363;0.0672;0.790127;0.0593;1.07e-09;1.75e-19;0.4039412;-0.0483;9.24e-12;0.00555
0.5728012;0.7291505;0.0437;0.6817416;0.0437;8.9e-10;9.11e-19;0.7318744;-0.0427;4.41e-12;0.0137
0.7025698;0.7603669;0.049;0.8803513;0.0593;5.15e-10;1.53e-19;0.8558045;0.0323;1.41e-11;0.000656
0.7413605;0.6676606;0.0752;0.9580871;0.0445;5.21e-10;1.14e-19;0.4787267;-0.065;5.68e-12;0.0192
0.5966197;0.7698572;0.0585;1.0134088;0.053;5.54e-10;3.26e-19;0.6935956;0.0623;3.37e-12;-0.0147
0.7116557;0.6556916;0.0303;1.2166123;0.0549;1.03e-09;2.28e-19;0.6626322;0.0271;6e-12;-0.0191
0.7141467;0.7245668;0.0703;1.302784;0.0514;6.59e-10;1.99e-19;0.5012631;0.0337;8.07e-12;-0.013
0.7134848;0.6629067;0.044;0.652727;0.0506;5.66e-10;1.91e-19;0.6526321;0.0964;9.87e-12;-0.00657
0.7364936;0.6099388;0.0521;0.8292849;0.0428;8.1e-10;3.64e-19;0.8480926;-0.0464;3.12e-12;0.0163
0.6093297;0.7067005;0.0475;0.7626877;0.0554;5.41e-10;1.56e-18;0.5955894;0.00495;3.21e-11;-0.0182
0.5919861;0.6689734;0.0671;1.0316448;0.0466;7.42e-10;3.12e-19;0.9578347;-0.0895;3.13e-12;-0.0179
0.5591758;0.7070602;0.061;0.7732735;0.0475;8.01e-10;1.62e-19;0.8605979;-0.0214;1.6e-11;0.00437
0.7350144;0.7574755;0.0618;1.3029383;0.0508;6.67e-10;2.86e-19;0.7173549;-0.0818;2.27e-12;-0.00501
0.7095117;0.769208;0.0381;1.2283564;0.0455;4.57e-10;3.74e-19;0.8672106;-0.0955;3.21e-11;0.0136
0.7251572;0.67903;0.0423;0.9811419;0.0607;1.05e-09;3.14e-19;1.125184;0.0805;8.25e-12;-0.00714
0.686645;0.6942372;0.0616;0.839039;0.0423;5.3e-10;4.43e-19;0.5969278;0.0165;3.47e-11;0.00583
0.7142863;0.6370704;0.0525;0.8777004;0.0547;5.68e-10;1.48e-19;0.9373335;0.015;5.39e-12;-0.00526
0.6935949;0.7636012;0.062;1.0545952;0.0558;1.08e-09;1.09e-18;0.8841652;-0.0558;2.12e-11;0.0192
0.6200976;0.6528283;0.0615;1.1727366;0.0602;6.68e-10;1.14e-18;0.5120154;-0.099;3.31e-11;0.00463
0.6987256;0.7176986;0.0548;0.8355646;0.0539;4.9e-10;6.34e-19;1.0692997;0.0836;1.45e-11;0.0104
0.6976358;0.7600486;0.0428;1.157656;0.0571;5.08e-10;1.52e-19;0.8344743;-0.013;2.8e-12;0.0136
0.5647295;0.7843961;0.0589;0.6548298;0.049;5.21e-10;8.7e-19;0.8788876;0.0203;1.14e-11;0.0155
0.6727048;0.6457597;0.0305;1.2469358;0.0609;6.1e-10;4.1e-19;1.1490729;0.00558;1.28e-11;-0.00335
0.613962;0.7999686;0.0589;1.2288767;0.0532;9.24e-10;1.19e-19;0.9770365;-0.0972;2.11e-12;-0.00704
0.5918195;0.661383;0.0366;1.0749485;0.0513;8.52e-10;7.44e-19;0.6048808;0.0686;3.54e-11;-0.00449
0.6793496;0.6043947;0.036;0.741882;0.0468;5.29e-10;1.35e-18;1.1126636;-0.0616;5.77e-12;-0.00704
0.5626746;0.7903947;0.0513;1.3049912;0.0529;5.22e-10;9.27e-19;0.6486653;-0.0986;3.52e-11;-0.00823
0.6693745;0.6156677;0.0394;0.6331093;0.0424;7.29e-10;1.05e-19;0.5136121;-0.0482;2.36e-11;-0.00259
0.5879242;0.734055;0.0481;0.6631328;0.0532;4.53e-10;6.85e-19;1.0942287;0.00588;4.14e-12;0.00842
0.6644845;0.6307803;0.0409;1.3919874;0.053;7.82e-10;2.68e-19;0.7262745;0.052;2.12e-12;0.00145
0.6190791;0.7734557;0.0392;1.1593256;0.0504;1.06e-09;7.27e-19;0.6687573;0.0372;3.13e-12;-0.00401
0.711838;0.7366643;0.0751;0.7079774;0.0623;5.16e-10;9.55e-19;0.579154;0.0356;4.1e-11;0.00112
0.6566233;0.7627581;0.0689;0.7140303;0.0413;5.36e-10;3.49e-19;0.7950981;-0.0926;2.12e-12;0.00731
0.6792135;0.6527536;0.069;1.3991545;0.0457;1.06e-09;1.04e-19;0.978893;0.0152;1.11e-11;0.00755
0.6750164;0.7830707;0.0591;1.135765;0.0475;9.29e-10;5.51e-19;0.5684722;0.00396;2.92e-11;-0.0192
0.6506198;0.7664392;0.0465;0.923115;0.0399;8.68e-10;4.83e-19;1.1812233;-0.00336;2.53e-12;-0.011
0.6719389;0.7490332;0.0589;1.1260622;0.0522;4.83e-10;8.99e-19;0.6160105;-0.0999;6.99e-12;-0.013
0.5598407;0.7452241;0.0578;0.7088174;0.0415;7.29e-10;3.32e-19;0.5658885;-0.0298;1.04e-11;-0.0173
0.6910194;0.6219715;0.047;0.8321264;0.0421;5.65e-10;1.96e-19;1.0896955;0.0124;1.26e-11;-0.00465
0.6962765;0.6215093;0.044;0.8137293;0.0413;9.97e-10;8.32e-19;0.5355874;0.0778;3.9e-12;-0.0191
0.5693852;0.6133073;0.034;0.7222124;0.0472;8.61e-10;2.58e-19;0.4119724;0.0568;3.7e-11;-0.0127
0.6528456;0.6556006;0.032;0.9262286;0.04;7.68e-10;2.21e-19;0.7993946;0.00939;2.8e-12;0.0148
0.6587022;0.7286124;0.0338;0.9437413;0.0556;5.25e-10;2.66e-19;0.8906183;-0.0457;1.2e-11;0.000363
0.6388332;0.6517987;0.0304;0.9570203;0.0423;6.55e-10;1.43e-18;0.6993387;-0.0205;2.68e-12;-0.00272
0.6867181;0.7961801;0.0555;1.2708468;0.0499;6.74e-10;1.25e-18;0.8676495;0.0968;2.21e-12;-0.0193
0.5810258;0.7372251;0.0789;0.9149624;0.0548;7.56e-10;7.78e-19;0.4123963;0.0365;8.82e-12;-0.0182
0.6260473;0.6836626;0.0508;0.6173221;0.0466;6.68e-10;3.88e-19;1.0362844;-0.0786;1.02e-11;-0.00712
0.7106325;0.6980851;0.0412;1.3977739;0.0507;6.38e-10;8.45e-19;0.6415961;-0.0437;1.05e-11;0.00921
0.6475187;0.7439174;0.0759;1.26722;0.0562;7.8e-10;2.64e-19;0.7208768;-0.0922;3.05e-11;0.00906
0.6540144;0.618228;0.0699;0.6713065;0.0573;7.67e-10;1.03e-18;0.6273505;0.0965;7.19e-12;0.0103
0.6505744;0.706372;0.0312;1.3254073;0.0576;8.19e-10;3.85e-19;0.7173439;0.0106;1.14e-11;-0.0106
0.6671949;0.7291895;0.0768;0.9214439;0.0629;9.37e-10;5.14e-19;0.7639312;0.0179;3.96e-11;0.000104
0.6397248;0.6568056;0.0605;1.3513036;0.0446;5.52e-10;6.44e-19;0.9277429;-0.0642;6.35e-12;0.00616
0.6437512;0.7964717;0.033;1.2364454;0.0553;4.44e-10;3.88e-19;1.1961643;-0.0622;5.64e-12;0.0155
0.610792;0.6963875;0.0417;1.3596873;0.0442;7.55e-10;3.53e-19;1.1651978;-0.0363;3.56e-11;0.0132
0.67275;0.7373067;0.0645;0.8461844;0.0562;5.46e-10;1.47e-19;0.923781;-0.0873;1.38e-11;0.000822
0.6458154;0.7702529;0.0501;0.672351;0.0445;8.33e-10;1.03e-19;0.7198134;-0.0149;6.09e-12;-0.012
0.7004454;0.7755608;0.0459;1.2047468;0.0618;9.18e-10;1.42e-18;0.5811045;-0.00295;4.84e-11;-0.00388
0.6339147;0.7044918;0.0533;1.3629767;0.0539;5.28e-10;2.96e-19;0.8774678;-0.0705;3.55e-11;0.00597
0.5703074;0.6767685;0.0735;0.7163634;0.0435;6.8e-10;4.12e-19;1.0087672;-0.0182;7.58e-12;-0.00449
0.7167366;0.6630625;0.079;0.9943187;0.0446;5.85e-10;6.32e-19;1.077226;0.0383;4.1e-12;-0.00831
0.5990582;0.6143137;0.034;1.0725137;0.0559;8.44e-10;5.61e-19;1.0890319;0.0606;1.28e-11;-0.013
0.6073671;0.6685243;0.0673;1.1104451;0.0463;9.93e-10;4.5e-19;0.4794781;-0.0176;2.15e-12;-0.00367
0.6673165;0.7840254;0.0359;0.9753081;0.0524;4.7e-10;2.72e-19;0.7429526;0.000307;9.86e-12;0.012
0.6546327;0.7491881;0.0447;1.2801464;0.0398;7.01e-10;1.75e-19;0.5936743;0.098;1.26e-11;-0.0167
0.5516642;0.7779233;0.0418;0.7065619;0.0421;9.15e-10;4.22e-19;0.596874;-0.0228;3.44e-12;-0.00522
0.7291928;0.7357384;0.0344;0.9755396;0.0613;9.04e-10;1.19e-19;0.6535062;-0.0753;8.67e-12;-0.0121
0.6330961;0.7143824;0.0647;0.7927732;0.0525;6.18e-10;6.78e-19;0.8483406;-0.0126;9.38e-12;-0.0182
0.6726568;0.6387374;0.043;0.943709;0.0429;4.47e-10;9.55e-19;1.0906038;0.0493;4.51e-12;0.00778
0.6972566;0.6661146;0.0773;0.685541;0.0603;4.79e-10;1.72e-19;1.1363457;0.00742;3.76e-11;-0.00833
0.7208869;0.6467662;0.037;0.7033527;0.061;1.1e-09;3.11e-19;0.9373;-0.0352;4.96e-11;-0.0151
0.5509733;0.6226988;0.0776;1.2286831;0.0584;1.04e-09;4.43e-19;0.9846722;-0.0341;1.19e-11;-0.00385
0.7484853;0.761657;0.0572;1.2559756;0.0444;5.19e-10;1.34e-18;1.0556425;-0.0319;3.16e-12;-0.00358
0.5838258;0.7575842;0.0689;0.6895423;0.0555;6.55e-10;1.02e-19;0.5029284;-0.0676;1.71e-11;-0.0113
0.6996654;0.6931015;0.0679;1.199578;0.0591;5.56e-10;1.45e-18;1.1312925;-0.0479;2.17e-12;-0.00857
0.5823853;0.6314983;0.0791;0.6056092;0.0412;9.06e-10;1.22e-19;0.643045;0.0469;8.47e-12;-0.0147
0.5611534;0.6033958;0.0427;1.3554811;0.0514;1.1e-09;1.52e-18;0.9416702;-0.0416;6.15e-12;-0.0108
0.7271853;0.6442319;0.0456;0.9772786;0.0614;8.71e-10;4.89e-19;0.8126669;0.0146;7.24e-12;0.012
0.579112;0.6612791;0.0677;1.2631168;0.051;6.2e-10;4.99e-19;1.1163648;-0.0683;5.47e-12;0.000134
0.5888762;0.6371373;0.0769;1.3467994;0.0434;1.11e-09;5.81e-19;0.9880348;0.0472;3.84e-12;0.0129
0.6036985;0.7231372;0.0464;0.9562231;0.0528;7.32e-10;4.03e-19;0.8667597;0.00358;4.36e-12;-0.00403
0.59046;0.6408519;0.0662;0.7581875;0.0552;5.46e-10;1.31e-18;0.5923335;-0.00687;3.67e-12;0.00333
0.6454832;0.7004523;0.0702;0.6554783;0.0498;6.58e-10;7.41e-19;0.8734439;0.098;2.87e-12;0.0188
0.6832878;0.6551336;0.0542;0.8802578;0.0622;4.98e-10;1.66e-19;0.7262322;0.00238;2.69e-11;0.00065
0.6423475;0.7921409;0.076;0.8756194;0.0512;8.04e-10;9.54e-19;0.5941715;-0.0294;7.13e-12;0.00667
0.6219703;0.6359551;0.032;1.0754381;0.0485;4.56e-10;6.03e-19;0.8812484;0.0158;4.89e-12;-0.00179
0.6792989;0.7563316;0.0515;0.6372215;0.0575;4.81e-10;9.21e-19;0.9016016;-0.0564;4.53e-11;-0.000585
0.6940906;0.6369123;0.0415;0.7914082;0.0566;6.28e-10;1.12e-18;0.4904591;0.0483;2.51e-11;-0.0134
0.7038261;0.6548938;0.0618;0.9319784;0.0412;8.3e-10;1.31e-18;1.1991663;-0.0834;4.04e-12;-0.00666
0.6273064;0.6894089;0.044;0.9968888;0.0563;5.68e-10;6.48e-19;0.4425765;0.0303;4.48e-11;0.0108
0.6321269;0.6133691;0.0398;0.8039111;0.0584;9.94e-10;1.53e-18;0.7090542;-0.0982;4.39e-12;-0.0167
0.7173998;0.7502845;0.0602;0.6498736;0.0513;4.67e-10;1.63e-19;1.0735412;-0.0396;3.24e-11;-0.0117
0.6786492;0.7803584;0.0736;0.6551264;0.0398;8.88e-10;1.41e-18;0.9838611;-0.0428;1e-11;-0.000452
0.7324471;0.686593;0.0453;1.0970016;0.0483;6.61e-10;1.04e-18;1.0280348;-0.0258;4.28e-11;0.00897
0.6739352;0.627763;0.0757;0.6907183;0.0421;6.89e-10;6.77e-19;1.1933482;0.0919;3.48e-11;0.0112
0.6934109;0.7939502;0.0717;0.6216744;0.0478;4.54e-10;1.1e-18;0.5873168;0.0269;1.09e-11;-0.00887
0.598334;0.6798045;0.0495;0.8176956;0.0437;8.67e-10;1.06e-18;0.794861;0.00376;5.83e-12;0.0037
0.6899846;0.6792839;0.0578;0.6431833;0.052;7.86e-10;1.56e-19;0.7027154;0.029;4.26e-12;-0.0055
0.6433746;0.6244915;0.0558;1.3339885;0.0551;1.02e-09;1.38e-18;0.5971454;-0.0264;2.56e-11;0.00418
0.6946921;0.6510194;0.0315;0.7761925;0.0406;1.1e-09;1.39e-18;0.8010014;-0.0943;2.05e-11;-0.00569
0.6867841;0.6266231;0.0307;0.6927815;0.0598;7.67e-10;1.09e-19;0.4551412;0.0204;3.55e-11;-0.00813
0.5842669;0.7092705;0.0586;0.9311781;0.0491;6.41e-10;1.8e-19;0.7431189;-0.0913;2.95e-12;-0.0142
0.6225701;0.7650937;0.0504;0.7954271;0.0625;5.85e-10;1.98e-19;1.0261596;-0.0266;4.89e-12;0.0186
0.7390495;0.6877859;0.0425;0.6128081;0.0494;1.01e-09;1.09e-19;0.5514092;-0.0628;5.89e-12;-0.0125
0.7392205;0.7345082;0.0325;0.6531532;0.0578;9.33e-10;2.43e-19;0.8069916;-0.0492;1.57e-11;0.00209
0.7405606;0.6019426;0.0524;0.8311563;0.0501;6.31e-10;4.98e-19;0.8043604;0.0567;2.73e-12;-0.00125
0.568801;0.6373449;0.0724;0.9638944;0.057;7.67e-10;8.95e-19;0.4965175;0.061;1.68e-11;-0.0179
0.6221875;0.7446966;0.0348;1.3726537;0.0584;7.09e-10;1.41e-18;0.7002648;-0.0189;2.23e-12;-0.0183
0.6959413;0.6983326;0.0707;0.863719;0.061;7.28e-10;5.21e-19;0.9569929;0.0819;9.93e-12;0.0132
0.6430668;0.7157772;0.0694;0.8785657;0.0428;9.65e-10;1.08e-18;0.9428663;-0.00195;4.84e-12;0.00657
0.5606015;0.6542024;0.0342;1.2428416;0.0528;1.03e-09;9.45e-19;1.0530945;0.0269;6.77e-12;-0.0134
0.7396773;0.626977;0.0445;0.8182459;0.0476;1.09e-09;7.13e-19;0.8807721;0.0396;2.07e-12;-0.00795
0.6739363;0.7758295;0.0357;0.6915803;0.0469;6.07e-10;2.22e-19;0.7857251;-0.0296;6.95e-12;-0.0137
0.6383596;0.7882147;0.066;1.2297012;0.0476;8.38e-10;6.04e-19;0.7082364;-0.0662;8.53e-12;0.00814
0.637142;0.7675847;0.0394;0.9894019;0.0587;7.62e-10;1.72e-19;0.6080779;-0.0158;1.35e-11;0.00806
0.605511;0.6255455;0.0595;1.0161124;0.0534;6.43e-10;4.66e-19;0.559066;0.0241;2.11e-11;0.00796
0.6852811;0.7516738;0.0654;1.2145059;0.0409;1.09e-09;1.65e-19;0.4639035;0.0563;2.04e-12;0.0106
0.7136479;0.7819596;0.0475;0.9113178;0.0571;7.89e-10;4.13e-19;1.055489;0.0237;5.53e-12;-0.00488
0.7013799;0.7999832;0.0494;1.3321782;0.0437;1.03e-09;7.26e-19;0.9154908;-0.0415;7.4e-12;-0.0165
0.7073217;0.7249612;0.0418;1.2377174;0.0409;4.55e-10;7.43e-19;0.7511294;-0.00714;8.21e-12;-0.00117
0.6588253;0.6645032;0.0317;1.3891793;0.0494;1.03e-09;1.32e-18;0.5740104;0.0125;2.26e-12;0.0109
0.6141608;0.7631105;0.0393;0.8168335;0.0515;8.15e-10;1.58e-19;0.9923874;0.074;7.54e-12;-0.00952
0.5553113;0.716025;0.0643;0.7447371;0.0459;8.63e-10;1.01e-19;0.5405545;0.085;3.69e-11;-0.0151
0.704972;0.6415366;0.0566;0.9550111;0.0532;6.64e-10;1.84e-19;1.185558;0.0507;2.44e-12;-0.00437
0.6101937;0.7044637;0.0489;1.1431422;0.0553;4.78e-10;1.65e-19;0.6210788;0.022;8.49e-12;-0.0146
0.7450245;0.7836931;0.0519;0.6568043;0.0473;6.12e-10;2.43e-19;1.0592949;-0.0621;1.68e-11;-0.0021
0.61147;0.6657768;0.0409;1.1609093;0.0427;4.54e-10;1.78e-19;0.9848935;0.0269;2.95e-11;-0.00131
0.6490915;0.6296408;0.0341;0.9266649;0.047;7.09e-10;9.25e-19;1.1508884;-0.0262;3.32e-11;-0.00974
0.7448293;0.6061719;0.0531;1.2124695;0.0461;1.06e-09;2.7e-19;0.5899024;-0.0541;1.15e-11;-0.00743
0.6708794;0.6925782;0.0473;1.3806697;0.0442;8.03e-10;6.29e-19;0.8612816;-0.0263;4.26e-11;-0.0117
0.7424114;0.6460489;0.067;1.2596049;0.0404;4.6e-10;5.16e-19;0.9101034;-0.0762;3.46e-11;-0.0163
0.5977625;0.7406177;0.0655;0.6328714;0.0475;1.07e-09;1.34e-19;0.5097017;0.00768;1.34e-11;0.0022
0.676243;0.6903613;0.065;0.7249317;0.0544;5.07e-10;1.13e-18;1.0187048;0.0155;3.19e-12;0.00834
0.6929974;0.7634051;0.0646;0.9358472;0.0525;8.53e-10;2.59e-19;1.1737156;0.0176;9.75e-12;0.00461
0.7247529;0.7358509;0.0522;0.7283471;0.0431;9.46e-10;3.13e-19;0.6342101;-0.0726;2.11e-12;-0.00386
0.5921766;0.7717995;0.0763;1.1540364;0.0525;9.89e-10;2.4e-19;0.6801298;0.0775;5.83e-12;-0.0128
0.629355;0.6198015;0.0406;1.172649;0.0403;8e-10;1.26e-19;1.117269;0.0295;1.72e-11;-6.67e-05
0.716628;0.647673;0.0769;1.2049507;0.0421;6.8e-10;3.92e-19;1.0943938;0.0763;4.24e-12;-0.0156
0.7026895;0.6513676;0.0424;1.105884;0.0485;5.17e-10;1.66e-19;0.9562404;0.0349;1.32e-11;0.00982
0.6391043;0.7936727;0.0328;0.9213532;0.0553;4.92e-10;1.7e-19;0.6475649;0.0582;2.45e-11;0.0171
0.7175287;0.6153661;0.0627;0.9381775;0.051;4.46e-10;6.3e-19;0.8790363;0.091;1.21e-11;-0.00247
0.5752741;0.6562023;0.0657;0.7169013;0.0438;1.03e-09;7.44e-19;1.0185245;0.00246;6.58e-12;0.0183
0.6228344;0.78579;0.0691;0.8203114;0.0408;6.04e-10;1.25e-18;0.8400737;-0.0623;2.78e-12;0.00631
0.5820426;0.7803261;0.0649;1.1368241;0.0518;1.07e-09;1.15e-19;0.9908659;-0.0406;2.44e-12;-0.0155
0.6989536;0.6627866;0.0467;0.9715025;0.049;1.01e-09;5.03e-19;1.046112;-0.0203;1.33e-11;0.00213
0.6714768;0.6992346;0.0317;0.9324565;0.0624;8.45e-10;2.69e-19;0.7707495;0.0775;2.69e-11;-0.0179
0.6396169;0.7798744;0.0348;0.6034234;0.044;8.58e-10;1.26e-19;0.5593339;0.0468;1.77e-11;-0.00712
0.6912085;0.7540522;0.0713;1.0354408;0.0466;1.1e-09;4.21e-19;0.5116163;0.0701;5.12e-12;0.00667
0.5538961;0.6017653;0.032;0.9996828;0.0401;9.23e-10;7.31e-19;0.6216018;0.0928;1.99e-11;0.000471
0.5562267;0.7407642;0.0615;1.0611929;0.0515;6.37e-10;4.3e-19;0.9478848;0.00287;1.24e-11;-0.0169
0.6981212;0.755023;0.0717;1.1919645;0.0481;4.77e-10;1.49e-18;1.0514226;-0.0679;4.2e-12;-0.00624
0.5536011;0.6890586;0.043;0.7409693;0.0441;5.39e-10;3.51e-19;0.5641105;0.0782;4.12e-12;-0.00195
0.6457387;0.6576174;0.0494;0.7490131;0.0416;1.06e-09;1.14e-19;0.5843243;0.0568;3.42e-11;-0.00906
0.6762192;0.7514704;0.0781;1.3558735;0.0627;5.89e-10;2.99e-19;0.6744934;0.00481;2.11e-11;-0.00601
0.6831778;0.7334654;0.0678;0.6313495;0.0451;5.68e-10;4.23e-19;0.644239;-0.0702;2.36e-12;-0.0132
0.7379681;0.643309;0.0314;1.3279321;0.0457;8.55e-10;7.42e-19;1.1569782;-0.0668;1.35e-11;0.0188
0.6763777;0.7767188;0.0535;1.0065892;0.056;6.12e-10;6.68e-19;1.1647435;0.0444;9.71e-12;-0.00649
0.6178496;0.7360474;0.0775;1.1954005;0.0512;7.13e-10;1.86e-19;1.0563422;-0.0466;5.37e-12;-0.00602
0.5953509;0.6440997;0.0301;1.2164052;0.0407;6.51e-10;6.95e-19;0.5379585;0.0428;2.22e-12;0.00184
0.7241682;0.7609066;0.0634;1.356131;0.0507;8.02e-10;1.46e-19;0.6361362;-0.0121;5.67e-12;-0.00457
0.7152719;0.6507482;0.0793;0.8373613;0.0416;6.78e-10;1.15e-18;0.5656722;0.0936;2.31e-12;-0.0157
0.6900479;0.6796074;0.0485;1.348839;0.0473;6.53e-10;1.33e-19;0.7897966;0.0907;1.17e-11;0.00834
0.7375367;0.717754;0.07;0.7528817;0.0581;1.07e-09;1.06e-19;1.0144968;0.0093;1.08e-11;0.0169
0.5973385;0.6080854;0.0573;0.6454609;0.0613;7.9e-10;7.93e-19;0.5316097;0.0663;5.57e-12;-0.000611
0.5576376;0.6048444;0.0387;1.0039835;0.0438;8.15e-10;6.93e-19;0.6993602;-0.0845;4.85e-12;0.0149
0.7001261;0.6894964;0.0595;1.2496653;0.0455;5.35e-10;1.75e-19;0.4830147;0.0227;1.16e-11;0.0112
0.6570161;0.6037999;0.0562;1.0217423;0.0616;9.78e-10;1.22e-18;1.1502707;0.029;3.15e-12;-0.0111
0.6773099;0.7190398;0.0596;1.3524432;0.047;5.8e-10;1.04e-18;1.073294;0.0275;2.77e-11;0.0191
0.6846206;0.6569637;0.07;0.950763;0.0446;8.42e-10;9.85e-19;0.8137314;0.0615;2.28e-12;-0.0129
0.5663568;0.7689098;0.0774;0.8960868;0.0475;9.31e-10;3.33e-19;0.4252582;-0.0247;1.3e-11;0.0107
0.6824821;0.6595143;0.0371;1.0156975;0.0588;5.22e-10;1.03e-18;1.1663355;0.0701;1.26e-11;-0.0151
0.7051983;0.6057889;0.0654;0.7634698;0.0465;7.37e-10;7.46e-19;0.7251562;-0.094;3.5e-11;-0.0155
0.5695902;0.7061367;0.031;0.909568;0.0497;7.64e-10;1.05e-18;0.7779133;-0.059;6.62e-12;0.00735
0.6039865;0.7268093;0.0778;0.8730686;0.0448;7.14e-10;5.97e-19;0.6217061;0.0921;4.33e-12;0.0185
0.5876141;0.7878173;0.0666;0.8461532;0.0426;7.28e-10;4.21e-19;0.8978815;0.0349;3.09e-12;0.0165
0.7310114;0.6415595;0.0537;0.6547525;0.0497;9.7e-10;9.81e-19;0.800457;-0.0647;2.04e-12;-0.000893
0.555009;0.6347871;0.0789;0.8392028;0.0488;7.13e-10;2.04e-19;0.7269285;0.0133;2.68e-11;-0.00845
0.6865871;0.7982914;0.0618;0.7469826;0.0436;4.63e-10;2.97e-19;0.6601346;-0.0858;6.58e-12;-0.00307
0.6757118;0.7459016;0.0623;1.0748144;0.0436;5.98e-10;5.38e-19;0.892055;0.032;1.36e-11;-0.0137
0.6781037;0.6535829;0.0373;0.7891882;0.0469;7.07e-10;1.06e-19;0.6089561;-0.0147;2.71e-11;-0.0194
0.6208344;0.7568728;0.0352;1.012383;0.048;9.35e-10;9.48e-19;0.4847152;-0.089;3.31e-11;-0.0115
0.630973;0.7898945;0.0363;0.6283785;0.0403;1.03e-09;2.06e-19;1.0790412;-0.0566;7.07e-12;-0.00692
0.6740084;0.6796341;0.051;1.1231238;0.0521;6.46e-10;1.31e-18;0.768317;0.0785;3.69e-11;-0.0103
0.6959576;0.6591319;0.0737;1.2145517;0.0528;6.38e-10;1.11e-19;0.7444999;-0.094;2.47e-11;-0.00848
0.6490706;0.7806025;0.0423;1.3438329;0.0483;9.19e-10;2.08e-19;0.5403483;-0.097;1.16e-11;0.00547
0.634868;0.7668594;0.0441;1.1497997;0.0605;5.19e-10;1.15e-18;1.1563252;-0.0393;1.79e-11;0.00757
0.7467561;0.7048256;0.0745;1.1985326;0.0493;7.73e-10;2.7e-19;0.5518418;-0.0459;4.33e-12;0.0179
0.6891561;0.7896021;0.0543;0.9085464;0.0554;8.31e-10;3.98e-19;0.6574442;0.0177;4.87e-12;0.00695
0.7438079;0.6713094;0.0392;0.9905686;0.0541;7.39e-10;7.73e-19;1.1924753;0.0364;8.99e-12;0.0184
0.7359233;0.7314018;0.0553;0.8684564;0.0473;9.48e-10;7.84e-19;0.9037545;-0.0626;6.17e-12;-0.00899
0.6539492;0.7891049;0.0394;1.2761179;0.056;5.13e-10;2.28e-19;0.8493878;-0.03;2.76e-11;-0.0181
0.6871741;0.6930977;0.0558;1.050039;0.0561;9.07e-10;8.39e-19;1.1616014;-0.000941;3.16e-11;0.0139
0.5799067;0.6040191;0.0368;1.2856798;0.0484;5.69e-10;4.37e-19;0.9804625;-0.0183;2.43e-12;0.00996
0.5624227;0.6489037;0.0556;0.8265804;0.0474;1.08e-09;4.43e-19;1.0242788;-0.0599;5.98e-12;0.00565
0.6006304;0.7560914;0.0671;0.6900735;0.0431;5.32e-10;2.49e-19;0.857338;0.0384;5.53e-12;-0.0156
0.6438075;0.7994304;0.0796;1.3922971;0.0488;6.31e-10;3.57e-19;0.9109044;0.00626;1.53e-11;0.0099
0.5592304;0.6127064;0.0511;1.2159694;0.0466;8.03e-10;1.09e-18;0.5429198;0.0343;2.65e-12;0.0174
0.6872225;0.7083469;0.0411;0.7984665;0.057;4.99e-10;1.04e-19;0.4849441;-0.0219;3.97e-12;-0.0121
0.6616259;0.6728228;0.0518;1.3844064;0.0406;8.24e-10;1.12e-19;1.0176507;0.0416;6.53e-12;0.00875
0.704305;0.6996176;0.057;0.9923299;0.056;4.98e-10;1.29e-18;0.7567887;-0.0138;4.1e-12;0.0153
0.745153;0.6311238;0.0552;0.6555004;0.0399;8.04e-10;7.07e-19;0.9711688;-0.045;3.06e-11;-0.0131
0.7456415;0.642472;0.0782;0.8848416;0.0506;6.8e-10;8.27e-19;0.7510204;-0.0176;1.01e-11;-0.0185
0.6356788;0.6318066;0.0737;1.1820681;0.0468;5.18e-10;3.44e-19;0.4625345;-0.0484;2.14e-11;-0.0103
0.57926;0.7538427;0.0779;0.9063911;0.0429;8.04e-10;6.54e-19;0.5671987;-0.0592;1.34e-11;-0.0193
0.6512526;0.7284406;0.0363;0.8740545;0.0625;9.92e-10;9.42e-19;0.7892552;0.0997;3.48e-12;0.00705
0.6246532;0.6820663;0.0446;1.0292274;0.0402;9.29e-10;5.16e-19;0.9197412;-0.0265;2.3e-11;-0.00212
0.7478176;0.7576123;0.0524;0.6380264;0.0458;9.09e-10;1.53e-19;0.722596;-0.0476;1.46e-11;-0.0137
0.7417429;0.6133032;0.0651;0.762374;0.043;8.74e-10;1.54e-19;0.9073562;-0.0689;1.52e-11;0.00483
0.6768579;0.7042731;0.0452;1.370051;0.0508;1e-09;4.81e-19;0.6977222;-0.0975;4.05e-11;-0.00668
0.667371;0.7052133;0.0357;0.7601777;0.0477;8.58e-10;1.63e-19;0.6855626;0.0783;2.94e-11;0.0089
0.6846759;0.7961825;0.068;1.0647619;0.0524;1.04e-09;1.88e-19;1.1537453;0.0604;2.9e-12;0.0172
0.6197828;0.6271775;0.0463;0.7805276;0.0412;6.98e-10;1.04e-18;0.6506937;-0.0745;2.7e-11;-0.0185
0.703745;0.7571055;0.0533;0.701184;0.0607;8.4e-10;5.02e-19;1.1568706;0.0967;2.36e-11;0.0179
0.6279411;0.6878625;0.0388;1.2650087;0.0469;4.89e-10;4.88e-19;0.9863514;0.078;4.67e-12;0.00569
0.6331869;0.7487692;0.0416;1.1208746;0.0473;8.35e-10;8.05e-19;0.9405981;0.0455;1.03e-11;0.00277
0.6418153;0.7742318;0.0609;1.1535429;0.0542;5.77e-10;3.52e-19;0.5163802;0.043;1.59e-11;0.0112
0.6460672;0.6314591;0.0352;0.9688312;0.0441;8.1e-10;1.22e-18;0.5110517;-0.0645;3.25e-12;-0.00192
0.6698241;0.6826572;0.0333;1.1320038;0.0467;6.57e-10;1e-18;0.5837051;0.00156;1.25e-11;-0.0152
0.5630609;0.7641235;0.0702;0.629783;0.0411;7.42e-10;1.36e-19;1.182243;-0.0265;2.42e-11;-0.0101
0.6534782;0.7324253;0.077;0.6258487;0.045;6.68e-10;7.67e-19;0.9118468;0.0428;1.92e-11;-0.000106
0.7391615;0.7364499;0.0301;1.0618511;0.0601;5.85e-10;1.05e-19;1.1731551;-0.0408;2.91e-12;0.00764
0.6119828;0.6675855;0.0543;0.9571501;0.0593;1.09e-09;1.53e-18;0.9856182;-0.0256;3.59e-11;-0.02
0.7288458;0.6187831;0.0403;1.0200692;0.0432;4.58e-10;1.34e-18;1.1196921;0.00998;3.23e-11;-0.00983
0.5542823;0.7764149;0.038;0.7131575;0.0423;6.67e-10;1.43e-18;0.9542591;0.0495;2.33e-12;0.0134
0.6570167;0.7353847;0.0744;0.6727699;0.0408;9.57e-10;4.18e-19;0.6855321;-0.0498;6.02e-12;-0.0156
0.5684171;0.6608469;0.0401;1.1515561;0.0479;9.37e-10;1.91e-19;0.7095952;0.0933;3.93e-12;-0.00464
0.6821951;0.6311424;0.033;0.7033608;0.0414;5.45e-10;1.05e-19;0.7763572;0.0673;1.23e-11;0.00838
0.7143854;0.7305029;0.0786;1.2091492;0.0464;7.63e-10;1.55e-18;0.7338019;0.00202;1.72e-11;0.00419
0.5821056;0.7871774;0.0488;1.3597975;0.053;4.97e-10;5.97e-19;1.0284098;-0.0461;4.56e-11;0.00723
0.7297214;0.7201475;0.0432;0.9738768;0.0597;9.23e-10;1.8e-19;0.8072378;0.0515;9.37e-12;-0.0195
0.6544345;0.6004396;0.0353;1.1597975;0.0551;9.4e-10;4.61e-19;0.5049519;-0.098;2.64e-11;0.0154
0.7225139;0.6431519;0.0413;0.9949254;0.0397;8.57e-10;1.33e-19;1.0158137;-0.0229;3.38e-12;-0.00375
0.6742972;0.7421788;0.0643;0.9216626;0.042;6.21e-10;1.13e-19;1.0387762;0.0174;6.6e-12;0.00314
0.5998081;0.6977809;0.0745;1.3910323;0.052;7.92e-10;3e-19;0.7472451;0.0421;6.51e-12;-0.018
0.7316008;0.758579;0.0445;1.362082;0.0414;1.03e-09;3.44e-19;1.051143;-0.0286;3.72e-12;0.00967
0.6334795;0.6927222;0.0673;0.7112456;0.0585;6.27e-10;9.15e-19;1.1036673;0.0526;2.04e-12;-0.00528
0.6327025;0.6318868;0.0563;0.6709442;0.0626;8.6e-10;1.14e-19;0.9468064;-0.0582;8.63e-12;0.00401
0.6340493;0.7672231;0.0428;0.9703197;0.0495;7.3e-10;9.6e-19;0.9200938;0.0122;2.41e-12;0.0143
0.5586031;0.6424495;0.0696;0.7539234;0.0555;7.75e-10;2.29e-19;0.951829;-0.0026;3.94e-12;0.00998
0.740428;0.6582284;0.0746;1.195675;0.049;8.49e-10;3.51e-19;0.7290104;-0.0185;3.83e-11;-0.00253
0.5830413;0.7091414;0.0445;0.8607701;0.0524;1.02e-09;2.99e-19;0.8896395;-0.0851;8.21e-12;-0.0188
0.5537427;0.7479151;0.0396;0.9355963;0.0519;9.52e-10;3.67e-19;1.1171846;-0.0844;7.74e-12;-0.00957
0.7048244;0.6184202;0.0551;1.168825;0.0439;8.3e-10;1.28e-19;0.9119262;-0.0984;8.26e-12;0.00461
0.7453291;0.660337;0.0511;1.2658198;0.0504;5.16e-10;5.14e-19;0.4383241;0.0159;3.71e-11;0.00838
0.7247051;0.7302442;0.0646;1.3683283;0.0466;6.7e-10;2.66e-19;0.6058938;-0.0304;9.06e-12;-0.00207
0.6344584;0.6670228;0.0559;1.3001087;0.062;6.72e-10;4.97e-19;0.5011435;0.071;7.33e-12;0.0134
0.6180301;0.7716112;0.0324;1.2063491;0.0509;8.14e-10;2.79e-19;1.1911021;-0.0639;2.09e-11;-0.000584
0.5942604;0.6289664;0.0704;0.6735346;0.05;5.43e-10;1.01e-18;0.713214;-0.00999;6.79e-12;0.00195
0.6010733;0.6275468;0.0625;0.8988292;0.05;6.15e-10;1.59e-18;0.9755174;0.0158;3.63e-11;0.00126
0.7314394;0.7574028;0.0677;1.3570313;0.059;9.05e-10;1.24e-19;0.8876693;-0.0247;2.33e-12;0.0166
0.6456131;0.7614315;0.0551;1.2813998;0.0608;4.87e-10;3.23e-19;0.9246044;0.049;4.72e-12;0.00103
0.595207;0.7954432;0.0488;0.6115022;0.0527;6.04e-10;3.63e-19;1.1006653;0.085;3.1e-11;0.0164
0.6677384;0.7087117;0.031;0.9637573;0.0435;9.12e-10;1.45e-18;1.0813155;0.0717;1.95e-11;0.0147
0.6668409;0.68509;0.0461;1.0683883;0.0479;9.89e-10;1e-18;0.880822;-0.0921;1.28e-11;-0.016
0.7290711;0.6384588;0.061;1.213013;0.06;4.63e-10;1.3e-18;0.981927;0.0465;3.56e-12;-0.0168
0.5708668;0.7475265;0.0796;1.0686833;0.0516;9.1e-10;5.27e-19;0.8389524;0.0612;7.91e-12;0.02
0.7471544;0.698239;0.0417;0.7392543;0.0617;6.75e-10;4.12e-19;0.7267581;-0.0459;1.05e-11;-0.00248
0.6036949;0.6890232;0.0309;0.8357991;0.059;7.35e-10;3.77e-19;1.0342292;0.0295;8.79e-12;0.000994
0.593765;0.7065708;0.0677;0.6473766;0.0455;9.96e-10;2.8e-19;0.8962243;-0.0945;2.32e-12;0.017
0.6102699;0.6711836;0.0339;1.3499728;0.0448;4.52e-10;5.63e-19;0.826005;0.0197;1.07e-11;0.00617
0.7327217;0.6882315;0.0457;1.2787218;0.0439;8.74e-10;1.64e-19;0.4261386;-0.0371;2.4e-11;-0.00632
0.736956;0.7749398;0.0619;1.1449519;0.0433;4.81e-10;1.14e-18;1.0607955;0.0937;4e-11;-0.014
0.5710273;0.7621844;0.0376;1.3293428;0.0443;1.02e-09;1.58e-19;1.0811584;0.0305;5.39e-12;-0.0057
0.7356183;0.7630876;0.0411;0.7225603;0.056;1.01e-09;2.75e-19;0.5456471;0.0794;1.95e-11;0.00316
0.6380525;0.6467454;0.0342;0.8476678;0.0474;4.76e-10;8.77e-19;0.9132406;-0.0975;3.59e-12;0.00615
0.7296969;0.7462701;0.0778;0.7532158;0.0425;5.19e-10;1.31e-19;0.6451791;-0.0365;1.99e-11;0.0126
0.616223;0.7060621;0.0666;0.8624342;0.0411;7.62e-10;2.75e-19;0.992964;0.0945;1.24e-11;-0.0182
0.6393324;0.6774876;0.0708;1.3677114;0.0622;9.56e-10;6.6e-19;1.0290666;-0.0538;3.56e-11;0.00587
0.7061701;0.7722443;0.0675;1.3164644;0.0445;5.96e-10;2.08e-19;1.0681564;0.0376;2.59e-11;0.0133
0.7133563;0.7445165;0.0395;1.3778445;0.0487;7.01e-10;1.25e-19;0.951808;0.0232;8.04e-12;0.000735
0.6604495;0.7434339;0.0541;1.0258653;0.0501;1.1e-09;9.56e-19;0.6716557;0.0928;4.68e-11;-0.0156
0.6958194;0.7435912;0.0472;1.3244209;0.0557;8.16e-10;1.43e-18;0.5714543;0.043;2.47e-11;-0.016
0.578257;0.7626218;0.0434;1.0869584;0.0437;9.79e-10;2.12e-19;0.7193788;-0.00207;4e-11;-0.00601
0.66263;0.7266889;0.0606;1.0513265;0.0564;4.69e-10;5.73e-19;1.1912341;-0.00778;5e-11;-0.0122
0.6505223;0.7493597;0.0489;0.672579;0.0401;7.4e-10;5.18e-19;1.177217;-0.0757;1.31e-11;0.0115
0.6147286;0.7445833;0.0307;0.8191374;0.0444;8.59e-10;4.96e-19;0.6147358;-0.0408;1.22e-11;0.00989
0.5941945;0.7826421;0.056;1.26505;0.059;4.89e-10;1.73e-19;0.5327099;-0.0926;3.75e-11;0.0104
0.6212489;0.6149539;0.041;0.7113636;0.0402;6.21e-10;2.8e-19;0.7726631;-0.0243;1.5e-11;0.00591
0.7293955;0.6837113;0.0641;1.2471133;0.0574;9.59e-10;5.9e-19;0.5770432;0.000496;2.63e-11;-0.0128
0.5794303;0.6656395;0.0767;0.7893406;0.055;7.42e-10;2.95e-19;0.6821723;-0.0172;3.6e-11;0.0182
0.7480922;0.6954226;0.0677;1.2010019;0.0617;4.58e-10;1.26e-18;0.9584859;-0.000209;4.03e-11;0.00677
0.7005037;0.6028321;0.0787;1.3463244;0.0423;5.49e-10;1.17e-19;0.9476056;-0.0836;3.19e-11;-0.0172
0.628718;0.6739303;0.0351;1.3998218;0.0619;4.61e-10;3.86e-19;1.1553544;-0.0523;4.88e-11;-0.00533
0.6743046;0.6268381;0.0594;1.2878165;0.0472;8.82e-10;8.04e-19;0.9768191;0.0196;4.17e-12;0.00278
0.5526908;0.6493582;0.042;1.1768163;0.0449;6.62e-10;5.89e-19;0.7211537;-0.0185;7.35e-12;0.00555
0.6019704;0.6908323;0.0452;0.8473386;0.0433;6.53e-10;1.95e-19;1.1239451;0.0131;3.37e-11;-0.0178
0.7320292;0.7091685;0.0382;1.277427;0.0557;5.5e-10;1.01e-19;0.7033842;-0.0253;4e-12;0.0109
0.7025818;0.7870243;0.0767;0.6087452;0.0567;7.56e-10;2.46e-19;1.0964265;0.0726;3.13e-11;-0.0128
0.7436157;0.6907977;0.0389;1.1230835;0.0541;5.75e-10;2.79e-19;0.4637906;0.0424;2.87e-11;-0.00723
0.6990617;0.6239487;0.036;1.281401;0.0466;8.35e-10;1.31e-19;0.8133088;-0.0562;2.1e-12;0.0124
0.6718034;0.736171;0.0601;1.0365697;0.0527;5.89e-10;2.78e-19;0.7203226;0.0982;5.36e-12;0.000811
0.6906665;0.6002968;0.0344;0.95847;0.0428;6.68e-10;1.65e-19;0.9350193;-0.0434;1.04e-11;0.00677
0.7362708;0.6494035;0.0517;1.2901379;0.0481;5.31e-10;4.66e-19;1.1291921;-0.00934;1.04e-11;0.000791
0.6991926;0.7515057;0.0303;0.6522031;0.0627;9.82e-10;5.45e-19;0.5908547;-0.0488;1.12e-11;0.0121
0.643089;0.7567516;0.0685;0.6085933;0.0529;5.31e-10;2e-19;0.8162587;-0.0172;3.23e-12;-0.00613
0.6128898;0.6742853;0.0442;1.1937872;0.053;8.05e-10;1.13e-18;0.7988746;-0.00465;3.37e-12;0.0196
0.6105242;0.7360516;0.0307;0.7074163;0.056;8.81e-10;1.04e-19;0.7523158;-0.07;2.48e-11;0.00125
0.6057264;0.7305501;0.0739;0.7070679;0.0508;6.87e-10;1.77e-19;0.4806914;0.0905;9.04e-12;0.00277
0.6112679;0.7448179;0.0372;1.3311656;0.0558;5.66e-10;2.36e-19;0.6496725;0.0535;4.64e-12;-0.0159
0.6413902;0.6142015;0.0749;0.7682374;0.0459;5.45e-10;1.28e-19;0.433261;0.0812;2.24e-12;0.00343
0.6215523;0.7511474;0.038;0.6829834;0.041;7.8e-10;1.46e-18;0.5536089;-0.0733;5.8e-12;0.00833
0.7004643;0.7985574;0.0354;1.226227;0.0529;7.52e-10;1.72e-19;0.5307105;-0.0539;2.44e-11;-0.0112
0.6163832;0.6166573;0.0473;1.0278233;0.0442;6.18e-10;1.19e-19;0.8871395;0.0347;2.35e-12;0.00663
0.7095959;0.7278145;0.0393;0.974243;0.0579;8.34e-10;1.13e-18;0.6147373;-0.0952;2.03e-11;0.00123
0.5745227;0.706751;0.0598;1.1425346;0.0429;1.02e-09;1.46e-18;1.0261627;0.0791;6.94e-12;-0.00648
0.5949949;0.7974103;0.0793;0.6242167;0.0453;8.03e-10;1.07e-18;0.4372932;-0.0191;2.92e-11;0.0069
0.6317198;0.6847905;0.0316;0.7234335;0.0481;6.61e-10;7.4e-19;1.0915394;0.037;4.2e-11;0.00605
0.6658386;0.6383045;0.0757;1.3440388;0.0606;1.1e-09;1.4e-19;0.5675228;-0.0781;3.38e-11;-0.00858
0.6625332;0.783615;0.0404;1.282789;0.0543;1.03e-09;3.94e-19;0.7690137;0.0473;3.05e-11;-0.00598
0.7290926;0.6965318;0.0659;1.2966506;0.0559;8.4e-10;3.86e-19;0.7556852;-0.045;2.41e-11;0.00913
0.5657312;0.6738001;0.0637;0.7058116;0.0445;6.5e-10;1.26e-18;0.5090162;0.0814;5.23e-12;-0.0173
0.6341687;0.6112189;0.0396;0.6514126;0.0548;7.61e-10;9.42e-19;1.1419226;0.0406;2.46e-12;-0.0022
0.7253224;0.7862749;0.0603;0.8878784;0.0569;5.94e-10;3.39e-19;0.5678683;0.0832;2.42e-12;-0.0147
0.7088868;0.7595451;0.0511;1.0733902;0.0441;7.1e-10;1.55e-18;0.8591813;0.0494;3.29e-12;-0.0136
0.6974581;0.6570175;0.0774;1.22517;0.0448;5.66e-10;9.74e-19;0.7434234;-0.00507;2.79e-11;-0.0111
0.6399837;0.6627376;0.0431;0.7007628;0.0539;8.13e-10;5.74e-19;1.0610231;-0.0368;3.98e-12;0.0104
0.5935876;0.6883177;0.0574;1.0679278;0.0421;6.1e-10;1.55e-18;0.7858321;0.0365;5.16e-12;0.0181
0.6809552;0.6874505;0.069;0.8842735;0.0568;6.14e-10;2.19e-19;0.5256763;0.0397;8.55e-12;0.00748
0.728521;0.6900108;0.0611;0.8756294;0.0398;8.78e-10;1.58e-18;0.4584792;0.000853;2.68e-11;-0.00505
0.6203356;0.7725997;0.0349;0.6431536;0.0457;7.39e-10;3.95e-19;0.6144675;0.037;4.41e-12;-0.00466
0.6695796;0.6748875;0.0372;1.2207756;0.0451;6.12e-10;4.75e-19;0.9761451;-0.00924;1.16e-11;0.0146
0.7067268;0.7500534;0.068;0.8286135;0.045;1.04e-09;4.1e-19;0.6120163;-0.088;9.13e-12;0.00713
0.692515;0.7808995;0.056;0.8418399;0.042;8.34e-10;1.37e-18;0.8542717;-0.0802;1.27e-11;-0.00184
0.7412286;0.7438835;0.0673;0.8938508;0.0528;5.19e-10;1.82e-19;0.5552122;0.0391;4.62e-12;-0.00136
0.7039008;0.7514216;0.0665;1.1252918;0.0524;5.32e-10;1.13e-18;0.7342635;-0.0468;3.1e-11;0.0155
0.5705833;0.7207462;0.0576;1.1358232;0.0618;7.18e-10;1.22e-19;1.128963;0.0832;3.59e-12;-0.0138
0.5553906;0.7651756;0.0526;1.1405222;0.05;9.3e-10;1.42e-19;0.5356685;0.0271;4.96e-12;0.0187
0.6183085;0.7317812;0.0541;0.6438269;0.0471;9.09e-10;6.83e-19;0.8893946;-0.092;4.3e-12;0.0188
0.5866265;0.7992063;0.0378;0.793199;0.0414;5.4e-10;1.2e-18;0.8137414;-0.0272;3.37e-12;0.00307
0.5819231;0.697157;0.0528;1.3861445;0.0524;1.08e-09;2.62e-19;0.753427;0.041;2.26e-11;-0.0161
0.6560774;0.6365028;0.045;1.3575691;0.0456;9.54e-10;3.97e-19;0.8887796;0.0488;3e-11;-0.0105
0.5693099;0.7347401;0.0797;1.2643685;0.0623;7.92e-10;1.38e-19;0.9558163;0.0603;2.9e-12;-0.014
0.6202482;0.7114412;0.0305;1.2131116;0.0623;1.03e-09;9.97e-19;0.7271192;-0.077;4.58e-12;0.0106
0.567944;0.6742694;0.0511;0.7928548;0.0591;6.2e-10;1.14e-18;0.4279866;-0.0155;1.17e-11;-0.00551
0.5921014;0.6590427;0.0411;0.7012786;0.0407;7.32e-10;2.64e-19;0.9228582;-0.0525;1.04e-11;-0.0152
0.5865012;0.786897;0.0333;1.044267;0.0492;9.43e-10;1.01e-18;0.5138336;0.0428;4.6e-12;-0.0165
0.6201753;0.7961067;0.0799;1.2635972;0.0428;1.04e-09;1.28e-19;0.9361304;-0.017;3.57e-12;-0.0148
0.7280664;0.790367;0.0347;1.1687785;0.0433;6.12e-10;5.41e-19;0.6960847;-0.0134;2.1e-12;0.0111
0.7390086;0.6706133;0.0591;0.7119762;0.061;4.89e-10;5.69e-19;0.6466061;-0.0487;2.09e-12;0.0116
0.5891894;0.6541213;0.0765;0.6560162;0.0535;8.8e-10;3.98e-19;0.9116152;-0.0848;2.17e-11;-0.0183
0.5758978;0.6452566;0.0315;1.3111601;0.0512;1.1e-09;4.95e-19;0.797997;0.0499;6.6e-12;-0.0168
0.7364836;0.7139111;0.0776;1.1636692;0.0584;4.93e-10;1.85e-19;0.6954507;0.0332;4.73e-12;-0.0141
0.7092712;0.7141897;0.0694;1.355654;0.0491;7.26e-10;3.92e-19;0.9883546;0.0926;2.23e-11;-0.0178
0.6467508;0.7970298;0.0582;0.9065646;0.0408;6.75e-10;1.49e-19;0.8885697;-0.0456;7.69e-12;0.00207
0.5811012;0.6866365;0.049;1.0349269;0.0416;6.14e-10;8.47e-19;1.0419427;0.0623;2.76e-12;0.0104
0.6874295;0.7025438;0.0456;1.0919319;0.0581;5.7e-10;2.1e-19;0.5730604;-0.0669;1.13e-11;-0.0137
0.6143335;0.686038;0.0643;1.3828012;0.058;9.9e-10;1.28e-19;0.9494448;0.0932;3.54e-12;-0.0162
0.702139;0.6337382;0.0558;1.1545612;0.043;7.78e-10;3.4e-19;1.0573411;0.0974;3.72e-11;-0.00299
0.6176604;0.7829956;0.0365;1.2012331;0.0581;9.15e-10;2.16e-19;1.0152882;0.041;2.42e-11;0.00169
0.6482457;0.6632378;0.0694;0.7377705;0.0479;7.65e-10;8.48e-19;0.4764188;-0.0742;3.43e-12;0.0161
0.5690882;0.6359844;0.0505;0.6731716;0.049;9.27e-10;2.17e-19;0.8764135;0.0323;4.93e-12;0.0105
0.626976;0.6362854;0.0388;0.6023214;0.0478;6.02e-10;6.05e-19;0.6873409;-0.0184;3.41e-11;-0.0108
0.666448;0.7900649;0.0703;1.000194;0.0403;6.81e-10;1.75e-19;0.7279538;-0.0335;3.09e-12;-0.00087
0.695193;0.6157336;0.0443;1.0989873;0.0593;7.32e-10;7.6e-19;0.4481354;-0.0948;1.19e-11;0.00889
0.5576076;0.6904883;0.0508;1.2425143;0.0512;6.54e-10;4.81e-19;0.8494314;0.0311;3.56e-11;-0.0106
0.7462209;0.7635441;0.0371;0.8447597;0.0424;1.03e-09;2.14e-19;0.7570439;0.0854;9.82e-12;-0.00141
0.6133434;0.7902754;0.0475;0.9879733;0.0567;5.81e-10;3.57e-19;0.9359714;0.0719;5.34e-12;0.0164
0.6278589;0.7751142;0.0411;0.691357;0.0603;5.96e-10;1.81e-19;0.5129746;-0.0215;1.27e-11;0.0192
0.602813;0.7320818;0.0544;0.747567;0.0479;9.62e-10;8.47e-19;0.8638513;-0.00542;4.86e-12;0.0178
0.6123519;0.7366203;0.0595;1.1042188;0.0431;5.02e-10;7.62e-19;0.7084981;-0.0803;1.05e-11;-0.00148
0.6465688;0.726808;0.0546;1.3888026;0.0566;7.42e-10;1.16e-19;0.7318264;0.0947;2.43e-11;-0.00558
0.585698;0.67864;0.0641;1.1246749;0.0617;5.56e-10;2.1e-19;0.4435747;-0.0908;2.36e-11;-0.00701
0.5532128;0.7170901;0.0702;0.871846;0.0492;5.96e-10;3.58e-19;0.8666255;-0.0932;1.08e-11;0.0177
0.7043885;0.7091172;0.0694;0.8722059;0.0441;6.34e-10;6.34e-19;1.097289;-0.0359;3.9e-11;0.0113
0.6834999;0.624474;0.0798;0.8784936;0.0526;9.24e-10;3.83e-19;0.5091748;-0.0161;4.84e-12;-0.0123
0.6472081;0.6447655;0.0357;0.6735982;0.0515;1.04e-09;8.18e-19;1.0527844;0.0786;3.09e-12;-0.012
0.6897882;0.6707594;0.0318;0.9584814;0.0469;5.08e-10;5.11e-19;0.5484623;0.0725;1.17e-11;-0.00526
0.7001088;0.6543265;0.0662;0.8395407;0.0429;8.4e-10;4.69e-19;0.5339469;0.0442;2.6e-12;0.0142
0.7373875;0.6113466;0.0739;0.8791515;0.048;1.08e-09;3.51e-19;0.9497879;-0.0761;8.18e-12;0.0143
0.7277421;0.7595077;0.0681;1.365269;0.062;1.06e-09;2.38e-19;0.9993511;-0.048;6.85e-12;-0.0155
0.6708435;0.7694706;0.0416;1.3890328;0.0416;9.3e-10;1.68e-19;0.9397973;0.0555;3.22e-12;-0.0158
0.6035167;0.6429993;0.0508;1.3499001;0.0546;9.8e-10;1.2e-19;0.8515566;-0.0566;3.66e-12;0.00673
0.720975;0.7466408;0.0536;0.647201;0.0429;5.41e-10;1.43e-18;1.1965005;0.0833;5.12e-12;-0.0127
0.6401629;0.7952342;0.0329;1.3985345;0.0414;9.2e-10;1.47e-19;0.8085176;0.00508;1.57e-11;-0.015
0.6321289;0.6046712;0.0359;0.801527;0.0416;6.17e-10;2.71e-19;1.0695438;-0.095;2.97e-11;0.0048
0.7292243;0.6347872;0.0692;1.1265832;0.0446;9.38e-10;3.86e-19;0.6977693;-0.0977;2.18e-11;0.0146
0.7326383;0.7551556;0.0352;1.3554264;0.049;6.17e-10;1.17e-19;1.0713362;-0.0945;5.67e-12;0.0161
0.5752544;0.6715021;0.0717;1.1266011;0.0621;1.01e-09;1.12e-19;0.5097539;0.0697;3.58e-12;0.0187
0.6380136;0.6498519;0.0429;1.3779565;0.0473;6.87e-10;5.04e-19;0.7548513;0.0444;1.02e-11;-0.000548
0.6759877;0.6201491;0.0441;1.1858679;0.0509;5.19e-10;1.88e-19;0.4705694;0.0519;2.01e-12;-0.0165
0.7159278;0.6171436;0.0342;0.7266342;0.0484;6.31e-10;1.32e-18;0.815808;-0.0974;4.91e-11;-0.0117
0.6916872;0.7349528;0.0681;1.2490861;0.0418;5.28e-10;3.9e-19;0.9349573;-0.0408;1.4e-11;-0.0169
0.6771864;0.7631858;0.0622;0.972126;0.0568;7.47e-10;9.56e-19;0.749191;-0.00254;3.85e-11;-0.0165
0.5817345;0.7075185;0.0674;1.1693318;0.0579;6.53e-10;1.53e-18;0.5800253;-0.0674;1.01e-11;-0.0122
0.7486993;0.7361488;0.0763;1.2897204;0.0493;8.47e-10;9.55e-19;1.0936866;-0.0535;8.3e-12;-0.0178
0.6761455;0.6174922;0.0756;0.872523;0.0623;7.78e-10;4.37e-19;0.6399104;-0.0834;4.07e-11;-0.0136
0.687858;0.6499767;0.0752;0.9177182;0.0486;8.09e-10;6.58e-19;0.5283937;-0.0729;2.41e-12;-0.0191
0.7463182;0.7073033;0.0586;0.9880057;0.0603;6.1e-10;2.84e-19;0.7965996;0.0939;1.77e-11;0.00852
0.5962207;0.6224823;0.0367;1.0903127;0.0507;6.68e-10;2.21e-19;0.7507376;0.0949;1.16e-11;0.0181
0.7249528;0.6057736;0.0752;0.8952855;0.047;6.3e-10;1.94e-19;1.097244;0.0799;4.6e-12;0.0189
0.5999031;0.7971475;0.0422;1.1026086;0.0458;4.7e-10;1.59e-18;0.5340262;-0.0934;1.86e-11;0.0117
0.6716392;0.6707527;0.0432;0.6278281;0.0479;4.51e-10;3.94e-19;0.4921717;-0.089;5.31e-12;0.0093
0.6894828;0.6232765;0.045;1.1157259;0.0515;4.56e-10;3.9e-19;0.8559532;0.0714;3.26e-11;0.0076
0.6431242;0.6373221;0.0598;1.0403122;0.058;1e-09;3.34e-19;0.4056587;-0.0752;7.05e-12;-0.0182
0.5908832;0.7915931;0.033;0.7762384;0.0413;1.1e-09;2.67e-19;1.1922845;-0.0178;2.45e-11;-0.00826
0.61138;0.7590139;0.0367;1.1411736;0.0518;7.28e-10;1.58e-18;1.1661811;0.0885;6.65e-12;0.0166
0.708479;0.6578952;0.0754;0.6148431;0.0463;6.8e-10;5.75e-19;0.6860714;0.0797;6.76e-12;-0.00533
0.704175;0.6843994;0.0709;1.2687942;0.0491;4.75e-10;3.21e-19;0.698402;0.0953;2.09e-12;-0.0138
0.6346979;0.7962889;0.0339;1.2162865;0.04;1.02e-09;1.48e-18;0.9392061;-0.0973;1.13e-11;-0.0083
0.5746599;0.7202909;0.051;0.7588873;0.0595;1.05e-09;3.34e-19;1.0279388;0.053;1.1e-11;0.0192
0.5758183;0.65447;0.05;0.6948294;0.0465;5.76e-10;2.37e-19;0.9997427;0.0283;3.22e-11;-0.000599
0.5781476;0.7100452;0.0713;0.742925;0.0425;1.05e-09;1.76e-19;0.8472284;0.0614;7.98e-12;0.0105
0.7329687;0.722531;0.0722;1.1496265;0.0602;4.61e-10;6.99e-19;0.618121;0.008;3.28e-12;-0.00905
0.5622061;0.7223134;0.0728;0.8577135;0.0534;6.09e-10;1.04e-19;0.6418275;-0.0834;1.26e-11;0.00526
0.6291804;0.7885339;0.0305;0.9117408;0.0621;7.42e-10;3.97e-19;0.5082352;-0.0249;9.09e-12;-0.0148
0.641606;0.6074063;0.0484;1.2439896;0.06;9.49e-10;3.35e-19;0.722005;0.071;4.97e-12;0.0113
0.7481142;0.7069263;0.0556;1.3331671;0.0397;6.8e-10;2.48e-19;0.6543824;-0.0527;2.39e-12;-0.0168
0.6579819;0.6388856;0.0691;0.7807551;0.0537;6.6e-10;4.5e-19;1.0253639;0.0144;3.6e-12;-0.0122
0.5776656;0.6579943;0.041;0.7602752;0.0529;9.99e-10;1.18e-19;0.8947481;0.0883;2.79e-12;-0.0156
0.5834126;0.7419716;0.0799;0.6083796;0.0564;4.94e-10;1.36e-18;0.5401203;-0.0722;1.44e-11;0.014
0.7166319;0.7983781;0.0667;1.0729178;0.0458;4.63e-10;4.69e-19;1.143521;-0.0325;2.4e-11;0.00192
0.6737761;0.750111;0.0424;1.1568376;0.0427;8.75e-10;1.23e-19;0.6220276;-0.083;3.86e-12;0.0028
0.6346969;0.7684709;0.0781;0.866396;0.0574;1.06e-09;3.31e-19;0.4525123;0.0831;1.39e-11;0.00943
0.6192867;0.6230347;0.0741;1.2221704;0.047;6.43e-10;1.41e-19;1.1532928;0.0793;3.48e-11;0.0024
0.5646862;0.7632712;0.053;1.2812351;0.0626;8.01e-10;2.24e-19;0.9058415;0.0238;2.47e-11;0.00773
0.7137749;0.7996357;0.0628;1.3370385;0.0423;7.85e-10;1.29e-19;0.7076981;0.0574;2.05e-12;0.00309
0.5584962;0.7280179;0.0762;0.6296968;0.0543;5.47e-10;1.66e-19;0.4804193;-0.0521;8.15e-12;0.00399
0.7498309;0.6399565;0.033;0.8327347;0.0487;7.19e-10;7.23e-19;1.1825953;0.0777;1.47e-11;-0.00643
0.6043756;0.6674588;0.0652;1.3659325;0.0573;9.01e-10;1.25e-19;0.5376025;0.0884;1.98e-11;-0.0172
0.636711;0.6751688;0.0395;1.2852612;0.0449;9.04e-10;1.25e-19;0.4577335;0.047;1.01e-11;0.0182
0.6112285;0.797383;0.0739;1.0828983;0.0596;6.08e-10;7.24e-19;0.5859069;-0.0853;3.4e-12;-0.0174
0.6024714;0.7211068;0.0645;0.7724887;0.0607;4.87e-10;2.45e-19;0.674228;-0.0808;5.63e-12;0.0181
0.705412;0.6913553;0.0311;1.0461007;0.0449;7.61e-10;3.15e-19;0.9939325;-0.0835;5.84e-12;0.00882
0.7310588;0.622266;0.0706;1.1736499;0.0576;4.7e-10;1.21e-18;0.6846203;0.013;2.32e-11;-0.00692
0.6943325;0.6157486;0.0476;1.0037143;0.0493;1e-09;6.1e-19;1.0517391;0.0685;3.37e-12;0.0176
0.7361221;0.731842;0.0357;0.6472007;0.0504;6.76e-10;1.42e-19;0.6783406;-0.0777;3.3e-11;-0.00563
0.645292;0.6310346;0.08;0.9929278;0.0452;6.49e-10;1.5e-19;1.0971704;-0.058;1.05e-11;0.00105
0.5648714;0.6310631;0.0734;1.2374307;0.0629;4.83e-10;1.32e-19;0.5568808;-0.0116;2.09e-11;-0.00544
0.5642564;0.6116733;0.0511;0.9831647;0.0551;1.09e-09;1.66e-19;0.9718205;0.0416;9.27e-12;0.0111
0.6551989;0.6797068;0.0714;1.3190528;0.0474;6.5e-10;1.34e-18;0.6034947;0.00879;5.17e-12;0.015
0.6890568;0.7095238;0.0599;1.3143541;0.0582;5.59e-10;5.66e-19;0.7830021;0.0632;3.56e-12;-0.00374
0.57788;0.7411077;0.032;1.3543044;0.061;1.01e-09;8.07e-19;0.6617091;-0.0363;2.33e-12;-0.0106
0.6156705;0.6888024;0.0306;0.9994664;0.0461;5e-10;7.34e-19;0.6135955;0.0295;1.17e-11;0.0146
0.698763;0.7326463;0.0438;1.2796872;0.0506;8.96e-10;1.17e-19;0.5889237;-0.00851;2.24e-11;-0.0167
0.6882351;0.7985528;0.0389;1.1749533;0.051;5.35e-10;1.49e-19;0.7755801;0.0785;1.65e-11;0.00309
0.6091666;0.6266709;0.0376;0.7731082;0.0419;5.93e-10;1.62e-19;0.7221937;0.026;7.37e-12;-0.0165
0.7143215;0.7558987;0.0518;0.7999541;0.0423;4.84e-10;5.16e-19;0.9801071;-0.0677;7.32e-12;-0.014
0.6104008;0.6543143;0.0582;1.1200547;0.0539;9.5e-10;1.94e-19;1.1431918;0.00618;2.88e-12;0.0112
0.5946131;0.6058691;0.0567;0.8782829;0.0423;5.39e-10;3.14e-19;0.7253328;0.032;2.53e-11;-0.00775
0.6697401;0.778167;0.0615;0.8705682;0.0436;8.44e-10;1.02e-18;1.1041044;-0.0714;1.97e-11;0.0119
0.6968464;0.671407;0.0367;0.8170243;0.0532;7.94e-10;4.96e-19;0.7880672;-0.0577;3.99e-12;0.00212
0.6403051;0.7495964;0.0382;0.6269698;0.0431;8.87e-10;3.18e-19;1.0095944;0.083;2.87e-12;-0.016
0.6731135;0.7582657;0.0741;0.697005;0.0518;9.81e-10;3.97e-19;0.774958;0.0825;2.3e-12;-0.00165
0.6406354;0.7393452;0.068;0.9067682;0.0544;4.82e-10;7.03e-19;0.5795712;-0.0072;2.48e-11;0.00379
0.657775;0.6423858;0.0729;0.6975163;0.0507;8.08e-10;2.16e-19;0.8011533;-0.0109;7.77e-12;-0.0187
0.6263425;0.6872142;0.042;1.3229976;0.0583;6.48e-10;6.06e-19;0.7303301;-0.00518;1.71e-11;0.017
0.6598634;0.6985391;0.0795;0.7075407;0.0444;7.25e-10;2.18e-19;0.4668158;0.0348;1.95e-11;-0.00447
0.7223782;0.7943583;0.0783;0.6746897;0.0409;1.03e-09;3.34e-19;1.0222069;0.0388;2.31e-11;-0.00459
0.6283646;0.6535795;0.0705;0.9910736;0.0602;6.78e-10;1.49e-18;1.0767606;-0.0135;8.87e-12;-0.015
0.6673747;0.7214902;0.0605;1.3640672;0.0612;5.59e-10;5.75e-19;0.890128;0.0803;2.68e-12;-0.00548
0.6221823;0.7390593;0.0725;0.6489024;0.0574;1e-09;2.74e-19;1.1014513;0.0302;1.37e-11;0.00442
0.6434547;0.7082214;0.0393;0.9873651;0.0464;1.03e-09;1.41e-18;0.9720647;-0.082;2.48e-12;-0.00408
0.6079968;0.6868925;0.076;1.0698447;0.0532;4.63e-10;1.37e-19;1.1697326;-0.0891;4.77e-12;-0.000701
0.5600081;0.734775;0.0795;0.679151;0.0421;1.08e-09;2.25e-19;0.5157727;-0.0375;1.01e-11;-0.0146
0.5562926;0.7310959;0.0351;0.6296931;0.0454;5.43e-10;1.41e-18;1.18316;-0.0351;4.34e-12;0.0189
0.570185;0.7952538;0.0584;0.6273901;0.0438;5.63e-10;3.82e-19;0.5424023;-0.00882;2.22e-12;0.00327
0.658287;0.6152689;0.0423;0.6912038;0.0445;6.58e-10;8.35e-19;0.8555602;0.0623;4.65e-12;-0.00127
0.658507;0.7951551;0.0542;0.6999709;0.0422;7.75e-10;1e-18;0.6500875;0.00452;2.31e-12;-0.0138
0.5838873;0.7048296;0.075;0.8618696;0.0427;8.79e-10;2.85e-19;0.7415528;-0.04;8.88e-12;0.00738
0.6807421;0.7241583;0.0667;1.3914728;0.0619;6.31e-10;5.19e-19;1.1651032;-0.0788;3.83e-12;0.0181
0.6805868;0.7062186;0.0395;1.1874757;0.0427;1.03e-09;1.09e-19;0.7520213;-0.084;1.18e-11;0.00942
0.6492691;0.6547089;0.0491;0.6371503;0.0422;8.19e-10;2.06e-19;0.9090191;-0.0298;9.12e-12;-0.00229
0.7018006;0.7006882;0.0705;0.8927411;0.0579;8.27e-10;3.56e-19;0.7906001;-0.000424;4.54e-12;-0.00121
0.5789614;0.7437342;0.0591;0.6009433;0.0541;9.7e-10;1.02e-19;0.5723799;0.0893;1.13e-11;-0.0122
0.6957295;0.6467367;0.0351;0.9897388;0.0503;1.09e-09;1.14e-18;0.649777;-0.0908;2.08e-11;0.0064
0.6362681;0.7210069;0.0377;0.6011647;0.0533;5.47e-10;6.01e-19;0.7022338;-0.0879;2.53e-11;0.0133
0.5877112;0.6756652;0.0472;0.7544828;0.0444;6.69e-10;6e-19;0.8792116;-0.003;1.61e-11;-0.0124
0.7229781;0.6592683;0.0428;0.8560035;0.0399;4.83e-10;8.41e-19;1.1289034;0.033;2.71e-11;-0.0103
0.7183877;0.7896524;0.0433;1.0449347;0.0485;5.13e-10;1.77e-19;0.9236808;-0.00904;2.16e-12;-0.00993
0.7174941;0.6498128;0.0561;1.3382638;0.0604;6.79e-10;1.41e-19;0.9953502;-0.0176;1.35e-11;0.0101
0.5852306;0.7788572;0.0306;1.3938712;0.0511;4.6e-10;1.36e-18;0.5826238;0.0725;7.29e-12;0.0176
0.7182963;0.6294365;0.0541;0.695204;0.0572;6.2e-10;4.75e-19;0.4974999;-0.00485;3.74e-11;-0.00196
0.5997195;0.6694723;0.0699;0.7784115;0.0543;5.21e-10;1.1e-19;0.7811605;-0.0182;1.58e-11;0.000719
0.6546427;0.6168925;0.0779;1.1168036;0.0475;9.12e-10;8.15e-19;0.5044657;0.0541;1.69e-11;-0.00257
0.6725099;0.762295;0.0689;0.8201282;0.0486;9.28e-10;1.15e-19;0.6497977;-0.0561;6.62e-12;0.00372
0.6953589;0.6759902;0.046;0.6797272;0.0525;6.08e-10;1.26e-19;0.5651616;0.0595;2.75e-12;-0.02
0.6346229;0.7204848;0.0598;0.6368507;0.0457;6.98e-10;1.35e-18;1.0623997;0.0835;6.94e-12;-0.0122
0.6014405;0.6195716;0.0741;0.7588275;0.0544;8.57e-10;1.24e-18;0.5127817;-0.0291;2.71e-12;-0.0178
0.6752474;0.6318351;0.0683;1.2887905;0.0621;8.62e-10;1.17e-19;0.4352682;-0.0176;1.43e-11;-0.0188
0.7207763;0.6934971;0.0614;0.6817804;0.0484;4.78e-10;2.72e-19;0.50252;0.0678;2.33e-12;-0.000574
0.5900419;0.6229484;0.042;1.234351;0.0485;1.01e-09;2.39e-19;0.6704078;0.0592;1.26e-11;-0.00941
0.5757136;0.6348957;0.0774;0.7559149;0.0482;8.49e-10;3.69e-19;1.0505424;-0.0904;1.79e-11;0.0196
0.6718463;0.6028234;0.0336;0.9925905;0.0576;5.26e-10;4.96e-19;0.4688415;-0.067;1.41e-11;-0.0173
0.5517193;0.6648829;0.0497;0.8154928;0.0479;9.54e-10;1.76e-19;0.5349159;-0.0416;1.94e-11;-0.00902
0.5690141;0.6993468;0.0685;0.6041075;0.0562;5.56e-10;1.85e-19;1.1906508;-0.0742;4.78e-12;0.00769
0.6150066;0.722743;0.0496;0.6133336;0.0463;7.94e-10;4.74e-19;0.7111682;0.0794;3.31e-11;0.00592
0.7492469;0.765327;0.0689;1.2322536;0.0495;4.62e-10;1.15e-18;0.7635674;6.05e-05;3.33e-12;0.00731
0.7468274;0.7435955;0.0766;1.1439524;0.044;6.31e-10;7.97e-19;0.4390941;-0.0948;2.4e-12;0.00992
0.6982285;0.6372553;0.0557;0.8924446;0.0416;4.54e-10;5.87e-19;0.9229337;0.0328;4.92e-11;0.0197
0.5567349;0.7165975;0.0699;0.9059676;0.0547;9.63e-10;2.08e-19;0.6242611;-0.0921;6.9e-12;0.00324
0.7318672;0.787947;0.0484;1.2031957;0.0457;8.61e-10;1.14e-18;0.5770808;0.0307;3.29e-12;0.0177
0.5703831;0.6182031;0.0319;0.8690263;0.0576;5.75e-10;2.1e-19;0.7816498;-0.0686;4.67e-12;0.00354
0.7108646;0.6282998;0.0786;1.2778002;0.053;8.09e-10;3.26e-19;1.1606474;0.0306;2.02e-11;-0.00301
0.6753537;0.6133595;0.0667;1.352456;0.0433;7.35e-10;1.79e-19;1.0365653;-0.0808;3e-11;0.016
0.5681142;0.7852912;0.0498;0.9512689;0.0479;1.05e-09;2.53e-19;0.9268016;-0.0592;4.42e-11;0.0136
0.6201024;0.7905821;0.0316;1.0713094;0.0607;4.54e-10;6.9e-19;1.055921;-0.026;4.64e-11;-0.00196
0.6245066;0.6536731;0.0733;0.6534671;0.0421;5.61e-10;2.39e-19;0.7251389;0.0432;1.83e-11;0.0064
0.6466385;0.6189018;0.0346;1.3874286;0.0605;5.27e-10;1.74e-19;0.7281802;0.0143;3.59e-12;0.0041
0.6491155;0.6478807;0.058;1.3121818;0.0615;7.95e-10;4.68e-19;0.8314419;-0.0297;9.21e-12;-0.000553
0.7184985;0.6824203;0.0692;0.7058019;0.0479;1.01e-09;2.73e-19;0.6917721;0.0109;5.02e-12;-0.00372
0.6567073;0.6718412;0.0643;1.0637591;0.0471;8.19e-10;2.57e-19;0.9469027;-0.0401;2.24e-12;0.0131
0.6415433;0.6763871;0.0346;1.1200334;0.0553;5.14e-10;1.59e-19;0.4888883;-0.0976;4.83e-11;0.0114
0.7137425;0.6621281;0.0639;1.3939184;0.0595;9.74e-10;2.57e-19;1.1754426;-0.0644;2.27e-12;-0.013
0.7068616;0.7914869;0.0414;1.0122454;0.0408;4.86e-10;6.52e-19;1.1439898;0.0545;2.77e-12;0.016
0.7331421;0.6915269;0.0503;0.8365699;0.0546;7.74e-10;1.43e-18;1.1385028;0.00195;4.99e-12;-0.00404
0.6188241;0.6744045;0.0676;1.3029351;0.0485;1e-09;1.12e-18;0.9481369;-0.0364;5.59e-12;0.0129
0.7065324;0.7989364;0.0341;0.6111895;0.0488;7.17e-10;1.06e-19;0.6877065;-0.0122;2.61e-11;-0.00928
0.7419018;0.7666238;0.0596;0.7748573;0.0468;5.47e-10;1.97e-19;1.0312837;0.00423;9.22e-12;-0.0117
0.5544548;0.7158843;0.0392;1.1139388;0.062;8.18e-10;1.67e-19;0.8990822;-0.000314;9.47e-12;0.00468
0.581997;0.7018753;0.0376;0.6221262;0.0628;4.59e-10;3.34e-19;0.8787615;0.0825;1.11e-11;-0.0136
0.633773;0.6568816;0.0461;1.2109349;0.0494;8.74e-10;3.18e-19;0.9824502;-0.0461;9.04e-12;0.0192
0.6326323;0.7141335;0.0641;0.8514028;0.0455;5e-10;6.8e-19;0.5796534;0.0128;3.44e-11;-0.0184
0.6702165;0.7119158;0.0431;1.1165572;0.0415;1.07e-09;1.95e-19;0.8301558;0.051;1.42e-11;-0.00481
0.6218191;0.7574775;0.0607;1.203038;0.0454;7.45e-10;3.48e-19;1.1733254;0.0832;2.65e-11;-0.00296
0.6549719;0.7256111;0.0671;0.9682794;0.0441;5.16e-10;1.76e-19;0.6946505;-0.0617;1.98e-11;0.000799
0.6713869;0.7109534;0.0782;0.6976974;0.0529;4.52e-10;7.43e-19;0.8544563;0.0338;5.95e-12;0.00477
0.6101857;0.7939107;0.0677;1.1588314;0.0604;8.2e-10;9.19e-19;0.625386;0.0483;1.07e-11;-0.0089
0.6666448;0.7979131;0.0583;1.060229;0.0459;7.17e-10;1.55e-18;0.6172081;-0.0377;6.11e-12;-0.0173
0.6204655;0.6856443;0.0786;0.9195981;0.0508;5.2e-10;1.48e-19;1.1635824;-0.000277;3.55e-11;0.00729
0.6712654;0.6209997;0.0633;0.7404726;0.0555;1.08e-09;2.72e-19;0.88329;0.0954;1.47e-11;0.0196
0.63902;0.6234489;0.0667;1.0414442;0.0527;5.6e-10;1.03e-18;0.7445775;-0.0642;9.11e-12;0.0104
0.5795913;0.774384;0.0343;1.0599759;0.0454;5.33e-10;2.33e-19;0.8413114;0.0689;2.82e-12;-0.0133
0.7455628;0.6283517;0.0396;1.2626503;0.0459;7.38e-10;1.81e-19;1.1629964;-0.00103;2.5e-11;-0.0169
0.681729;0.72903;0.0713;1.142512;0.0452;5.25e-10;1.58e-18;1.1977147;-0.0543;1.64e-11;-0.0142
0.6472983;0.7392516;0.0505;1.199404;0.0435;5.51e-10;2.44e-19;0.7705474;0.0191;5.18e-12;0.00344
0.7336668;0.6614449;0.0464;1.1853238;0.0605;5.73e-10;8.86e-19;0.4405033;-0.0308;3.44e-12;0.0179
0.5686036;0.6323104;0.0559;1.3808419;0.0516;5.36e-10;3.18e-19;0.6440258;-0.0548;3.27e-11;-0.00844
0.6671937;0.704138;0.0525;0.9569284;0.0448;9.24e-10;9.45e-19;0.9009634;-0.0241;1.15e-11;0.018
0.7203883;0.6165568;0.0704;1.0070693;0.0471;5.4e-10;1.07e-19;0.8828439;0.0148;2.69e-12;-0.0109
0.6034822;0.6389929;0.0376;0.8192226;0.047;5.83e-10;2.01e-19;0.4787183;-0.0752;4.36e-11;-0.00159
0.5627242;0.7104914;0.0788;1.2766731;0.0554;1.07e-09;7.94e-19;0.5045626;0.0142;7.67e-12;-0.0161
0.6600725;0.7507305;0.0357;1.1244183;0.0414;4.92e-10;4.56e-19;0.5508436;0.0276;3.91e-12;0.0199
0.7454757;0.724459;0.0557;0.8964567;0.0434;7.05e-10;1.01e-19;1.1564498;0.0583;4.66e-12;-0.00847
0.5920407;0.756652;0.0493;0.8522935;0.0449;4.93e-10;8.21e-19;0.7330933;-0.0541;3.5e-12;0.0168
0.6387801;0.7632003;0.0657;0.9498813;0.0599;9.18e-10;1.06e-19;1.0653706;0.0523;2.03e-12;-0.0193
0.6288687;0.6679016;0.0434;0.7437432;0.0425;7.99e-10;1.1e-19;0.5936218;-0.064;2.24e-12;0.00319
0.6953148;0.7461234;0.0768;1.2087089;0.0558;8.37e-10;2.24e-19;1.1414477;0.086;3.14e-12;0.0136
0.6277505;0.7671267;0.0631;1.3987423;0.0457;6.88e-10;2.87e-19;0.4738244;0.0266;1e-11;-0.0192
0.6022984;0.6332733;0.0517;1.1910701;0.0516;6.68e-10;9.56e-19;0.8870817;-0.037;4.34e-12;0.00356
0.6522256;0.74181;0.0675;1.3897578;0.046;6.44e-10;1.28e-18;0.4258197;0.027;1.29e-11;-0.00069
0.7286844;0.7442117;0.0442;1.1851345;0.0567;9.55e-10;1.08e-19;1.1757494;-0.0488;2.02e-11;0.0138
0.5763063;0.7597652;0.0586;0.9977162;0.0561;6.04e-10;1.11e-18;0.4183884;-0.085;1.53e-11;-0.0124
0.7150954;0.6536411;0.0365;1.1563965;0.0598;1.04e-09;4.14e-19;0.5547622;0.039;1.03e-11;-0.00557
0.720411;0.7917717;0.0725;0.7066015;0.0408;9.5e-10;1.05e-19;0.8182751;-0.0863;2e-12;-0.00966
0.6166438;0.6889244;0.061;0.707455;0.0542;5.9e-10;3.27e-19;0.7299058;0.0136;5.44e-12;-0.00403
0.6417215;0.6745343;0.0528;0.6142148;0.0545;6.09e-10;2.36e-19;0.470349;-0.0633;2.44e-11;0.0107
0.6203876;0.665936;0.0788;1.1031709;0.0566;4.64e-10;4.98e-19;0.6598521;-0.036;1.36e-11;-0.0168
0.602613;0.7283173;0.0573;0.8079298;0.047;5.83e-10;1.38e-19;0.4246951;0.0903;1.4e-11;-0.00182
0.6666209;0.6439452;0.0616;0.718384;0.0612;1.03e-09;6.18e-19;0.6569349;-0.00571;4.36e-11;0.0163
0.592301;0.7043255;0.0366;0.913176;0.0452;5.48e-10;7.39e-19;0.4995849;0.00543;4.31e-11;-0.014
0.6488671;0.7366372;0.0477;0.9294382;0.0436;4.73e-10;4.69e-19;1.1308624;0.0628;2.89e-12;0.0182
0.6442266;0.7094256;0.0437;1.1722206;0.0564;6.3e-10;6.18e-19;1.0698045;0.0747;3.02e-11;0.0196
0.6700329;0.6141117;0.0383;0.7972221;0.0428;4.96e-10;4.62e-19;1.060257;0.0359;4.62e-11;0.0122
0.6303808;0.6483819;0.0568;1.0537446;0.0405;4.47e-10;9.11e-19;1.0095863;0.0934;9.3e-12;0.0151
0.7254618;0.7094002;0.0389;0.6260971;0.0416;5.11e-10;7.91e-19;1.1689062;-0.0667;1.82e-11;0.0179
0.6867957;0.6876864;0.0539;0.9524578;0.0597;5.68e-10;2.73e-19;0.8208568;0.0299;7.38e-12;-0.0198
0.6130879;0.7166373;0.0533;1.073926;0.0613;1.11e-09;6.88e-19;0.9338917;-0.009;3.59e-12;0.000364
0.7434278;0.7967847;0.05;1.0098771;0.0577;7.16e-10;1.01e-19;0.7298176;-0.0465;2.92e-11;0.0143
0.6451592;0.7538249;0.077;1.343435;0.0554;6.23e-10;1.02e-18;0.7310134;0.0644;1.71e-11;-0.00688
0.6197282;0.6687536;0.0721;1.3261496;0.0593;4.64e-10;1.02e-18;1.0627741;0.0373;1.33e-11;-0.00852
0.67899;0.7105998;0.0361;0.6790545;0.0574;4.61e-10;7.73e-19;0.5841635;-0.00974;1.38e-11;0.00392
0.7385369;0.6291995;0.0665;1.3565868;0.0461;7.55e-10;3.95e-19;1.1761938;-0.0413;4.69e-11;-0.00242
0.6706697;0.6067782;0.0597;1.3997494;0.0406;7.43e-10;8.86e-19;0.8996041;-0.0556;2.73e-12;-0.0151
0.6372615;0.7712421;0.0333;1.1577562;0.0589;5.69e-10;2.29e-19;0.6085086;0.0329;2e-12;-0.00221
0.697761;0.7227681;0.0414;1.0663542;0.0606;5.8e-10;1.31e-19;1.1691916;0.0585;4.94e-12;0.0164
0.6617673;0.7800508;0.0408;0.9006635;0.0429;5.49e-10;1.09e-19;0.5369483;-0.0469;3.73e-11;-0.00787
0.7026976;0.7460564;0.0617;0.6216504;0.0503;6.28e-10;4.51e-19;1.0084823;-0.0815;2.35e-11;-0.000424
0.6987881;0.7433726;0.0431;0.8449928;0.059;7.53e-10;1.54e-19;0.6187867;-0.0964;3.84e-11;0.00439
0.569102;0.7557678;0.0323;0.8119882;0.0593;1.06e-09;1.28e-18;0.7994691;0.0859;1.51e-11;-0.00837
0.6184011;0.6985833;0.0523;1.3513194;0.051;1.06e-09;5.96e-19;1.0832072;-0.0412;6.13e-12;0.000711
0.6026772;0.7355341;0.0385;1.2558745;0.0499;8.08e-10;1.11e-19;0.5207241;0.095;5.69e-12;-0.0107
0.6688505;0.6352548;0.0446;0.9149007;0.0502;5.54e-10;1.08e-18;0.4086491;-0.0462;5.21e-12;0.00602
0.6144588;0.7889723;0.0523;1.1282518;0.0572;7.36e-10;1.03e-18;0.4908587;0.0926;1.58e-11;0.00011
0.6186512;0.7284376;0.0541;0.9535537;0.0435;4.55e-10;1.37e-18;0.6552494;0.0928;5e-12;-0.00468
0.641152;0.6479315;0.0529;1.1481785;0.0623;5.18e-10;1.55e-19;1.0694692;0.000316;5.01e-12;-0.0064
0.5949849;0.6666452;0.0533;0.6937331;0.0567;9.7e-10;3.13e-19;0.5376314;0.00573;3.29e-12;-0.00333
0.5539601;0.6494929;0.0355;1.0383732;0.0409;7.07e-10;3.81e-19;0.717219;-0.0436;2.35e-11;-0.0176
0.5894111;0.7130341;0.0485;1.3442899;0.049;5.24e-10;1.91e-19;1.048047;-0.0261;3.32e-11;-0.013
0.6816012;0.6638396;0.0769;0.9273702;0.0539;7.99e-10;4e-19;0.5367921;0.00454;2.38e-11;-0.00817
0.5757701;0.728446;0.0544;1.0770458;0.0487;8.68e-10;2.16e-19;0.7083553;0.0353;6.48e-12;-0.0139
0.5675579;0.7750375;0.0748;1.2058284;0.0494;9.19e-10;1.37e-19;1.1776295;0.00853;3.8e-12;0.00905
0.5796629;0.6760079;0.0537;0.8764631;0.0553;7.03e-10;5.36e-19;1.1107169;0.0928;2.68e-11;-0.0174
0.7072631;0.7374412;0.0692;1.3306142;0.0422;5.49e-10;1.04e-18;0.7621444;0.086;3.48e-11;-0.0152
0.5796578;0.7238451;0.0618;1.2153087;0.0509;9.92e-10;7.11e-19;0.9367732;0.0483;2.81e-12;0.00423
0.6804489;0.647035;0.0727;1.3189875;0.0566;7.08e-10;1.13e-18;1.0657637;-0.0442;2.18e-12;0.00251
0.5618385;0.7091962;0.0499;0.8204291;0.0495;9.61e-10;2.43e-19;0.9238501;-0.0755;4.85e-11;0.00926
0.7268228;0.6404754;0.0312;0.8337261;0.0421;1.03e-09;1.03e-19;0.6105075;0.000998;2.82e-11;-0.00252
0.673841;0.6223801;0.0459;1.1271181;0.0449;4.99e-10;4.22e-19;0.7158338;-0.0701;4.62e-12;0.0153
0.6365833;0.7818994;0.039;1.3092301;0.0607;9.5e-10;1.36e-19;0.4236709;0.0668;7.57e-12;-0.00931
0.5863753;0.6087448;0.0645;0.9521487;0.0595;7.17e-10;8.36e-19;0.9905142;0.0509;4.28e-12;-0.019
0.6049493;0.6937081;0.066;0.8114225;0.0614;6.28e-10;7.73e-19;0.4918056;-0.0161;4e-11;-0.013
0.5991847;0.6080791;0.0679;0.923881;0.0414;4.59e-10;2.09e-19;0.8219357;-0.067;2.31e-12;-0.00319
0.5958215;0.7025702;0.0394;0.8850883;0.0424;6.84e-10;5.52e-19;0.687161;0.0568;7.89e-12;-0.0174
0.6065167;0.7340776;0.0591;0.9869847;0.0445;4.97e-10;1.54e-18;1.173803;-0.096;2.66e-12;0.00263
0.7421351;0.6856019;0.0469;0.9888078;0.0505;1.04e-09;1.22e-18;1.1803876;0.0244;2.34e-12;0.00902
0.5815512;0.6236709;0.0785;0.6640726;0.0525;7.26e-10;1.3e-18;1.0519605;-0.0858;3.89e-11;0.0176
0.6249753;0.7224568;0.0736;0.9160359;0.0537;1.06e-09;6.48e-19;0.5896926;0.0639;3.46e-11;0.00302
0.607898;0.6909616;0.0702;0.6500011;0.0414;5.17e-10;1.79e-19;0.9772543;0.0444;8.63e-12;0.0187
0.5637289;0.7555465;0.0638;1.239024;0.0466;1.09e-09;5.88e-19;0.5991861;0.0818;2.41e-12;0.00764
0.7325475;0.7313797;0.0746;1.3263096;0.0536;6.16e-10;1.39e-19;0.9990435;-0.0824;3.61e-12;0.0165
0.6705835;0.648872;0.0717;1.1725954;0.0591;9.49e-10;3.91e-19;0.4934415;-0.0646;2.27e-11;0.00126
0.6306817;0.7081927;0.0534;0.9253168;0.0459;5.74e-10;2.99e-19;0.4245119;0.0341;1.88e-11;0.0113
0.7035155;0.7073236;0.0352;0.7129683;0.0533;8.83e-10;4.68e-19;0.6097708;0.0603;4.28e-11;-0.000429
0.6377186;0.6596675;0.0393;0.808512;0.0612;6e-10;3.64e-19;0.9286603;-0.012;3.58e-11;0.00267
0.6351118;0.7340697;0.0732;0.8166659;0.0569;5.75e-10;1.11e-18;1.117796;0.00159;1.01e-11;0.0117
0.7186711;0.6914191;0.0431;0.8279322;0.0557;9.35e-10;3.1e-19;0.4162297;0.0391;5.04e-12;-0.00247
0.6697128;0.7378245;0.077;0.7469749;0.0584;8.81e-10;2.1e-19;0.7205809;-0.0207;4.2e-12;-0.00817
0.5799291;0.6291092;0.0483;1.3392037;0.0493;6.43e-10;1.31e-18;0.6826337;-0.0423;2.81e-12;0.00843
0.7053484;0.6921346;0.0378;1.0821276;0.0558;9.15e-10;3.2e-19;0.7901935;-0.0357;2.67e-12;0.0121
0.6722637;0.7546395;0.0734;0.6232372;0.044;7.63e-10;1.59e-19;1.0260805;-0.0853;3.79e-11;-0.00617
0.5713646;0.7595021;0.0497;1.1367414;0.0442;1.04e-09;5.43e-19;0.9747112;-0.0215;7.26e-12;-0.00825
0.7046722;0.7925199;0.0448;1.0439059;0.0414;7.6e-10;3.6e-19;0.6878202;0.0763;3.45e-12;-0.0113
0.5555492;0.6094155;0.0614;0.8602637;0.0496;8.41e-10;1.15e-18;0.4014832;-0.0919;4.31e-12;-0.00147
0.587999;0.7071417;0.051;1.3942634;0.0444;4.61e-10;1.58e-19;1.0218135;-0.037;4.03e-12;-0.00433
0.6080263;0.6528316;0.072;1.075469;0.0518;6.72e-10;3.18e-19;1.1925137;-0.0626;3.24e-11;-0.0039
0.7332926;0.7448418;0.0353;0.7974491;0.0612;4.54e-10;1.4e-19;0.9259909;-0.00719;3.91e-11;0.0106
0.665241;0.6982393;0.0632;1.1347219;0.058;6.95e-10;5.74e-19;0.8767725;0.0641;4.25e-11;-0.00267
0.5622807;0.7492843;0.0484;0.8580778;0.0606;7.05e-10;1.01e-19;1.084266;0.0884;3.97e-11;-0.0126
0.5846002;0.671246;0.0732;1.2821544;0.0446;6.42e-10;8.88e-19;0.8960676;-0.0681;1.94e-11;0.00691
0.5667222;0.7261462;0.0724;0.8703934;0.0596;6.36e-10;1.87e-19;1.1212156;0.0655;2.37e-12;-0.0123
0.5888667;0.7328297;0.034;1.1317134;0.0459;8.42e-10;1.56e-18;1.1918652;-0.0646;1.79e-11;0.0192
0.6563553;0.7051093;0.0448;0.9923805;0.0479;6.06e-10;7.29e-19;1.0078809;-0.0536;5.39e-12;-0.0158
0.6127235;0.7705007;0.0603;0.6429086;0.0607;4.48e-10;2.05e-19;0.913786;-0.0563;8.99e-12;0.00487
0.6742281;0.7623448;0.0583;1.2321486;0.0533;6.45e-10;2.15e-19;0.6496625;0.0478;1.01e-11;-0.0181
0.6047838;0.7254592;0.0786;1.2747306;0.0613;4.68e-10;5.67e-19;1.0411524;0.0125;7.25e-12;-0.00508
0.572217;0.797954;0.0773;0.9313583;0.0449;4.47e-10;2.73e-19;0.5280487;0.0998;2.67e-11;-0.0185
0.6890644;0.7001787;0.0581;1.3437929;0.0583;8.84e-10;1.4e-18;0.6560997;-0.0234;2.07e-11;-0.00705
0.6910421;0.758281;0.0444;0.7227748;0.0545;4.7e-10;1.48e-19;1.1656256;0.00968;2.2e-11;0.00673
0.6618601;0.7347147;0.0677;1.0343091;0.0579;8.36e-10;4.9e-19;0.9113189;0.0332;1.79e-11;-0.0167
0.6192592;0.6486845;0.0496;1.3581506;0.0538;4.44e-10;3e-19;0.7903807;0.0422;2.86e-11;0.0067
0.6053931;0.6547074;0.0571;0.9049598;0.0446;6.15e-10;1.31e-19;0.4777104;-0.0569;2.37e-11;0.0109
0.697878;0.6697362;0.074;0.611024;0.0473;8.34e-10;1.1e-18;0.7367986;0.0257;1.13e-11;-0.0146
0.5893657;0.6716357;0.0775;1.2016281;0.0435;9.52e-10;6.94e-19;0.4810752;-0.092;4.24e-11;-0.005
0.5658599;0.7197945;0.0345;0.8948331;0.0407;1.1e-09;1.19e-18;1.1015778;-0.0877;2.82e-11;-0.00206
0.6489477;0.710804;0.0623;1.2556661;0.046;8.97e-10;1.78e-19;0.9043188;0.0803;1.41e-11;-0.004
0.614178;0.6675869;0.0779;0.9913573;0.0408;4.98e-10;3e-19;1.1658362;0.0594;5.81e-12;-0.0153
0.6163877;0.7157094;0.0662;0.7142279;0.0573;6.24e-10;1.54e-19;1.105236;0.0952;1.15e-11;0.00157
0.6034025;0.7800545;0.059;1.0095536;0.0475;4.55e-10;1.32e-19;1.1571037;0.00246;2.91e-11;-0.0175
0.6756065;0.6143106;0.0402;1.1560185;0.0538;7.76e-10;4.83e-19;0.9581996;-0.0883;5.85e-12;0.00612
0.7140112;0.6093374;0.0589;0.9065091;0.0484;5.88e-10;1.58e-18;0.8443261;0.0884;2e-11;0.00509
0.621187;0.6855268;0.0511;1.2340262;0.0455;6.84e-10;3.18e-19;0.9136953;0.00501;1.53e-11;0.000829
0.628154;0.7130482;0.0316;1.0969748;0.0445;8.25e-10;9.84e-19;0.8860133;-0.0605;3.93e-12;-0.000356
0.5951173;0.7603251;0.073;1.1212078;0.0415;6.05e-10;2.36e-19;0.622057;0.037;3.14e-12;-0.016
0.7329377;0.669005;0.0799;1.046341;0.0491;4.64e-10;1.55e-19;0.8593788;-0.00451;1.12e-11;0.0199
0.5835095;0.6173004;0.0778;0.7772801;0.0538;6.65e-10;1.21e-19;1.0783608;-0.0373;4.65e-11;-0.0187
0.6544201;0.6702368;0.0618;1.0433004;0.0404;6.11e-10;3.92e-19;0.9971376;0.00106;3.04e-12;0.0104
0.685349;0.7098148;0.0382;1.1453031;0.0592;5.62e-10;5.82e-19;1.1968949;0.0205;2.09e-11;-0.00497
0.5573984;0.7060948;0.0686;1.352086;0.0499;6.5e-10;5.7e-19;0.5944469;0.0647;1.16e-11;-0.00912
0.7175983;0.779735;0.0419;1.1358727;0.0563;5.59e-10;2.05e-19;1.0504858;0.0507;1.22e-11;0.00974
0.6700228;0.7392593;0.0749;0.8085941;0.0414;7.62e-10;2.09e-19;0.5027887;0.0408;2.19e-11;-0.0184
0.5510011;0.677939;0.0749;0.9449007;0.0473;6.34e-10;1.56e-19;0.500402;0.0827;2.48e-12;0.000667
0.7267157;0.6978971;0.0318;1.3529634;0.0523;1.02e-09;1.38e-18;0.7697332;-0.0832;5.02e-12;0.00164
0.7471064;0.6084959;0.0701;0.9601787;0.0412;5.33e-10;1.04e-19;0.4608162;-0.0441;6.69e-12;0.0105
0.6960153;0.6138661;0.0672;1.0930775;0.0535;4.64e-10;1.05e-19;0.7543218;0.0501;1.41e-11;0.000125
0.5559009;0.7975503;0.0536;1.311205;0.0566;5.8e-10;1.44e-19;0.6536239;-0.0767;3.51e-11;0.00571
0.6909503;0.6432203;0.0672;0.8301623;0.0546;6.43e-10;1.09e-18;0.4514954;-0.0066;6.43e-12;-0.0187
0.6635633;0.7544361;0.0494;0.8358517;0.0398;7.76e-10;2.1e-19;0.7317051;0.0848;2.22e-12;0.00132
0.5607357;0.7599637;0.0647;1.3534743;0.0567;6.72e-10;1.04e-18;0.6207942;0.0564;1.38e-11;-0.0165
0.6476031;0.6372378;0.0464;1.3867044;0.0411;5.09e-10;1.81e-19;0.5576806;0.015;3.09e-11;-0.00699
0.5605229;0.7338883;0.0732;0.6558819;0.0434;4.72e-10;2.23e-19;0.8941762;0.0835;8.21e-12;-0.0113
0.7137407;0.6317078;0.076;1.1887537;0.0565;1.02e-09;3.05e-19;1.1633255;0.0913;4.16e-12;0.0199
0.6723711;0.6145098;0.0712;1.3802865;0.0467;4.59e-10;1.05e-19;0.6631911;-0.0841;2.1e-12;0.00787
0.5687065;0.798219;0.0757;1.324762;0.0582;5.25e-10;2.22e-19;0.7698747;0.0244;1.22e-11;-0.00165
0.5603205;0.6479759;0.0686;0.8267634;0.0447;4.57e-10;1.13e-19;0.7832572;0.0493;9.98e-12;0.00719
0.5634501;0.637167;0.0741;0.8467092;0.0623;4.49e-10;1e-18;0.7209584;-0.0202;1.73e-11;0.00288
0.609972;0.6151035;0.0753;0.9353;0.0451;5.71e-10;3.97e-19;0.7999317;-0.068;4.83e-11;-0.00777
0.6305363;0.6236718;0.0585;1.2920945;0.0511;8.27e-10;9.2e-19;1.1711166;0.0765;1.55e-11;0.0177
0.5864765;0.6156545;0.0748;1.0361924;0.0428;5.25e-10;6.02e-19;1.0802361;0.0263;3.83e-11;0.0144
0.6585351;0.6309765;0.0379;0.8008367;0.0439;4.76e-10;4.51e-19;0.7182416;-0.0783;1.71e-11;-0.0128
0.6429922;0.7437784;0.0468;1.3875104;0.0454;8.13e-10;2.02e-19;0.8385108;0.0924;2.89e-11;0.00903
0.575128;0.6212035;0.0655;1.2702115;0.0616;4.72e-10;2.46e-19;0.5742796;-0.0626;4.07e-12;-0.0149
0.6421944;0.7144759;0.0613;0.6633761;0.0596;1.02e-09;1.97e-19;0.7703336;0.0397;4.97e-12;-0.00575
0.5912035;0.7696954;0.0571;0.8426959;0.0532;5.96e-10;4.12e-19;0.7291551;0.0791;2.31e-11;-0.0149
0.692896;0.7039874;0.0799;0.7153412;0.0507;7.02e-10;5.9e-19;0.6883318;0.0401;2.99e-12;-0.0169
0.7406308;0.7813137;0.0729;1.1558458;0.0521;5.24e-10;6.98e-19;0.9204775;-0.0762;2.3e-12;-0.00788
0.6080447;0.7109806;0.0647;1.1007268;0.0475;5.54e-10;2.4e-19;1.1617056;0.0428;2.48e-11;0.0123
0.5770073;0.7755782;0.0445;1.0217572;0.0509;4.73e-10;1.94e-19;0.9090941;-0.033;1.63e-11;-0.0092
0.5607278;0.7809104;0.0363;1.1788778;0.0553;6.7e-10;4.25e-19;0.6979347;-0.076;1.33e-11;0.0128
0.6345687;0.7118335;0.0796;1.0282218;0.0476;4.67e-10;1.55e-19;0.8372733;-0.0575;2.86e-12;-0.0166
0.7017157;0.7165726;0.08;1.18928;0.0491;8.52e-10;1.26e-19;0.9766389;-0.00313;2.53e-12;-0.00272
0.6671298;0.6198527;0.0764;0.7614476;0.0577;6.59e-10;1.45e-19;0.7073368;0.0951;2.36e-11;-4.44e-05
0.6179421;0.7926205;0.0729;0.8706541;0.0533;9.55e-10;3.43e-19;0.5786883;0.0538;4.46e-11;-0.0142
0.6002764;0.6751028;0.0477;0.8477012;0.0416;6.04e-10;1.09e-18;0.7142421;-0.0263;1.45e-11;-0.0103
0.6114592;0.7189784;0.0736;1.016095;0.0491;6.71e-10;5.49e-19;1.1278423;0.0748;7.21e-12;-0.0148
0.6431145;0.7830281;0.0674;1.3622901;0.0552;9.05e-10;1.84e-19;0.5943307;0.0546;1.54e-11;0.000978
0.7378442;0.6468133;0.0746;1.3995473;0.0512;7.72e-10;8.3e-19;1.0115645;-0.0209;8.53e-12;-0.0152
0.7027979;0.6863387;0.0551;1.0786624;0.0464;8.98e-10;9.56e-19;0.7885839;0.0942;1.23e-11;-0.00689
0.6682929;0.7069431;0.0435;0.8805617;0.062;5.93e-10;1.16e-19;0.8251971;0.0862;3e-12;-0.0198
0.5680727;0.686962;0.0564;1.3864819;0.0588;5.59e-10;4.73e-19;0.9449497;0.0739;2.78e-12;-0.0145
0.7441899;0.6032892;0.0728;1.1774682;0.0628;5.86e-10;1.35e-19;0.7276357;-0.0878;1.39e-11;-0.0186
0.6428437;0.7075867;0.0693;0.7512003;0.0468;7.22e-10;1.2e-18;0.8550826;0.094;2.95e-11;-0.0168
0.7364261;0.7293509;0.0607;0.6871302;0.046;6.22e-10;1.73e-19;0.704617;0.0261;4.73e-11;-0.00498
0.7356904;0.7584167;0.0569;0.701813;0.0449;7.81e-10;2.46e-19;1.1239567;-0.0889;4.61e-11;-0.0158
0.5755829;0.6837833;0.0519;0.9474443;0.0408;4.58e-10;5.26e-19;0.6897299;-0.0481;4.04e-12;-0.0103
0.6487656;0.6962396;0.0379;1.3918571;0.0421;4.63e-10;6.5e-19;0.8003139;-0.0802;3.63e-11;0.00748
0.5663509;0.7455813;0.0514;0.8266302;0.0465;7.11e-10;2.7e-19;0.7527344;-0.0745;3.78e-11;0.0018
0.65776;0.7299593;0.067;0.8548089;0.043;9.28e-10;2.26e-19;0.7321344;-0.0595;7.68e-12;-0.00881
0.7499192;0.6636847;0.051;0.7587466;0.0473;6.89e-10;5.85e-19;0.6365648;-0.0876;1.64e-11;4.94e-05
0.6963178;0.687237;0.0612;0.6840766;0.0603;8.59e-10;8.45e-19;1.0251416;-0.0155;2.79e-12;-0.00254
0.5778621;0.7136649;0.0372;1.2944877;0.053;8.54e-10;1.56e-19;1.1377316;-0.0453;9.07e-12;0.000666
0.710321;0.6334858;0.0313;1.175402;0.0522;6.11e-10;5.35e-19;0.5246741;0.0144;4.76e-11;-0.0102
0.7413976;0.79857;0.0739;0.9919604;0.0539;8.51e-10;1.05e-19;0.416882;-0.0794;8.63e-12;-0.0145
0.6143027;0.71733;0.0692;0.9748512;0.0475;6.5e-10;3.36e-19;0.5041978;-0.07;8.62e-12;-0.0134
0.6673397;0.6905094;0.041;0.7250409;0.0522;6.58e-10;1.87e-19;1.0367349;0.0963;4.49e-11;-0.0112
0.6697777;0.6171601;0.0665;0.8468205;0.0466;1.02e-09;1.84e-19;0.6653647;0.0446;2.54e-12;0.000928
0.7481393;0.6459466;0.0381;0.6633797;0.0422;6.34e-10;1.38e-19;0.4035702;-0.084;2.73e-11;-0.0126
0.6342432;0.7705513;0.0604;0.8719111;0.0622;9.38e-10;9.07e-19;0.9717868;-0.0534;9.97e-12;0.0168
0.6963059;0.6826708;0.066;0.8720718;0.041;7.81e-10;1.86e-19;0.8694694;0.0687;4.62e-11;-0.00351
0.6371686;0.7214605;0.0501;1.3341208;0.0618;9.89e-10;1.19e-19;0.512368;-0.0485;7.7e-12;-0.00149
0.7092387;0.7844039;0.0783;1.1690472;0.0569;7.7e-10;9.37e-19;0.471483;0.0859;9e-12;0.00463
0.729393;0.6222745;0.0635;1.2236617;0.0428;8.94e-10;3.04e-19;0.7034689;0.0941;1.3e-11;-0.0197
0.7325133;0.6430429;0.0607;1.16409;0.0505;9.46e-10;1.82e-19;0.9471122;0.0863;4.26e-12;0.0113
0.6561572;0.7850032;0.042;1.3278404;0.0422;4.49e-10;1.7e-19;0.503204;0.0627;1.71e-11;0.0108
0.6694684;0.6815413;0.0324;1.3963008;0.0577;8.08e-10;1.35e-19;0.8370988;-0.0925;1.17e-11;-0.0194
0.6183622;0.6254159;0.0643;0.7497289;0.0406;4.7e-10;4.92e-19;0.6035861;-0.00285;1.29e-11;0.0102
0.5663908;0.6825073;0.0356;0.7652256;0.0456;8.42e-10;4.85e-19;0.7680882;0.0962;3.88e-11;-0.0038
0.5667319;0.79291;0.0569;1.1478041;0.0455;5.04e-10;5.27e-19;0.4403766;0.0454;2.43e-11;-0.00721
0.67138;0.7458721;0.0759;1.0974565;0.0443;5.31e-10;5.19e-19;0.940637;0.0819;2.84e-12;0.00924
0.6528898;0.7393735;0.037;1.1819586;0.0491;6.05e-10;8.9e-19;0.8397884;-0.0558;4.27e-12;-0.00189
0.6117333;0.759153;0.0764;0.8709179;0.049;1.03e-09;4.73e-19;0.7796844;-0.0974;4.04e-12;-0.00339
0.5560863;0.60547;0.0434;1.1106834;0.0436;8.77e-10;1.41e-19;0.7499815;0.0565;6.16e-12;7.03e-05
0.7150579;0.6193605;0.0461;1.3127403;0.0461;6.23e-10;1.19e-18;0.6966005;-0.00923;2.17e-12;-0.00928
0.6688937;0.6617036;0.06;1.361601;0.0512;5.89e-10;4.48e-19;0.5851724;0.0336;4.86e-11;-0.00419
0.6014672;0.7623136;0.0457;0.7839602;0.0503;8.68e-10;1.73e-19;1.0679067;-0.0761;4.74e-11;-0.0151
0.6230724;0.6253263;0.0739;0.9066807;0.0518;5.29e-10;5.47e-19;0.6383889;-0.0891;3.51e-12;-0.00587
0.5950488;0.6148051;0.0725;1.0347068;0.0586;6.18e-10;1.24e-19;0.7968738;-0.00162;2.8e-12;0.0122
0.6032422;0.6270155;0.0523;1.1334293;0.056;8.67e-10;3.38e-19;0.4704775;0.039;7.05e-12;0.0179
0.5871004;0.7977734;0.0382;1.1975042;0.0534;7.22e-10;4.63e-19;1.1428795;-0.096;1.47e-11;-0.00173
0.7229004;0.6015661;0.0304;1.3041403;0.0421;7.38e-10;3.51e-19;0.8852978;-0.0938;2.21e-12;0.0103
0.6753179;0.7757549;0.0655;1.3944169;0.0574;4.48e-10;1.1e-18;0.8526859;0.0829;2.02e-12;0.0127
0.5940397;0.7070733;0.0748;0.7717472;0.0472;4.69e-10;1.64e-19;0.7282432;-0.0855;3.67e-12;-0.0197
0.6464676;0.763728;0.0627;0.9784947;0.042;4.67e-10;1.16e-19;0.9163843;0.0187;1.5e-11;-0.00279
0.6571613;0.6603646;0.0309;0.87314;0.0419;6.4e-10;2.76e-19;0.5317936;0.0221;1.52e-11;0.00979
0.6608624;0.7387733;0.0645;0.6699207;0.0483;7.94e-10;2.5e-19;0.9503526;0.0231;3.34e-11;0.0165
0.6976636;0.6153465;0.0742;0.8985434;0.0434;9.73e-10;3.75e-19;0.9344796;0.0712;4.03e-11;-0.0116
0.6526751;0.6854632;0.0365;0.7683189;0.0433;6.49e-10;1.8e-19;0.6247567;-0.0764;1.09e-11;0.01
0.5953011;0.7780197;0.0751;1.069043;0.0552;8.6e-10;5.83e-19;0.7528963;0.047;3.72e-11;-0.0112
0.6247066;0.7643458;0.0434;0.8991796;0.0424;6.05e-10;5.07e-19;0.9535084;-0.0324;1.58e-11;-0.00297
0.6023498;0.7878735;0.0722;0.865112;0.0547;4.76e-10;1.2e-18;0.7492489;0.0998;1.03e-11;-1.99e-05
0.6434483;0.7019283;0.0674;0.8521795;0.0564;9.82e-10;3.98e-19;1.1681805;0.0218;1.55e-11;0.00208
0.7350009;0.6004102;0.0455;1.2658862;0.0418;6.56e-10;2.7e-19;0.5805775;-0.0434;2.78e-11;0.0116
0.6218188;0.798022;0.0502;1.0548013;0.0513;4.73e-10;3.67e-19;0.5312429;0.0303;6.38e-12;-0.0021
0.7009718;0.6722989;0.034;0.8740609;0.0442;6.18e-10;1.27e-18;1.1881776;-0.0138;1.87e-11;-0.0128
0.7108363;0.7134335;0.0403;1.2922423;0.0416;6.87e-10;2.27e-19;0.6274013;0.079;1.73e-11;-0.0119
0.6402877;0.7930794;0.0792;1.2563173;0.0412;5.9e-10;3.72e-19;0.9079072;-0.0972;8.74e-12;-0.00462
0.577926;0.7485897;0.0527;1.0620914;0.0603;1.05e-09;1.73e-19;1.1207867;-0.0828;3.39e-12;-0.0185
0.6916224;0.6068558;0.0458;1.048944;0.0429;1.01e-09;1.9e-19;0.4484764;-0.0187;4.66e-12;0.019
0.5889925;0.7312445;0.0633;0.9081526;0.0565;7.64e-10;1.56e-19;0.7430915;0.0443;8.42e-12;-0.0147
0.6256027;0.7089774;0.0592;0.9150727;0.0536;9.6e-10;3.42e-19;0.5881017;-0.0337;3.79e-12;-0.00567
0.6506478;0.7296956;0.0621;1.181307;0.0577;6.73e-10;1.25e-19;0.7948815;0.0995;2.61e-11;0.00102
0.6014346;0.6492878;0.0558;0.6032195;0.0415;7.92e-10;1.87e-19;1.1711009;0.0171;3.2e-12;-0.00959
0.6449336;0.6434811;0.0378;1.2014836;0.0506;5.99e-10;3.01e-19;0.5088468;0.0087;1.51e-11;-0.0147
0.6329503;0.6469757;0.0651;0.7524239;0.0611;1.1e-09;1.43e-18;0.9925585;0.0576;4.44e-11;-0.0143
0.6073654;0.648068;0.0437;0.8327524;0.0513;4.6e-10;3.91e-19;0.6524201;0.0281;3.55e-11;0.0188
0.6973315;0.6401006;0.0627;0.9385803;0.0486;4.65e-10;1.33e-18;0.7542063;0.0945;7.69e-12;0.0035
0.6368561;0.7123412;0.0351;0.8077569;0.0414;4.7e-10;2.4e-19;0.4071418;-0.0517;1.99e-11;0.0173
0.7326456;0.6309546;0.0462;1.1937222;0.0588;8.15e-10;1.1e-19;0.7275989;-0.0473;6.03e-12;-0.0138
0.6003805;0.6457669;0.0391;0.9432864;0.0444;5.07e-10;1.82e-19;0.73246;0.0311;1.02e-11;-0.0169
0.6932528;0.7803294;0.0715;0.6023861;0.0511;5.93e-10;1.58e-19;0.9407946;-0.0872;2.85e-11;0.00302
0.7011917;0.6273173;0.0638;1.0036424;0.0511;7.04e-10;2.47e-19;0.468105;-0.0379;3.9e-12;0.00171
0.6708742;0.7162798;0.0438;0.7194651;0.0502;9.29e-10;5.16e-19;1.0463942;-0.0445;6.86e-12;0.0148
0.7483861;0.6757555;0.0609;0.9709368;0.0421;9.88e-10;5.44e-19;0.9389064;0.0913;2.18e-11;-0.0196
0.5848547;0.6030547;0.0573;0.7028888;0.0448;7.48e-10;4.66e-19;0.5760169;0.0406;3.4e-11;-0.00101
0.6790752;0.7061028;0.0348;1.0264482;0.0417;8.28e-10;6.01e-19;0.7670485;0.0108;7.91e-12;0.00828
0.7275899;0.6150073;0.0476;0.6005167;0.061;8.66e-10;5.34e-19;0.4352778;-0.0645;1.72e-11;0.0126
0.595337;0.6497961;0.041;0.9803976;0.0554;5.27e-10;3.94e-19;1.1281302;-0.00407;3.86e-11;-0.0133
0.669671;0.7455586;0.046;1.0701545;0.0509;4.78e-10;4.05e-19;1.0322663;0.00569;8.67e-12;-0.0142
0.6682453;0.7498939;0.0566;0.991161;0.0424;7.56e-10;4.28e-19;0.571227;0.0386;2.03e-11;0.0152
0.5868353;0.6968632;0.0302;0.9433685;0.0575;7.93e-10;1.73e-19;1.0917498;0.0021;4.45e-12;-0.0083
0.6591713;0.6063594;0.0529;1.1853224;0.0414;8.98e-10;1.26e-19;0.5773177;-0.0614;2.05e-11;0.0195
0.7320348;0.65669;0.0676;1.1255447;0.0568;8.84e-10;1.93e-19;1.0383695;0.0226;1.09e-11;0.00822
0.5624181;0.6895139;0.0391;0.84314;0.0505;5.38e-10;3.44e-19;0.7480667;-0.02;3.28e-12;-0.0196
0.6904697;0.6041227;0.0632;0.8745409;0.0408;7.23e-10;1.02e-19;0.983557;-0.0982;1.82e-11;-0.0187
0.7289028;0.7154643;0.0674;1.233547;0.04;8.87e-10;4.25e-19;0.5452448;-0.00435;2.91e-11;-0.00084
0.7351723;0.6180472;0.0374;0.6066479;0.0621;5.79e-10;5.09e-19;1.1967683;-0.0558;2.09e-11;-0.00845
0.6812767;0.6307526;0.0616;1.0741043;0.0502;9.5e-10;4.69e-19;0.471306;-0.0835;8.66e-12;-0.0152
0.5831996;0.749388;0.0739;1.0706052;0.0434;1.04e-09;3.72e-19;0.892816;0.0139;4.51e-11;-0.0156
0.6818551;0.6190505;0.0492;0.8055082;0.0436;6.08e-10;2.1e-19;0.8407599;0.0375;1.07e-11;0.00931
0.7125941;0.699145;0.0482;1.382979;0.0436;9.07e-10;1.35e-18;0.8211613;0.0406;7.69e-12;0.00745
0.5562086;0.6959186;0.0694;1.3272322;0.04;4.66e-10;6.32e-19;0.5742413;-0.0406;5.69e-12;0.0163
0.5721603;0.7087353;0.0719;1.3593585;0.0458;4.79e-10;1.22e-19;0.6700843;-0.082;4.39e-11;0.0131
0.594504;0.6016112;0.0532;0.6347336;0.0414;1.01e-09;9.44e-19;0.9944202;0.0102;4.11e-12;0.0176
0.6734645;0.6295859;0.0758;0.8927614;0.0495;9.69e-10;1.17e-18;1.1951951;0.00726;3.19e-12;-0.00856
0.5515281;0.7809309;0.043;0.9121447;0.0423;5.59e-10;1.2e-18;0.4983547;0.0822;4.44e-12;-0.0116
0.6720043;0.7439229;0.0786;0.7090605;0.0594;4.47e-10;1.11e-19;0.4315107;0.0373;2.59e-11;0.0143
0.7386947;0.692529;0.0378;1.073544;0.0498;1.05e-09;1.11e-19;0.6462099;-0.0632;8.61e-12;-0.0123
0.6293475;0.6217688;0.0381;1.1340705;0.0574;1.09e-09;1.15e-19;0.5097155;-0.0258;6.5e-12;0.0155
0.7149669;0.7256773;0.0581;1.386388;0.0577;4.89e-10;4.79e-19;0.7475082;-0.0654;3.66e-12;0.0094
0.5715185;0.7890489;0.0476;0.6536347;0.045;1.11e-09;1.8e-19;0.430351;0.0551;2.89e-11;-0.00203
0.7312076;0.7089889;0.0304;1.14598;0.0474;6.31e-10;1.33e-19;1.1437918;0.00275;2.31e-12;-0.0084
0.7217743;0.7526173;0.058;0.8412786;0.057;9.84e-10;6.57e-19;0.5331876;0.0275;3.84e-11;-0.0131
0.746068;0.7045924;0.0407;1.226952;0.0533;9.05e-10;3.85e-19;0.530882;-0.0292;2.22e-11;-0.0114
0.557902;0.6134399;0.0608;0.9601893;0.0496;7.82e-10;6.81e-19;0.4833492;0.0159;4.43e-12;-0.0158
0.620146;0.7341158;0.0567;0.9276688;0.0603;8.34e-10;1.03e-18;1.0772647;-0.0928;2.29e-12;-0.00449
0.5600564;0.6660863;0.0454;1.0705798;0.0432;5.09e-10;1.04e-18;0.8173325;0.0781;3.14e-11;0.0164
0.7254826;0.6654796;0.0757;0.9377192;0.0441;1.01e-09;1.05e-19;0.8431533;-0.0727;3.95e-12;-0.0185
0.7226146;0.7434603;0.0541;1.069893;0.0496;4.86e-10;1.93e-19;0.6727144;-0.0974;5.79e-12;-0.0134
0.6170013;0.6162074;0.0344;1.3453208;0.0545;9.05e-10;1.98e-19;0.4581015;0.0866;2.43e-11;-0.0144
0.7280212;0.6152379;0.0388;0.9581813;0.059;5.76e-10;1.65e-19;0.4308398;-0.0597;1.08e-11;-0.000105
0.5637932;0.6380172;0.0755;0.6614025;0.0519;1.06e-09;1.78e-19;0.8050089;-0.0353;6.71e-12;0.0159
0.7456665;0.7242923;0.058;0.8299221;0.0591;5.08e-10;3.53e-19;1.1024696;0.0189;5.72e-12;0.0144
0.7035574;0.712938;0.0311;0.9160911;0.0502;9.04e-10;1.46e-19;0.8954345;0.0995;3.25e-12;-0.0133
0.5688054;0.7120015;0.0394;0.723624;0.0427;1.05e-09;4.71e-19;1.0912093;-0.00533;4.95e-11;-0.00157
0.6482372;0.6283902;0.0531;0.8804799;0.0407;5.41e-10;3.32e-19;1.0726987;-0.0123;2.3e-12;-0.015
0.6658908;0.7531262;0.0761;0.8205347;0.0519;8.35e-10;2.03e-19;0.7299145;-0.0147;2.42e-11;0.00151
0.7490038;0.6359134;0.0365;0.9252805;0.0458;4.81e-10;2.28e-19;1.0897053;-0.0568;2.53e-11;0.0022
0.6394872;0.6446886;0.0386;1.0440838;0.0473;1.09e-09;3.19e-19;0.6816554;-0.0609;3.82e-11;-0.0127
0.5572903;0.6171855;0.04;0.9044662;0.0428;7.23e-10;1.36e-19;0.832133;-0.00609;3.23e-11;0.00631
0.7060706;0.6646433;0.0737;1.3640983;0.0484;6.68e-10;1.49e-18;1.1115174;0.0566;2.57e-12;-0.0165
0.7231327;0.7368295;0.0454;1.2964233;0.0464;5.98e-10;9.87e-19;0.4157;0.088;1.52e-11;-0.0109
0.73452;0.7767071;0.0437;0.7413333;0.0556;7.96e-10;2.89e-19;0.6759341;-0.00501;2.14e-11;-0.0187
0.5694596;0.7473564;0.079;0.6592519;0.0401;9.34e-10;1.04e-18;0.9715985;0.0943;8.2e-12;0.0128
0.6868087;0.7040143;0.0781;1.3293889;0.0477;4.67e-10;8e-19;0.5123813;0.0156;4.34e-11;-0.0022
0.7195421;0.7763076;0.0761;1.1976895;0.0577;7.35e-10;9.31e-19;0.8352078;0.0946;9.81e-12;-0.00271
0.7131698;0.6065589;0.0368;1.3981242;0.0432;1.04e-09;4.95e-19;0.9521865;0.0384;1.8e-11;-0.0174
0.5650588;0.7290544;0.0743;0.7226118;0.0411;7.14e-10;1.4e-19;0.6135608;0.0132;8.1e-12;-0.0144
0.5958572;0.7957559;0.0374;1.1330434;0.0464;7.53e-10;7.85e-19;0.554712;-0.0776;9.98e-12;-0.0051
0.6703294;0.7504841;0.068;0.8515408;0.0554;5.95e-10;2.58e-19;1.0660534;-0.0677;4.08e-11;-0.0184
0.7092498;0.6791574;0.0601;0.7311538;0.0419;7.19e-10;9.25e-19;0.8006586;0.0851;2.55e-12;0.0181
0.6505494;0.6383312;0.0712;1.170483;0.0412;9.54e-10;1.35e-18;1.0574358;-0.0799;1.44e-11;-0.0143
0.7392605;0.7341419;0.0441;0.8782193;0.046;1.09e-09;5.7e-19;1.1425444;-0.0211;2.14e-11;0.0148
0.6363449;0.7759092;0.0406;1.0231256;0.0467;8.62e-10;3.62e-19;0.6629604;-0.0865;2.63e-11;0.0118
0.6221975;0.7329465;0.0628;0.760411;0.0546;7.89e-10;3.2e-19;0.9041727;-0.0953;5.13e-12;-0.00228
0.6758401;0.6236103;0.0445;1.3229476;0.0443;5.88e-10;1.22e-19;0.809843;0.035;4.85e-11;-0.0101
0.6237648;0.6072959;0.0639;0.8277771;0.041;8.3e-10;1.53e-19;0.4331584;-0.016;1.86e-11;-0.00998
0.7337029;0.6929662;0.0336;0.6765091;0.0617;5.6e-10;3.14e-19;0.6635318;-0.0631;3.84e-12;0.0119
0.694527;0.6207773;0.0341;0.869541;0.0563;4.52e-10;4.72e-19;1.1112211;-0.0693;2.19e-12;0.00584
0.5970654;0.7843709;0.0709;1.2116724;0.059;7.33e-10;4.84e-19;0.4119094;-0.0157;4.15e-12;-0.00397
0.6661117;0.7064223;0.0787;1.0189742;0.0406;1.05e-09;1.54e-19;0.6162059;-0.0689;5.66e-12;-0.0028
0.6715347;0.7694482;0.0658;0.9466202;0.0485;5.44e-10;1.82e-19;1.1810275;-0.0923;3.6e-12;-0.0119
0.5736302;0.7608617;0.0609;1.2016482;0.0429;9.15e-10;8.99e-19;0.6517096;-0.0706;1.34e-11;-0.012
0.606275;0.7098796;0.0518;0.7465565;0.06;1.02e-09;1.93e-19;1.0399753;0.0567;2.74e-11;0.00478
0.7226556;0.781992;0.0582;0.8886172;0.0441;5.42e-10;9.84e-19;1.1648265;-0.0416;4.53e-12;-0.0115
0.7237037;0.7102302;0.051;0.6813044;0.0494;6.93e-10;9.77e-19;0.6636636;-0.0912;8.69e-12;-0.0192
0.7164846;0.6693914;0.0321;0.6054519;0.0419;4.74e-10;1.99e-19;0.7997218;-0.055;2.96e-11;-0.0109
0.6120057;0.7646651;0.0578;1.1369526;0.0585;5.62e-10;1.51e-19;1.0644264;-0.000684;8.77e-12;0.00772
0.5597885;0.7803397;0.0583;1.3170654;0.0439;8.16e-10;5.7e-19;1.0871361;0.0427;4.58e-11;-0.0126
0.5774491;0.6195578;0.0595;1.3491012;0.0601;8.42e-10;1.02e-19;0.5593682;-0.0679;3.18e-11;-0.0191
0.6170531;0.7446283;0.0742;1.203133;0.0446;4.97e-10;5.38e-19;0.6414373;0.0241;1.22e-11;0.0145
0.6987548;0.7642357;0.0418;1.3991307;0.0603;4.93e-10;1.35e-18;0.8643081;-0.0421;3.26e-11;-0.0164
0.5526317;0.7787376;0.0697;0.7478047;0.0402;8.35e-10;1.86e-19;1.11685;-0.00914;4.3e-12;-0.0164
0.5731459;0.6857231;0.0613;1.1225843;0.051;8.62e-10;2.62e-19;1.1200165;-0.04;2.2e-11;-0.00404
0.565916;0.6534624;0.0557;1.2571106;0.0497;1.05e-09;2.32e-19;0.49189;-0.0162;3.19e-12;0.018
0.677654;0.7111732;0.0423;1.0248215;0.0438;4.82e-10;3.44e-19;0.781922;0.0572;2.98e-12;0.00773
0.6131313;0.7432844;0.0557;0.7963211;0.0561;7.93e-10;1.14e-19;0.936514;0.0899;8.82e-12;0.0143
0.5915618;0.6012376;0.0386;0.7358388;0.0419;9.31e-10;5.01e-19;0.8365884;0.0857;1.62e-11;-0.00635
0.7350634;0.7271437;0.0419;1.3450079;0.0428;8.27e-10;6.96e-19;0.9593836;0.0698;3.5e-12;0.0122
0.5745824;0.7348237;0.061;1.0481619;0.0527;4.8e-10;1.41e-18;0.7085435;-0.00431;3.98e-12;-0.00338
0.6809548;0.7470664;0.0524;1.3349661;0.0548;1.07e-09;5.8e-19;0.4937696;0.0727;1.33e-11;0.0124
0.6719959;0.7296287;0.0383;0.6047244;0.048;1.04e-09;1.02e-18;0.9408916;0.0993;5.83e-12;-0.0166
0.5775467;0.7067613;0.0534;1.3157825;0.0601;7.04e-10;9.09e-19;0.827384;0.0264;5.78e-12;0.00847
0.6963073;0.6030856;0.0628;1.1547832;0.0611;6.2e-10;4.22e-19;0.8153891;0.0534;3.99e-11;0.00425
0.6567757;0.7511887;0.0582;0.6840955;0.0491;1.01e-09;1.12e-19;1.069606;0.0552;6.43e-12;0.00836
0.6393988;0.617955;0.0591;0.8017235;0.0471;6.13e-10;1.65e-19;0.998357;-0.0898;2.23e-11;-0.00136
0.5787582;0.6336448;0.0739;0.9694948;0.0485;9.28e-10;6.26e-19;0.6515095;0.0178;2.48e-12;0.00176
0.6453799;0.7526404;0.064;1.3423434;0.0591;8.07e-10;4.57e-19;0.9784203;-0.04;6.16e-12;-0.0106
0.6656695;0.6911864;0.0306;1.3033504;0.0512;8.88e-10;1.58e-19;0.7886609;-0.087;5.77e-12;-0.000315
0.6615631;0.6672791;0.0755;1.1951314;0.0431;6.74e-10;2.29e-19;0.7245438;-0.0786;3.17e-11;0.0106
0.5527524;0.6183493;0.0761;0.9440913;0.0512;8.89e-10;1.35e-18;0.4044737;0.074;3.01e-11;-0.0108
0.674531;0.663536;0.0427;1.2509232;0.0408;4.73e-10;6.77e-19;0.5937236;-0.021;1.36e-11;-0.00832
0.6037332;0.6358175;0.0412;0.8585794;0.0581;9.41e-10;1.81e-19;1.1018672;-0.0614;2.73e-11;0.0129
0.567169;0.6773136;0.0786;0.8074928;0.0563;4.97e-10;3.22e-19;0.6775001;-0.0567;3.86e-11;-0.0112
0.626456;0.7438161;0.0428;0.825689;0.0464;4.53e-10;5.12e-19;1.1451458;-0.0523;1.93e-11;-0.00948
0.7188452;0.7124927;0.0715;1.3873214;0.0404;6.14e-10;1.14e-19;0.6650914;0.049;9.77e-12;0.00675
0.6195068;0.6790497;0.0697;0.8410738;0.0479;8.08e-10;1.21e-19;0.9876085;-0.0555;3.51e-12;0.0199
0.6433277;0.7539073;0.0611;0.6022665;0.0502;5.89e-10;9.26e-19;0.5798359;0.0439;2.89e-12;-0.00171
0.6323619;0.7516258;0.0652;0.7136976;0.0412;9.32e-10;1.19e-19;0.4082578;-0.094;2.42e-12;0.0045
0.7431943;0.7675607;0.0462;1.2392489;0.0565;5.56e-10;4.37e-19;0.7164785;0.0422;9.35e-12;0.0161
0.6440601;0.6664626;0.0772;0.9374587;0.0482;5.37e-10;4.1e-19;1.1223407;-0.0131;4.06e-11;0.0137
0.6092594;0.7384322;0.077;0.6894826;0.0583;9.86e-10;1.02e-18;0.6747059;-0.00634;3.03e-12;-0.00801
0.6406287;0.6402328;0.0328;0.6194537;0.0483;8.27e-10;9.05e-19;0.7442345;0.0233;6.47e-12;0.00812
0.605179;0.6164256;0.0388;1.1247542;0.0564;5.46e-10;1.4e-19;0.8599675;-0.0858;4.8e-11;-0.00017
0.698569;0.6771376;0.0695;0.7981146;0.0514;9.12e-10;1.27e-19;0.540956;-0.0487;1.83e-11;-0.00572
0.6081247;0.7222848;0.046;0.6543873;0.056;9.81e-10;1.38e-18;0.9725543;0.00512;1.08e-11;-0.00746
0.7067722;0.69923;0.0754;1.1104375;0.0408;5.11e-10;4.12e-19;1.0369492;-0.0681;2.68e-11;0.0175
0.6440309;0.6220441;0.0472;1.307809;0.0566;9.01e-10;1.07e-18;1.1829728;-0.0632;4.07e-11;0.00523
0.6053236;0.6305012;0.0583;1.2210048;0.0536;7.72e-10;1.27e-18;0.8751064;0.0449;3.43e-12;0.0136
0.6634322;0.7238312;0.038;0.7934449;0.0591;1.08e-09;1.5e-18;1.0757173;-0.0502;4.47e-12;0.00679
0.6196581;0.654825;0.0343;0.6284556;0.0493;9.12e-10;1.84e-19;0.6454035;0.0701;2.45e-11;0.00731
0.5518852;0.7194462;0.0792;0.6051198;0.044;6.22e-10;1.47e-19;0.6022173;0.0837;1.98e-11;0.00766
0.7493016;0.7361174;0.0542;0.7467296;0.0519;9.62e-10;2.87e-19;0.8433674;0.0361;4.32e-11;-0.00812
0.6690588;0.7997649;0.0564;0.6978605;0.0542;4.68e-10;5.98e-19;0.5724887;-0.0996;3.97e-12;0.0137
0.7224554;0.6042295;0.0776;1.1620969;0.0491;4.67e-10;4.94e-19;0.9489368;0.0702;2.43e-11;-0.00987
0.6403144;0.6184731;0.0723;1.0928196;0.0407;1.09e-09;2.17e-19;1.1603718;-0.0658;9.64e-12;0.0138
0.6147561;0.7145713;0.0461;1.2493641;0.0529;8.69e-10;2.71e-19;0.6561747;-0.0933;3.67e-12;0.0108
0.6494076;0.6628643;0.0532;1.2056755;0.0588;8.27e-10;1.67e-19;0.9738022;-0.0992;1.04e-11;-0.00153
0.5948047;0.7726132;0.053;1.2145612;0.0528;4.55e-10;4.37e-19;0.4024007;0.0882;2.95e-12;0.00147
0.7267285;0.7324702;0.065;0.9741223;0.0549;4.95e-10;1.86e-19;0.8300828;-0.0776;1.99e-11;0.0146
0.6116782;0.6437541;0.0708;0.6738469;0.0443;5.15e-10;3.16e-19;0.5844614;0.0181;7.25e-12;0.0129
0.6456203;0.6339765;0.0593;1.1467124;0.0405;6.01e-10;1.35e-18;0.5107882;0.0701;2.67e-12;0.0131
0.7113907;0.6906748;0.0591;0.6970872;0.0399;6.58e-10;1.69e-19;0.5798069;0.0437;3.69e-12;0.00595
0.713997;0.6885369;0.051;0.653347;0.0411;8e-10;2.51e-19;0.4206385;0.0365;3.26e-12;0.0188
0.7069585;0.7452164;0.0347;0.6880994;0.042;4.55e-10;1.42e-18;0.5609984;0.0453;4.51e-11;0.0111
0.7138848;0.6571077;0.0421;0.6162722;0.0421;7.43e-10;2.61e-19;1.09391;-0.0998;1.17e-11;0.00402
0.7350703;0.6177906;0.0323;0.8469758;0.0541;4.45e-10;1.08e-18;0.4042187;-0.00859;3.3e-12;-0.00434
0.6441599;0.7763786;0.0344;1.1084917;0.0487;6.62e-10;1.44e-19;0.9530404;-0.0334;4.62e-12;0.00762
0.5593511;0.6837845;0.0511;1.3037754;0.0484;5.41e-10;3.77e-19;0.7701736;0.0626;1.56e-11;0.000342
0.7455107;0.7410381;0.0413;1.01552;0.0483;9.89e-10;7.87e-19;0.736347;0.00595;3.53e-12;0.0185
0.7252305;0.7485723;0.0376;1.103489;0.0399;4.79e-10;1.38e-19;0.5546846;0.0722;2.22e-12;0.0194
0.6592074;0.7039788;0.0562;1.0037378;0.0412;4.84e-10;8.37e-19;0.6749149;0.0934;2.5e-11;0.00384
0.6086391;0.6821867;0.061;0.6808274;0.0402;7.78e-10;1.51e-18;0.8131477;-0.0582;2.22e-11;0.016
0.5865842;0.7470294;0.0633;0.8493473;0.0538;5.73e-10;1.4e-19;0.9754599;0.0111;1.47e-11;-0.018
0.7075696;0.7584595;0.0536;1.3071254;0.0475;7.31e-10;1.19e-19;0.4518838;-0.0291;2.38e-11;0.0132
0.6253281;0.6727404;0.0542;1.3536623;0.0411;5.19e-10;1.25e-18;0.8776413;-0.0331;2e-12;-0.0137
0.6650342;0.7629341;0.045;1.0523875;0.0408;9.09e-10;1.21e-19;1.1897675;-0.0555;3.57e-11;0.0133
0.5518837;0.6226415;0.0457;1.1058795;0.0575;4.7e-10;1.61e-19;1.0384508;-0.0555;2.24e-11;-0.00705
0.5997847;0.7822022;0.0778;0.9716322;0.0455;8.22e-10;1.56e-18;0.6310552;0.00493;3.16e-11;0.00784
0.7236669;0.611933;0.0391;1.2542162;0.043;1.04e-09;6.84e-19;1.0692486;-0.025;1.42e-11;-0.0112
0.719434;0.7184916;0.0534;0.6724216;0.0562;5.21e-10;1.83e-19;0.8414904;0.0326;3.17e-11;-0.00771
0.6709941;0.6827601;0.0354;0.8777432;0.0509;8.43e-10;3.97e-19;0.4198263;-0.00827;9.24e-12;-0.00228
0.7299379;0.7970622;0.0457;1.0163143;0.0571;1.09e-09;3.52e-19;0.5857946;0.0964;3.87e-11;0.00538
0.6552901;0.7998256;0.0315;0.9471286;0.0602;1.02e-09;3.5e-19;0.4819218;-0.00225;8.73e-12;-0.015
0.6006498;0.67854;0.0369;1.2446533;0.0525;9.27e-10;2.08e-19;1.0508386;-0.0506;8.84e-12;-0.0182
0.575408;0.6099266;0.0581;1.1431133;0.0543;5.29e-10;1.15e-19;0.4404974;-0.0865;4.09e-11;0.00135
0.6321444;0.6736726;0.0311;0.9770491;0.0421;5.34e-10;4.06e-19;0.9347862;-0.0777;5.77e-12;-0.0014
0.6239213;0.704372;0.0408;0.8621281;0.0434;6.78e-10;3.84e-19;1.0522183;-0.0396;1.84e-11;-0.0171
0.6303962;0.6747056;0.0409;1.13281;0.0565;8.51e-10;3.69e-19;0.5478644;-0.0197;4.6e-11;-0.0167
0.672723;0.6429981;0.0598;0.8238375;0.0406;7.49e-10;1.09e-18;0.754274;-0.0202;9.01e-12;0.00966
0.6551244;0.7437476;0.0392;0.7190295;0.0554;7.15e-10;1.35e-18;0.7039315;0.0167;5.54e-12;-0.0196
0.6747259;0.650877;0.0589;0.7305562;0.0506;6.41e-10;1.06e-19;0.7487699;0.00856;2.85e-12;-0.0125
0.5952267;0.7712468;0.0561;1.1433424;0.0423;4.9e-10;1.71e-19;1.0998635;0.048;1.46e-11;-0.00495
0.7298899;0.7392089;0.0766;0.7547005;0.0485;6.74e-10;5.4e-19;0.9980983;-0.0181;9.24e-12;-0.019
0.6734912;0.6947195;0.0682;1.2665077;0.0533;4.5e-10;2.57e-19;0.6624633;-0.0967;4.16e-11;0.0117
0.6617365;0.7785521;0.0373;1.3335387;0.051;4.9e-10;4.53e-19;0.4774724;0.0148;4.53e-11;0.0123
0.5884485;0.7487917;0.0422;0.7649645;0.0536;5.91e-10;2.59e-19;1.179515;-0.0912;1.65e-11;-0.00695
0.6849358;0.7326979;0.0355;1.240161;0.0566;5.3e-10;2.81e-19;0.790004;-0.0772;2.34e-11;-0.00524
0.7199589;0.6587872;0.0688;0.715919;0.043;5.74e-10;1.21e-18;1.156493;0.0964;2.22e-12;0.00561
0.5618861;0.7605145;0.0741;0.8680719;0.0615;5.01e-10;3.26e-19;0.483663;0.0974;2.24e-12;0.0167
0.6031077;0.7990933;0.0746;0.6737762;0.0516;8.93e-10;1.02e-19;1.0206455;0.0603;2.39e-11;0.000308
0.6204226;0.7543691;0.0573;1.229195;0.0586;4.42e-10;5.06e-19;0.6134201;-0.0301;3.15e-12;0.0137
0.7261294;0.6914438;0.038;0.7239475;0.0476;7.25e-10;1.13e-19;0.4419267;0.0098;3.59e-12;0.0141
0.6690102;0.6735877;0.0427;0.9548296;0.0608;9.04e-10;1.66e-19;1.0916255;0.0977;5.49e-12;-0.0111
0.6598862;0.6642259;0.066;0.7981007;0.0519;1.01e-09;1.01e-18;1.003115;0.0867;9e-12;-0.0129
0.6146353;0.6849135;0.0592;0.7233374;0.0485;4.57e-10;1.9e-19;0.6196764;-0.0608;1.88e-11;0.0175
0.6901771;0.6340457;0.0666;1.384507;0.0431;6.14e-10;4.2e-19;0.4691902;0.0987;4.61e-12;-0.0068
0.6122531;0.6006368;0.0512;1.0460594;0.059;5.72e-10;1.41e-19;0.6798267;0.0822;1.42e-11;-0.00361
0.6281218;0.7446866;0.046;0.7433297;0.05;6.52e-10;4.41e-19;0.6228173;0.0448;1.75e-11;-0.0199
0.6816933;0.668948;0.0448;0.8912208;0.0441;7.53e-10;1.62e-19;1.1318407;0.0641;1.84e-11;0.0129
0.6237381;0.727116;0.0674;1.1244733;0.0628;4.48e-10;6.08e-19;0.8518868;-0.0578;6.54e-12;-0.0017
0.5785359;0.6700317;0.041;1.3886341;0.0436;8.61e-10;2.12e-19;0.8282042;0.0116;3.13e-11;0.0194
0.5747239;0.7286943;0.0776;0.6875261;0.0461;7.26e-10;2.05e-19;0.6282353;0.0839;2.01e-12;-0.00028
0.576783;0.7615462;0.0755;0.6873364;0.0494;4.6e-10;6.19e-19;0.9334008;0.00381;4.12e-11;0.00177
0.6916842;0.7120538;0.0493;1.185792;0.0496;5.08e-10;6.66e-19;0.944474;-0.0535;5.37e-12;-0.00849
0.6023164;0.7448652;0.0752;1.3518959;0.049;8.29e-10;1.07e-18;0.560166;-0.0655;8.52e-12;0.0181
0.6534702;0.6991998;0.0465;1.1077383;0.0402;5.74e-10;3.21e-19;0.8761158;0.00666;1.08e-11;0.0167
0.6954674;0.7729323;0.0582;0.8024649;0.0466;6.38e-10;1.03e-18;0.7108852;-0.0618;2.02e-11;0.0106
0.7408861;0.7673425;0.0692;0.8132634;0.0435;4.85e-10;2.03e-19;1.1606714;0.0903;4.47e-11;0.0171
0.5574139;0.7054409;0.058;0.9582;0.0474;6.67e-10;1.65e-19;0.7943967;-0.0945;4.72e-12;0.00929
0.6495933;0.670187;0.0796;0.8423727;0.0449;6.14e-10;6.55e-19;0.8287078;-0.044;1.03e-11;0.0128
0.6911231;0.6031034;0.0586;0.9359462;0.0583;5.04e-10;1.77e-19;0.9765701;-0.0505;8.85e-12;0.019
0.6384639;0.6766006;0.0764;1.1342013;0.0515;1.05e-09;1.46e-19;1.1366495;0.00845;5.21e-12;0.00833
0.6860873;0.6154335;0.031;0.7059992;0.062;8.48e-10;7.44e-19;0.4733106;0.0311;4.33e-11;-0.0162
0.7278373;0.6899539;0.0707;0.6167155;0.0428;6.25e-10;3.44e-19;1.1201308;-0.025;7.09e-12;0.0199
0.6260404;0.7748268;0.0446;0.9280576;0.056;4.45e-10;3.2e-19;0.7994038;0.0983;1.55e-11;0.0042
0.5840357;0.7792003;0.0302;0.9703689;0.0561;1.01e-09;5.97e-19;0.5145328;0.0128;2.85e-12;-0.0199
0.57023;0.6673545;0.0635;0.6778899;0.0557;8.87e-10;2.65e-19;0.6451179;0.0978;3.81e-12;-0.00236
0.5620873;0.7976843;0.0452;0.8619573;0.0414;6.32e-10;5.29e-19;1.0397022;0.0345;1.04e-11;0.00272
0.5689558;0.669035;0.0447;1.0064126;0.0561;4.57e-10;1.46e-18;0.8334031;-0.0398;9.47e-12;-0.00727
0.6668518;0.7571687;0.0365;1.0120806;0.0412;9.17e-10;9.44e-19;0.4287726;0.0467;2.54e-12;0.0153
0.6515558;0.7706761;0.0654;1.0578773;0.0625;6.73e-10;1.59e-18;1.1091937;0.0308;1.4e-11;0.00286
0.5510069;0.6647045;0.0325;0.8190893;0.0472;6.28e-10;1.38e-18;0.7503338;-0.0424;9.27e-12;-0.0104
0.5526014;0.7990447;0.0686;1.1853395;0.0482;5.18e-10;2.68e-19;1.1768018;-0.0955;1.24e-11;-0.0182
0.6984314;0.6762942;0.0367;0.7119157;0.0541;4.61e-10;1.03e-19;1.0282013;0.00408;9.06e-12;-0.00651
0.6907603;0.6366872;0.0438;1.0993385;0.0414;6.76e-10;2.41e-19;0.6464009;0.0467;5.56e-12;0.0189
0.600057;0.6185367;0.0409;1.196271;0.0506;4.98e-10;9.81e-19;0.8699646;0.00775;4.85e-11;0.00305
0.6076131;0.6008394;0.0439;0.970869;0.0414;4.78e-10;2.27e-19;0.8048728;-0.00625;4.66e-12;-0.0194
0.6579607;0.7761188;0.0578;0.6423091;0.0541;6.95e-10;3.39e-19;0.5746138;0.056;1.49e-11;-0.00546
0.6327624;0.7867635;0.0309;1.2667321;0.0428;9.86e-10;8.14e-19;0.60223;0.0783;4.31e-11;0.013
0.5678675;0.689517;0.0659;1.1085205;0.0577;6.38e-10;1.25e-19;0.9357161;-0.0077;1.27e-11;0.00399
0.6455082;0.6653073;0.0595;1.0361964;0.0451;6.2e-10;2.1e-19;1.0396003;-0.0197;4.86e-11;0.0154
0.6570994;0.7246709;0.0552;0.9979273;0.0607;9.09e-10;1.74e-19;1.1402607;0.0641;4.84e-12;0.00666
0.6725238;0.7269083;0.0508;1.2184465;0.0401;5.7e-10;4.39e-19;1.1585437;-0.0165;4.81e-12;-0.0192
0.6046656;0.7153622;0.0539;1.0809265;0.0399;4.57e-10;1.31e-18;0.5750125;0.058;1.51e-11;0.012
0.5760407;0.7661075;0.075;1.2566723;0.0423;7.59e-10;2.92e-19;1.1380818;-0.0611;4.17e-12;0.00181
0.5855594;0.7435746;0.0702;1.3521371;0.0401;9.65e-10;6.79e-19;0.4168735;0.0298;3.9e-12;-0.00498
0.7122725;0.715203;0.0648;0.9521302;0.0564;7.15e-10;1.23e-18;0.5236016;0.0864;1.55e-11;-0.000479
0.6518791;0.6980216;0.0452;1.3393207;0.0472;4.94e-10;8.38e-19;0.5160216;0.00217;1.12e-11;-0.000426
0.684617;0.6927317;0.0335;1.187786;0.0521;8.2e-10;1.33e-19;1.0913055;0.0734;1.86e-11;0.00219
0.7153315;0.7215715;0.0757;1.1208129;0.0472;7.37e-10;2.09e-19;0.4376548;-0.0541;3.43e-12;-0.00434
0.7092835;0.7847224;0.0795;0.6663257;0.0477;8.83e-10;1.45e-19;1.047112;-0.0498;4.04e-11;-0.00253
0.6702769;0.7781302;0.0489;1.0153196;0.0404;7.84e-10;8.54e-19;0.9555431;-0.0989;3.63e-11;-0.0112
0.573686;0.6899076;0.0361;0.6478636;0.0608;7.17e-10;4.46e-19;0.6101949;-0.0842;8.86e-12;-0.0129
0.6848116;0.7998995;0.0573;1.2609427;0.06;1.06e-09;2.35e-19;0.8057861;0.0145;4.53e-12;-0.00469
0.7016823;0.6421858;0.0324;0.8228415;0.0606;8.76e-10;1.56e-18;1.0647483;0.0705;2.94e-12;-0.00662
0.6808278;0.6755448;0.0776;1.0094084;0.0582;6.99e-10;3.21e-19;0.7461688;0.0907;2.78e-12;-0.01
0.7465325;0.6058835;0.0441;0.8752855;0.0594;6.07e-10;3.33e-19;0.8282474;0.00586;8.51e-12;0.0191
0.6884841;0.7278406;0.0483;1.1606113;0.0593;9.23e-10;3.14e-19;0.5336845;-0.047;2.07e-12;0.00639
0.5511809;0.6482151;0.078;1.2015024;0.0582;7.69e-10;6.63e-19;1.0190115;-0.0633;2.62e-11;0.0188
0.5880638;0.7519957;0.034;1.137444;0.0506;6.15e-10;3.04e-19;0.5308018;0.0877;3.53e-12;0.00754
0.6061354;0.7913634;0.0515;1.274183;0.0482;5.78e-10;2.81e-19;0.7334257;-0.0889;5.23e-12;-0.0174
0.688402;0.7235244;0.0691;0.8073695;0.055;8.68e-10;5.56e-19;1.052543;-0.0265;3.85e-11;-0.0181
0.6066054;0.6080923;0.0592;0.7183453;0.04;6.96e-10;5.51e-19;0.6954189;-0.0339;3.49e-11;-0.0119
0.6452312;0.6057965;0.0432;1.3858496;0.0518;1.01e-09;1.2e-18;0.6566884;-0.0153;3.55e-12;-0.00477
0.7011264;0.7335574;0.0491;1.213206;0.0603;8.41e-10;1.08e-19;0.6186971;0.0758;9.9e-12;0.017
0.5788031;0.6321651;0.0768;0.8780492;0.0565;8.27e-10;4.68e-19;1.05661;-0.0705;4.78e-11;0.0159
0.7200209;0.641592;0.0563;1.1194832;0.0398;4.65e-10;2.36e-19;1.0485305;-0.0309;3.05e-12;0.0186
0.6271445;0.7840007;0.0548;0.8221216;0.0483;6.59e-10;2.87e-19;1.0079854;-0.0636;3.35e-11;0.00668
0.710795;0.7492552;0.0663;0.8893603;0.0523;8.72e-10;2.31e-19;0.8563292;-0.0349;2.35e-12;-0.00264
0.7407036;0.777721;0.0428;1.0148853;0.0577;9.86e-10;1.27e-18;1.0897229;-0.0805;2.28e-12;-0.00428
0.6127523;0.6653013;0.0622;1.3032095;0.0553;5.39e-10;1.68e-19;0.9299008;-0.00212;5.64e-12;-0.00853
0.7496139;0.6058476;0.056;1.0961204;0.0581;6.65e-10;2.11e-19;0.6201549;-0.0864;3.02e-12;-0.00683
0.6079917;0.7610097;0.0505;1.153376;0.0443;9.09e-10;2.72e-19;0.7462809;0.0171;3.48e-12;-0.0113
0.6026817;0.7971284;0.0522;0.6425579;0.0481;1.01e-09;1.64e-19;1.1128849;0.019;2.58e-11;0.00853
0.6285132;0.6012459;0.0799;1.0302789;0.0461;9.24e-10;3.23e-19;0.5323803;0.00103;1.03e-11;0.0169
0.6234353;0.6445351;0.0795;0.634358;0.0407;6.92e-10;1.07e-19;0.6921586;0.0911;5.57e-12;0.0091
0.5914525;0.6180693;0.0385;1.03454;0.0405;8.48e-10;2.48e-19;0.7673826;-0.0986;4.18e-11;0.00653
0.589397;0.7955142;0.0417;0.7705433;0.0484;5.84e-10;2.79e-19;1.1263342;0.00212;2.11e-12;-0.00835
0.6585084;0.7110734;0.0486;0.9615838;0.062;4.62e-10;3.7e-19;0.5091149;0.00643;1.99e-11;0.00359
0.6407047;0.7734916;0.0343;1.2294443;0.0491;4.6e-10;4.96e-19;0.9761637;0.0208;3.66e-12;0.00966
0.7391232;0.7307393;0.0621;1.3572087;0.0445;5.52e-10;3.51e-19;1.0989622;0.0414;2.28e-11;0.019
0.6940174;0.6851499;0.0448;1.3535618;0.0434;8.38e-10;1.52e-19;0.7102572;0.0316;7.57e-12;-0.00159
0.6363147;0.6756501;0.0412;0.6400784;0.0489;6.63e-10;8.72e-19;0.5098236;0.0359;4.27e-11;-0.00412
0.5606082;0.6736753;0.0773;0.7744271;0.0613;4.65e-10;1.34e-18;1.0436702;-0.0265;1.02e-11;-0.0114
0.704774;0.6813546;0.049;0.8937886;0.0529;7.58e-10;7.35e-19;0.7518596;0.0308;4.2e-11;-0.00582
0.6093204;0.7726422;0.0702;0.9767914;0.0599;5.5e-10;1.55e-18;0.7406782;0.00156;3.1e-12;0.0125
0.5571143;0.6589194;0.0775;0.9636161;0.0402;5.73e-10;1.59e-18;0.9672788;-0.007;2.18e-12;0.00395
0.7074319;0.7660171;0.0337;1.0935909;0.0436;5.28e-10;3.86e-19;0.9436341;0.0996;1.2e-11;0.00737
0.5725808;0.6135017;0.0343;0.6205213;0.0514;9.15e-10;2.11e-19;0.6575522;-0.00659;3.66e-12;0.000524
0.7032643;0.798288;0.0567;1.0531183;0.0505;8.95e-10;2.89e-19;0.4509855;-0.0664;1.94e-11;-0.0198
0.6254351;0.7889457;0.0734;1.1321131;0.0599;6.11e-10;1.31e-19;1.027001;-0.0558;3.14e-11;0.0194
0.601335;0.759891;0.0659;0.9580994;0.0544;7.48e-10;4.78e-19;1.1834407;-0.0315;2.47e-11;0.0051
0.6289154;0.7917995;0.0618;1.0163463;0.0556;5.59e-10;1.31e-18;0.7169812;-0.0775;2.11e-11;-0.0184
0.5542456;0.6618989;0.0741;0.8340413;0.0613;4.96e-10;4.98e-19;0.5864712;-0.0544;7.6e-12;-0.0131
0.6220244;0.6977344;0.0513;0.9516499;0.0481;5e-10;3e-19;0.9630187;0.0251;4.25e-12;-0.0128
0.7155571;0.7991302;0.0604;1.243927;0.0457;4.61e-10;3.46e-19;0.7532357;-0.0948;1.63e-11;0.000683
0.7371063;0.7925573;0.076;1.1993916;0.0625;6.92e-10;1.48e-19;0.5745089;-0.0394;4.6e-12;0.0172
0.7350604;0.7779162;0.0328;1.3614753;0.0494;8.19e-10;3.83e-19;0.8545794;0.00916;1.68e-11;0.0173
0.6460066;0.677945;0.0373;1.3329037;0.0486;5.61e-10;1.23e-19;0.7396868;-0.0959;1.33e-11;-0.0124
0.6267887;0.7861566;0.0543;1.1924994;0.0505;1.11e-09;2.63e-19;0.5963315;0.0712;3.8e-12;-0.00355
0.5812303;0.6163883;0.0419;0.8391828;0.0541;6e-10;5.06e-19;1.0586934;0.0672;1.39e-11;0.00429
0.73388;0.6290958;0.0427;1.0767992;0.0404;5.34e-10;2.77e-19;0.9537676;-0.0328;5.99e-12;0.0169
0.5608235;0.6959976;0.0742;1.3549683;0.0449;1.06e-09;2.35e-19;0.5578703;-0.000677;3.22e-11;0.0148
0.6358659;0.654077;0.0436;1.3571427;0.0515;7.87e-10;1.87e-19;0.798283;-0.000485;4.77e-12;-0.0195
0.6001433;0.6879551;0.0645;1.0517992;0.045;6.11e-10;1.36e-19;0.4386251;0.0226;4.67e-12;-0.0155
0.6300439;0.7282786;0.0604;0.6510622;0.0543;1.05e-09;9.21e-19;1.0652767;0.0971;7.6e-12;-0.017
0.6436045;0.7261297;0.0338;0.7854196;0.0417;1.06e-09;2.76e-19;0.5738658;0.0945;3.12e-11;0.0165
0.7303848;0.7352029;0.0465;1.0341843;0.0471;1.09e-09;1.09e-19;0.5681257;0.0404;4.83e-11;0.00381
0.7435672;0.7837382;0.0578;1.3303851;0.052;4.55e-10;4.54e-19;1.1854298;-0.0922;7.82e-12;-0.00204
0.7359541;0.6165323;0.0437;1.1709071;0.0572;7.05e-10;9.23e-19;1.1827272;-0.00976;1.08e-11;-0.00478
0.6337207;0.6547056;0.0436;1.0165178;0.0629;8.5e-10;1.08e-18;0.7188399;-0.0796;3.34e-12;-0.0109
0.7070629;0.6222161;0.0459;1.2440971;0.0519;1.02e-09;2.12e-19;0.9287587;-0.0859;1.05e-11;0.00396
0.643239;0.7178515;0.0376;1.0257264;0.0564;4.66e-10;4.85e-19;0.7775151;-0.0915;1.3e-11;0.00384
0.6494189;0.7724466;0.0605;1.1465756;0.0402;1.02e-09;1.23e-18;0.6782085;-0.0386;2.34e-12;0.0171
0.5847396;0.6416784;0.0738;1.2127709;0.0473;5.91e-10;3.29e-19;0.6716766;-0.0226;3.64e-11;-0.00774
0.7138965;0.6518786;0.0514;0.7942015;0.0429;8.39e-10;1.05e-18;0.8667287;0.0669;1.53e-11;0.00138
0.5675287;0.6919622;0.0355;1.0872326;0.0432;1.07e-09;1.1e-19;0.6293821;-0.057;4.4e-11;-0.0186
0.7114526;0.7699254;0.0556;1.1957281;0.0544;7.63e-10;5.45e-19;0.4873132;-0.0107;2.51e-11;-0.00906
0.6261077;0.639046;0.0692;0.7582185;0.0519;4.72e-10;6.83e-19;0.5513267;0.0103;2.96e-11;-0.0131
0.7210555;0.6502423;0.0785;0.9009065;0.0493;4.85e-10;1.39e-18;0.6843243;0.0324;3.97e-12;0.000576
0.6693391;0.7848337;0.0503;0.7330301;0.0609;7.21e-10;1.03e-19;0.5245418;-0.023;6.07e-12;-0.0102
0.7080498;0.6762507;0.0753;1.1578466;0.0617;8.57e-10;4.96e-19;0.9105494;-0.0574;1.1e-11;-0.0173
0.5870491;0.6800517;0.0781;1.353494;0.0476;7.06e-10;2.24e-19;0.8033016;0.0852;2.97e-12;0.00669
0.6489867;0.7903215;0.0767;1.0924768;0.0581;5.83e-10;6.29e-19;0.6565443;-0.0908;3.72e-11;0.00516
0.6874837;0.735927;0.0464;0.8091066;0.0624;5.25e-10;1.72e-19;0.9293157;0.0984;2.16e-12;-0.0051
0.7400028;0.6946326;0.0756;1.204423;0.0436;1.08e-09;5.04e-19;0.9660408;-0.0243;9.23e-12;-0.00904
0.5767775;0.7374865;0.0688;0.88148;0.0485;9.7e-10;4.16e-19;0.5011873;0.037;5.12e-12;-0.0135
0.5907277;0.7706023;0.0383;0.6662364;0.0614;6.33e-10;7.93e-19;1.1565611;-0.0144;1.14e-11;-0.00219
0.5513243;0.6957753;0.0349;0.6519183;0.0595;6.35e-10;2.14e-19;0.7782687;0.0699;4.27e-12;0.0138
0.6872422;0.6479366;0.0692;0.939067;0.047;5.74e-10;2.77e-19;0.9655994;-0.0499;3.06e-12;0.0164
0.5586637;0.766734;0.0364;0.7882069;0.0547;7.73e-10;2.2e-19;0.4339397;-0.0777;3e-11;-0.0156
0.7045333;0.6681836;0.055;0.9721191;0.0442;6.94e-10;8.89e-19;0.660737;0.00329;2.42e-11;0.00928
0.6565857;0.6493373;0.0352;1.3255525;0.0398;9.37e-10;6.42e-19;0.6141913;0.0255;2.5e-11;0.00909
0.6319616;0.7333314;0.0456;1.329845;0.046;7.74e-10;2.85e-19;1.1288682;-0.00695;4.42e-11;-0.0143
0.5605604;0.7537059;0.0469;1.3775302;0.0501;7.73e-10;2.55e-19;0.4154153;0.0714;9.39e-12;0.011
0.5874929;0.7433827;0.0786;0.8503877;0.0456;7.45e-10;1.01e-18;1.108172;-0.0405;1.22e-11;-0.00109
0.5551716;0.6126638;0.073;0.8034606;0.0534;5.06e-10;5.48e-19;0.523513;0.076;1.06e-11;0.0168
0.7093135;0.7776192;0.0336;1.2169098;0.0401;7.87e-10;6.37e-19;0.4382984;-0.0115;1.24e-11;-0.0181
0.6671854;0.6651061;0.0442;0.9399433;0.0425;8.66e-10;6.78e-19;0.8741899;0.0432;1.42e-11;0.00821
0.6955043;0.7740894;0.0532;0.6233028;0.0457;9.24e-10;2.78e-19;0.7426114;-0.0319;2.27e-11;-0.00579
0.6814294;0.6421182;0.0356;0.8659089;0.042;6.86e-10;6.22e-19;0.8420114;-0.0718;6.2e-12;0.0148
0.699854;0.6833062;0.039;1.3550526;0.0542;1e-09;1.77e-19;0.7622311;0.018;4.65e-12;-0.00291
0.6220058;0.7784303;0.0647;1.0185924;0.045;8.57e-10;5.07e-19;0.8160901;-0.027;4.44e-11;-0.013
0.6891439;0.7771599;0.0367;1.1274046;0.0528;5.86e-10;7.3e-19;0.9206231;0.0416;1.14e-11;0.0116
0.7294099;0.6945132;0.0663;0.7698869;0.0564;4.6e-10;6.3e-19;0.9223815;-0.0813;3.21e-12;-0.0105
0.663495;0.6353504;0.0608;0.9653064;0.062;9.31e-10;8.49e-19;0.5053223;-0.0778;1.35e-11;-0.00372
0.7046079;0.624355;0.05;1.3840369;0.0578;9.76e-10;1.15e-18;0.5164118;0.0128;4.67e-11;0.0109
0.7465379;0.739325;0.0765;0.6015299;0.057;1.1e-09;2.85e-19;0.4330622;-0.0676;2.16e-11;-0.00228
0.5519099;0.7004598;0.0512;1.0244858;0.0398;5.7e-10;4.3e-19;0.6801231;-0.0713;8.62e-12;0.00684
0.554221;0.6370296;0.0618;1.2369193;0.0563;8.1e-10;2.31e-19;1.0804354;0.0387;1.86e-11;-0.0149
0.61854;0.661349;0.0707;0.9863047;0.061;4.58e-10;1.72e-19;0.9197316;0.095;4.36e-12;-0.0188
0.6252832;0.7135399;0.0698;1.2922041;0.0585;1.07e-09;1.06e-18;0.905168;-0.0592;2.33e-12;0.0172
0.7280363;0.6837694;0.0356;1.1828269;0.0427;5.99e-10;3.71e-19;1.1135497;0.0658;6.76e-12;-0.00301
0.7145538;0.6209342;0.0476;0.8897757;0.0519;6.9e-10;1.3e-19;1.1081631;-0.0501;4.9e-11;-0.00116
0.5591732;0.6226866;0.0456;1.1448321;0.0449;6.11e-10;1.08e-18;0.9730968;0.0553;3.58e-11;0.00224
0.7282;0.6205679;0.0516;1.1881626;0.0613;1.01e-09;1.82e-19;0.5176749;-0.0315;2.35e-12;-0.0145
0.7227903;0.6852206;0.0406;0.9558125;0.0414;4.71e-10;2.52e-19;0.6910901;0.0577;6.84e-12;-0.0125
0.5794409;0.6368563;0.0713;0.8258329;0.059;1.03e-09;4.35e-19;0.854709;-0.000268;7.03e-12;-0.00624
0.7296331;0.6624911;0.0414;1.2782881;0.0575;4.93e-10;5.8e-19;0.4949059;0.0286;4.83e-11;0.00589
0.7205305;0.7926008;0.0525;0.6328139;0.0522;5.81e-10;6.1e-19;0.7294669;-0.0709;1.4e-11;-0.00168
0.5966091;0.7741797;0.0321;0.8939054;0.0601;7.26e-10;1.13e-19;1.1057388;0.0161;2.01e-11;0.0109
0.6861328;0.6685131;0.0622;0.9532491;0.0488;8.24e-10;5.66e-19;0.4622514;0.00225;1.58e-11;-0.00946
0.6262919;0.6388537;0.0624;1.2681177;0.0409;1.05e-09;1.18e-18;0.7491018;-0.0482;4.72e-12;-0.0146
0.5613275;0.7378756;0.0725;0.853679;0.0622;6.45e-10;1.47e-19;0.6929358;0.0629;4.9e-11;0.0167
0.7452653;0.6837684;0.055;0.8471098;0.0398;9.63e-10;1.39e-19;0.6898788;-0.0512;3.59e-12;0.00864
0.6095248;0.7938815;0.0787;0.7817823;0.0431;7.83e-10;3.69e-19;1.0739994;0.0311;3.31e-12;-0.0198
0.551885;0.7251732;0.0615;0.9057472;0.0399;1.05e-09;1.35e-18;0.7532065;-0.0213;4.19e-12;0.004
0.6045864;0.6335593;0.0714;1.3924146;0.0607;6.91e-10;8.78e-19;0.9168259;-0.0146;4.26e-11;-0.0123
0.7106463;0.700011;0.0639;1.1475773;0.0426;7.03e-10;4.12e-19;0.6856506;0.072;7.46e-12;-0.0131
0.6208933;0.7497945;0.0358;0.8532887;0.0397;8.5e-10;8.45e-19;0.5081856;-0.00139;1.01e-11;-0.0138
0.6068581;0.6992152;0.0587;0.6279092;0.0611;7.76e-10;1.1e-19;0.8101732;0.0595;1.08e-11;0.00822
0.7162531;0.7120881;0.0628;0.9743415;0.0467;9.47e-10;5.1e-19;0.6855405;0.0735;3.23e-12;0.0183
0.5864952;0.6359246;0.0512;0.6046515;0.0471;1.03e-09;1.53e-19;0.5417981;-0.054;5.31e-12;-0.0167
0.7229568;0.619658;0.0713;0.8124533;0.0446;9.15e-10;2.96e-19;1.1507308;-0.0276;1.04e-11;0.0151
0.5755225;0.6656798;0.0425;1.1358092;0.0586;8.26e-10;8.74e-19;0.9878004;-0.0345;2.13e-11;-0.0168
0.7292288;0.6421278;0.0303;1.288035;0.0623;6.62e-10;1.53e-19;0.8719429;-0.00559;8.51e-12;0.00564
0.5703777;0.7744889;0.0617;1.3284853;0.0427;4.54e-10;1.64e-19;0.9882183;0.0822;3.79e-12;-0.00588
0.6825936;0.6485578;0.0528;1.2792379;0.0511;4.45e-10;1.16e-18;0.7889667;-0.00755;8.88e-12;0.00168
0.562551;0.703412;0.049;1.1078421;0.0454;4.63e-10;1.05e-18;0.6196294;0.0773;6.22e-12;-0.0162
0.6250804;0.702395;0.0346;0.8940317;0.0614;6.11e-10;3.78e-19;0.9952145;0.0653;1.37e-11;-0.0132
0.6190454;0.7091733;0.0497;0.9415006;0.0428;7.45e-10;2.42e-19;0.9386746;0.0123;5.4e-12;-0.0179
0.6561095;0.6139421;0.0738;0.9467211;0.0531;5.28e-10;1.56e-19;0.9079588;-0.0599;4.68e-12;-0.0097
0.5942869;0.6773454;0.0603;0.6413287;0.0461;6.37e-10;5.4e-19;0.4746161;0.00229;1.18e-11;0.00439
0.683637;0.7564166;0.0394;1.1086727;0.0568;6.13e-10;1.5e-19;1.0651822;-0.0204;2.07e-12;-0.00471
0.6783156;0.7747041;0.075;0.7433066;0.0607;5.17e-10;1.44e-18;0.9641189;0.0188;2.15e-12;-0.0175
0.6356067;0.7791709;0.0799;1.1152381;0.0455;7.84e-10;3.21e-19;0.4676411;-0.0293;4.08e-12;-0.0185
0.6777561;0.7847124;0.0645;0.8301805;0.0563;6.03e-10;2.04e-19;0.6066165;0.0871;1.95e-11;-0.014
0.6028825;0.642396;0.0395;1.1651894;0.0423;7.24e-10;1.44e-19;0.8977985;-0.0281;2.79e-11;-0.0105
0.6314736;0.7641474;0.0319;0.9350319;0.0611;1.1e-09;1.62e-19;0.7133066;0.0176;7.74e-12;-0.0191
0.7246882;0.6554131;0.0549;0.8445457;0.0555;5.18e-10;2.16e-19;0.8646113;0.0734;3.22e-11;0.0161
0.7244855;0.6873442;0.0612;0.7668571;0.0465;1.09e-09;3.67e-19;0.4326492;-0.082;7.77e-12;0.0193
0.6477697;0.7676383;0.0549;0.8554683;0.0402;9.7e-10;1.59e-19;0.8398501;0.014;1.64e-11;0.00345
0.6896322;0.6733933;0.0607;0.997244;0.0623;7.87e-10;7.8e-19;0.4633929;-0.0841;5.32e-12;0.0151
0.6666138;0.6682222;0.0507;1.255655;0.0624;4.51e-10;2.62e-19;0.5670077;0.0321;7.29e-12;-0.00192
0.5971494;0.7578919;0.0542;0.8977576;0.0482;5.6e-10;1.11e-19;0.508464;-0.028;4.17e-11;-0.0152
0.6531402;0.7563698;0.0434;1.3228352;0.0421;1.03e-09;1.03e-18;0.748708;-0.0327;4.31e-12;-0.00753
0.6293448;0.7506322;0.0671;1.3467233;0.0416;6.85e-10;9.03e-19;1.0386775;0.00541;2.33e-11;0.00974
0.5717544;0.7082232;0.0658;1.0164557;0.0506;9.9e-10;2.98e-19;0.5113263;-0.0687;2.44e-11;-0.00517
0.6854305;0.7015167;0.0391;1.1009556;0.0563;5.21e-10;1.48e-18;0.8376591;0.000362;5.48e-12;-0.0157
0.5662399;0.7069322;0.069;1.2533294;0.0427;4.55e-10;4.15e-19;1.0125244;-0.0709;2.12e-12;0.0106
0.7333544;0.6412492;0.0348;0.9061059;0.0526;5.65e-10;2.18e-19;1.1208934;-0.0737;3.32e-11;-0.00646
0.5663532;0.7328634;0.0338;0.9886213;0.0401;4.64e-10;1.29e-19;0.7375837;0.0572;1.74e-11;0.0133
0.5841653;0.6997831;0.0588;1.1069527;0.0451;5.62e-10;5.28e-19;0.9955178;-0.0169;4.27e-12;-0.0102
0.7022172;0.6095471;0.0662;1.3756293;0.0612;7.14e-10;3.81e-19;0.524424;-0.0141;1.3e-11;-0.016
0.688975;0.649462;0.0738;0.9328514;0.0433;7.13e-10;3.25e-19;0.6480604;-0.0363;8.75e-12;0.00698
0.7288606;0.7948872;0.0441;0.9662077;0.0611;4.93e-10;1.28e-19;1.1507314;0.0996;4.12e-11;-0.00387
0.6897083;0.7578;0.0744;1.3238322;0.0464;8.91e-10;3.15e-19;0.4099621;0.0226;1.31e-11;0.0101
0.7147897;0.6080082;0.0463;0.9047714;0.0568;8.16e-10;7.3e-19;1.0586554;-0.0739;9.28e-12;0.0165
0.7432508;0.7003062;0.0439;0.9740998;0.0483;6.42e-10;2.63e-19;0.8347305;-0.0727;4.84e-11;-0.00302
0.5949706;0.686478;0.0626;0.8137216;0.0488;5.4e-10;2.84e-19;0.7304487;0.0127;1.6e-11;-0.0037
0.6291113;0.6486368;0.0444;1.0464294;0.0415;4.88e-10;7.83e-19;0.9453781;0.0487;4.94e-12;0.00283
0.6730501;0.6399831;0.0403;1.3346926;0.0521;8.05e-10;1.59e-19;1.1377351;0.0944;3.4e-12;0.0169
0.6099576;0.6365703;0.0799;0.6226159;0.04;4.47e-10;2.92e-19;1.0113138;-0.08;4.64e-12;0.00476
0.5969039;0.7826233;0.0523;0.9042867;0.0546;1.02e-09;1.07e-18;1.1334214;0.0735;7.94e-12;-0.00633
0.7334839;0.7550317;0.0695;1.3367528;0.0625;1.06e-09;5.62e-19;0.8144368;-0.0673;4.76e-12;-0.000729
0.5627467;0.757914;0.0398;0.8622434;0.0451;8.2e-10;2.37e-19;0.5572698;-0.0773;1.02e-11;-0.00937
0.7069501;0.7128429;0.0623;0.8327662;0.054;4.97e-10;2.17e-19;0.8530699;0.0366;2.12e-12;-0.0133
0.5861686;0.612473;0.0796;1.2014157;0.0431;1.02e-09;3.29e-19;0.7555202;-0.0535;2.01e-12;0.0152
0.5956232;0.7575202;0.0641;0.7518429;0.049;9.11e-10;3.19e-19;0.7587802;-0.0432;9.29e-12;0.0184
0.6076401;0.6703719;0.0357;0.7654941;0.0455;7.69e-10;8.28e-19;1.0639359;-0.0215;4.3e-12;0.0172
0.6306862;0.6622233;0.0689;1.177939;0.0561;6.59e-10;2.77e-19;0.9433801;-0.035;5.94e-12;0.0029
0.6038741;0.6010067;0.0333;0.6994544;0.0424;4.82e-10;1.29e-19;1.1484652;-0.0839;1.78e-11;0.0164
0.709984;0.6455361;0.0577;1.1430362;0.0525;5.52e-10;3e-19;0.8510751;-0.0282;4.46e-11;-0.00394
0.6343524;0.7406003;0.0367;1.0599731;0.0614;9.35e-10;1.44e-19;0.6177254;0.0338;7.37e-12;-0.0109
0.744525;0.636925;0.0449;0.9516314;0.0447;4.86e-10;1.72e-19;0.4357527;0.069;7.04e-12;-0.00512
0.6296515;0.7178132;0.03;0.7338392;0.0462;7.67e-10;5.67e-19;1.078431;-0.0586;3.41e-11;0.000276
0.6391459;0.6994897;0.0522;1.0745589;0.049;1.1e-09;1.33e-18;1.048173;0.00616;2e-11;-0.00325
0.6529447;0.6698292;0.0432;0.8107368;0.0428;5.21e-10;1.54e-19;1.1664689;0.0454;6.87e-12;0.00379
0.5592531;0.6740673;0.0621;1.0377386;0.0414;1e-09;8.18e-19;0.6627663;-0.00329;3.2e-12;0.0098
0.7292418;0.6012596;0.0497;1.2844325;0.0499;5.9e-10;3.03e-19;0.6599316;0.049;2.9e-11;-0.00821
0.6776737;0.7055485;0.0494;1.1667306;0.0411;5.29e-10;1.43e-18;0.4866825;0.0256;1.03e-11;0.00063
0.6383973;0.6173901;0.0528;0.9405254;0.061;4.44e-10;2.37e-19;0.4058585;0.099;4.27e-11;-0.012
0.7118172;0.6718886;0.0727;0.9254817;0.0467;5.6e-10;1.58e-18;0.6470129;-0.0358;2.12e-12;-0.016
0.6000395;0.6550273;0.048;1.2395726;0.0488;5.07e-10;1.64e-19;0.7612459;-0.0512;2.59e-12;0.0175
0.5526266;0.7166061;0.048;0.7522368;0.0583;8.94e-10;2.03e-19;0.8302677;-0.0736;2.41e-12;0.0179
0.571486;0.6664471;0.0605;0.6139525;0.0617;7.92e-10;7.14e-19;1.133697;0.0238;5.61e-12;0.00867
0.6177405;0.7851546;0.0664;1.3073086;0.0422;6.38e-10;4.84e-19;0.8432501;-0.0174;3.25e-11;-0.00896
0.6385523;0.6909659;0.0744;0.7489216;0.0541;1.06e-09;1.89e-19;0.6627986;-0.0489;7.17e-12;0.0126
0.6214312;0.7967293;0.0624;0.8784503;0.0553;4.82e-10;2.19e-19;1.1310943;-0.0571;3.01e-12;-0.00831
0.6255746;0.6186494;0.0421;1.1310536;0.0542;8.54e-10;1.88e-19;0.9488197;-0.0892;3.84e-12;-0.0149
0.6158001;0.7474621;0.0352;0.6857218;0.0452;7.98e-10;9.89e-19;0.8525739;0.0354;4.63e-11;-0.000558
0.6854652;0.6683319;0.0634;0.7970777;0.0486;6.06e-10;1.04e-19;0.8359092;-0.0434;1.02e-11;0.00812
0.5573261;0.7147669;0.0468;0.6611841;0.0423;8.19e-10;3.26e-19;0.7950841;0.00137;2.12e-11;0.00208
0.5971849;0.7815036;0.0473;0.6049649;0.0449;5.94e-10;7.27e-19;0.7710411;0.0462;8.85e-12;-0.0124
0.6560508;0.6587621;0.046;1.3096905;0.0515;1.04e-09;7.15e-19;1.010505;0.0393;3.11e-11;0.00592
0.6775035;0.7460965;0.0412;0.6996034;0.0572;5.87e-10;6.4e-19;0.4312674;-0.0893;6.82e-12;-0.0103
0.5806842;0.6074644;0.0691;0.833286;0.0475;5.01e-10;5.14e-19;0.6566554;-0.0524;5.74e-12;-0.0143
0.6728326;0.6982951;0.0309;1.0907435;0.0432;6.89e-10;1.51e-19;0.6708532;-0.00774;5.31e-12;0.0092
0.6919332;0.6380219;0.0393;1.1802238;0.0626;7e-10;1.03e-18;0.6424769;0.0163;2.17e-12;-0.00736
0.6659441;0.7555781;0.0581;0.6936606;0.0561;7.53e-10;1.85e-19;0.6990008;0.0592;3.44e-12;-0.0133
0.6258868;0.6449921;0.0738;1.3538064;0.047;9.71e-10;1.66e-19;0.6356828;-0.042;8.8e-12;-0.014
0.6812648;0.7390274;0.0378;1.1627873;0.056;7.74e-10;7.62e-19;0.907211;-0.0883;2.19e-11;0.0174
0.6727121;0.6907787;0.0624;0.7683713;0.0563;8e-10;1.49e-19;0.9455094;-0.00822;1.12e-11;0.00164
0.5634876;0.729652;0.0594;1.0933458;0.0576;6.38e-10;6.21e-19;1.0336353;-0.086;1.46e-11;0.000316
0.6708054;0.7208085;0.0705;0.9989682;0.0531;8.43e-10;1.55e-18;0.6961067;-0.0199;5.57e-12;-0.016
0.7421313;0.6230068;0.0427;1.1693369;0.0554;9.34e-10;1.64e-19;0.7243992;-0.0362;8.9e-12;-0.00636
0.5644464;0.6887392;0.0661;0.9303455;0.0542;5.43e-10;9.71e-19;1.0426524;-0.0516;2.21e-11;0.00978
0.6056653;0.7442437;0.0325;1.0310006;0.0509;8.93e-10;1.2e-19;1.105884;0.0375;3.7e-12;-0.00376
0.5672924;0.6716648;0.068;1.0247672;0.0421;6.49e-10;2.08e-19;1.022332;0.00299;3.6e-12;-0.0106
0.6472566;0.64499;0.0499;0.6323076;0.0575;4.91e-10;7.26e-19;0.8416836;-0.0946;2.75e-11;0.00186
0.7367546;0.6286501;0.0783;1.3732977;0.0608;9.49e-10;6.8e-19;0.7709919;0.0767;3.85e-11;-0.0197
0.6460846;0.7277993;0.0636;1.2908607;0.0426;9.98e-10;2.48e-19;0.9863474;0.095;1.08e-11;-0.00804
0.684843;0.7775823;0.037;1.2410711;0.0425;8.48e-10;1.3e-18;0.7594326;-0.0201;1.15e-11;0.00754
0.5597123;0.7538733;0.0796;1.2152259;0.0463;6.44e-10;6.37e-19;0.5349983;0.00883;4.93e-11;0.0132
0.7259334;0.6489982;0.054;0.7846173;0.0548;6.26e-10;1.21e-19;1.0474083;0.0903;5.24e-12;-0.00844
0.6749648;0.6880323;0.0638;0.8539217;0.0419;6.64e-10;4.75e-19;0.7984371;0.0223;4.31e-11;0.00994
0.59793;0.6447183;0.0363;1.3512554;0.0476;8.6e-10;3.26e-19;0.6702731;0.00391;4.22e-12;-0.00705
0.7332909;0.7145307;0.0688;0.9469604;0.0479;8.6e-10;1.45e-18;1.1347362;0.0291;8.33e-12;-0.00308
0.6728315;0.670061;0.0501;0.8097188;0.0591;7.76e-10;3.43e-19;1.0565734;0.0438;1.75e-11;0.00793
0.6923419;0.6250756;0.0481;0.9491179;0.0547;7.2e-10;4.4e-19;0.6870367;-0.0313;1.24e-11;-0.00233
0.6289776;0.7739011;0.0756;1.2552629;0.0503;8.81e-10;3.59e-19;1.0908864;-0.0726;1.59e-11;0.0155
0.7049216;0.6988217;0.0653;0.9350004;0.0496;1.04e-09;2.25e-19;0.907678;-0.0717;6.12e-12;0.0192
0.5601443;0.6055047;0.0615;1.0388327;0.0484;4.99e-10;7.07e-19;0.9023592;0.0645;8.81e-12;-0.0085
0.6157776;0.6957518;0.0645;0.7871453;0.0466;6.89e-10;1.58e-19;0.6477981;0.0923;1.94e-11;0.00683
0.5687447;0.6187126;0.048;0.6286166;0.0454;1.01e-09;2.91e-19;0.4783834;-0.03;6.41e-12;-0.00329
0.6092887;0.6698066;0.0327;1.397909;0.0443;8.04e-10;2.21e-19;0.5770916;0.0829;4.48e-12;0.00832
0.7416615;0.7286237;0.0519;1.2284327;0.0433;5e-10;2.38e-19;0.515354;-0.0976;1.79e-11;0.00185
0.6992204;0.7146174;0.0405;1.1365557;0.0547;4.91e-10;1.53e-18;1.0163329;-0.0604;3.18e-11;0.00164
0.7431759;0.7038222;0.0676;1.2372599;0.054;5.94e-10;1.31e-19;0.9154084;-0.0319;2.33e-11;0.00573
0.6503222;0.6540298;0.0659;0.9566937;0.0484;9.06e-10;1.05e-19;1.0798991;-0.0131;3.62e-11;-0.000721
0.5665087;0.7830041;0.0517;1.2562135;0.0436;5.12e-10;1.03e-18;1.1968286;-0.0404;1.99e-11;0.0196
0.7159911;0.7723553;0.0583;1.3855814;0.0534;8.45e-10;1.67e-19;0.5284851;0.0438;1.17e-11;-0.0191
0.657881;0.7466281;0.0398;0.7237989;0.0498;1.08e-09;3.57e-19;1.1481702;0.0378;4.8e-11;-0.0189
0.6512525;0.614183;0.034;1.0093201;0.0588;1.06e-09;4.08e-19;1.0013075;-0.0658;2.17e-12;0.0154
0.7277131;0.6706698;0.0538;0.9708746;0.0456;8.13e-10;3.07e-19;0.8885034;-0.0844;4.73e-12;-0.0111
0.6815263;0.6652214;0.0362;0.6583121;0.0477;7.28e-10;8.29e-19;0.417139;-0.0707;2.72e-11;0.0134
0.6135689;0.7295414;0.0556;0.8234179;0.044;4.87e-10;1.74e-19;0.6479087;0.0688;8.15e-12;0.018
0.6426385;0.7451806;0.0767;0.7116607;0.0623;7.73e-10;1.11e-19;0.9776916;-0.0279;5.14e-12;0.00359
0.6371418;0.7435443;0.0303;0.6531871;0.046;8.5e-10;1.27e-18;1.004034;-0.0516;4.4e-12;0.0136
0.7447544;0.7656272;0.075;0.7092041;0.0413;4.72e-10;1.34e-19;1.008801;-0.0918;7.67e-12;0.00932
0.5694066;0.7960714;0.0404;1.0534679;0.0518;7.64e-10;1.28e-18;0.610363;0.0942;2.84e-12;-0.00767
0.5578496;0.6691252;0.0796;1.3261904;0.0403;4.5e-10;1.35e-18;0.9204562;-0.0885;3.48e-12;-0.0039
0.5598037;0.7121832;0.066;1.08333;0.0418;8.02e-10;1.94e-19;0.7333878;-0.0738;7.05e-12;-0.0194
0.6287498;0.659706;0.0525;0.9884869;0.0474;5.83e-10;2.89e-19;1.1436213;-0.0759;2.43e-12;0.0165
0.5784372;0.778815;0.0714;1.0311741;0.061;5.78e-10;7.98e-19;0.4132509;0.063;2.14e-11;-0.0143
0.6576529;0.6784452;0.0394;1.1375103;0.0401;1.07e-09;1.16e-19;0.4550619;-0.0942;1.38e-11;-0.00186
0.5660139;0.797415;0.0505;1.2073525;0.0404;7.39e-10;6.78e-19;0.4216607;-0.0895;1.02e-11;-0.00995
0.5995562;0.6988797;0.0536;0.6482494;0.0616;8.05e-10;1.23e-19;1.0091426;-0.077;6.68e-12;0.00432
0.5695481;0.7697877;0.0648;0.8311192;0.0577;5.37e-10;1.18e-18;0.6797683;-0.0403;7.37e-12;-0.0129
0.7207043;0.7036871;0.0438;0.6032817;0.0446;6.18e-10;9.9e-19;1.007798;0.0737;3.59e-11;-0.00117
0.6139264;0.6133718;0.0776;0.8259839;0.057;5.05e-10;2.4e-19;1.1925195;0.038;3.91e-12;-0.00312
0.6686022;0.7766936;0.0674;1.3435764;0.0459;1.04e-09;1.09e-18;0.4463501;-0.00232;2.57e-11;0.00851
0.6102761;0.765786;0.0631;1.1980077;0.0519;7.11e-10;1.24e-18;0.705045;0.0698;7.2e-12;0.0017
0.5946091;0.6941386;0.0765;1.3347691;0.0489;6.34e-10;8.09e-19;0.8092888;-0.0606;1.65e-11;-0.0156
0.5626164;0.7823164;0.0638;0.9502431;0.0539;5.53e-10;7.16e-19;0.7767298;0.0663;5.33e-12;0.0143
0.6220977;0.6634103;0.0488;1.2005701;0.0476;4.55e-10;1.21e-19;1.097673;0.0513;1.92e-11;-0.0179
0.649723;0.7755625;0.0528;0.9787524;0.0439;5e-10;2.13e-19;0.8813347;-0.0352;6.54e-12;0.00193
0.6450145;0.675738;0.0746;0.8842599;0.0456;9.18e-10;2.09e-19;0.8558608;-0.0199;1.04e-11;-0.0173
0.6262641;0.7153857;0.0483;0.8507188;0.0403;9.42e-10;1.83e-19;0.9709711;-0.0177;4.34e-12;-0.0193
0.6253732;0.729686;0.0631;0.7764096;0.0491;6.71e-10;5.87e-19;0.5757425;0.0566;1.78e-11;-0.0148
0.6758476;0.6422192;0.0305;0.87429;0.055;1.09e-09;1.3e-19;0.4325659;0.0697;4.22e-12;-0.00508
0.5953413;0.7190206;0.0438;0.7021619;0.052;9.69e-10;2.55e-19;0.9331387;0.0218;8.04e-12;0.0159
0.6358148;0.6330702;0.0426;0.9698629;0.0497;5.38e-10;4.08e-19;0.4893236;0.00127;7.92e-12;0.0122
0.6603576;0.7388574;0.0518;1.1488878;0.0483;8.42e-10;5.47e-19;0.5971334;-0.0842;4.5e-12;-0.00169
0.5720218;0.7364365;0.0395;0.804743;0.049;6.42e-10;1.36e-18;0.7852973;0.041;2.02e-11;-0.0107
0.63318;0.6004784;0.0644;1.1583549;0.0444;7.18e-10;3.53e-19;0.8620558;0.0063;2.85e-12;-0.00365
0.6068726;0.7828132;0.0574;0.7354592;0.0588;5.66e-10;6.08e-19;0.4313232;0.0711;1.49e-11;-0.0177
0.6883307;0.658075;0.0611;0.6039517;0.0612;8.49e-10;3.77e-19;1.0392448;-0.072;7.65e-12;-0.00444
0.7230132;0.7274953;0.0671;1.249341;0.0433;7.24e-10;1.16e-18;0.5025235;0.0997;3.42e-11;0.00261
0.6121693;0.739275;0.0515;1.3725064;0.0458;4.83e-10;5.72e-19;1.0881647;0.0463;4.31e-12;0.0083
0.7136075;0.7969479;0.0667;0.9502882;0.0551;1.09e-09;1.54e-18;0.8491741;-0.0152;1.04e-11;-0.0189
0.5893742;0.611385;0.0478;1.0571712;0.0464;7.19e-10;4.24e-19;0.6361068;0.0569;2.27e-11;-0.00614
0.7004846;0.7221248;0.0524;1.2614014;0.0475;9.92e-10;2.94e-19;0.5262996;0.0944;3.87e-12;0.0116
0.6036198;0.6331605;0.0355;0.6454545;0.0482;1e-09;4.79e-19;0.6026818;-0.00804;2.81e-11;0.00776
0.7181234;0.6529558;0.0637;1.32196;0.0477;5.35e-10;2.15e-19;0.6688348;0.078;3.83e-12;-0.00908
0.6721309;0.7745254;0.0731;1.2074927;0.0473;4.55e-10;1.03e-18;0.972402;0.044;1.49e-11;-0.0148
0.617069;0.6307126;0.0719;0.9643145;0.0472;7.38e-10;1.65e-19;1.0016205;-0.0115;2.65e-11;0.00867
0.6899752;0.7929318;0.0687;1.201865;0.0399;4.47e-10;3.92e-19;0.7385631;0.0627;8.27e-12;-0.00857
0.7175415;0.6895659;0.0709;0.8572678;0.0428;5.88e-10;9.69e-19;0.5624837;-0.0806;1.62e-11;-0.0157
0.6812942;0.7712246;0.0541;1.0031037;0.0599;8.31e-10;1.36e-18;0.8507103;0.0505;3.26e-12;-0.0117
0.6925003;0.7100704;0.0521;0.8139018;0.0486;4.77e-10;3.41e-19;0.4244239;-0.0145;1.41e-11;0.0087
0.571153;0.7332421;0.0416;0.9575904;0.0544;6.09e-10;1.76e-19;0.5464248;0.0174;1.38e-11;0.0184
0.7130757;0.6605878;0.0596;0.6732708;0.0405;8.77e-10;9.11e-19;0.4454322;0.0571;4.65e-12;-0.00595
0.6405191;0.7373258;0.0593;0.7061735;0.0529;8.94e-10;1.45e-18;0.8709375;0.00179;2e-11;-0.0113
0.7001676;0.7320679;0.0382;1.028552;0.0426;7.08e-10;7.56e-19;0.7346638;0.0944;3.81e-12;-2.91e-05
0.6266524;0.6273546;0.042;1.1687587;0.0413;7.4e-10;2.55e-19;0.7391369;0.0777;3.12e-12;-0.00462
0.6882046;0.6853082;0.0549;1.0321189;0.0578;4.73e-10;4.46e-19;0.9206143;0.042;3.44e-11;-0.00616
0.7017649;0.7889871;0.0427;0.8506526;0.054;8.16e-10;1.29e-18;0.9983447;-0.000725;2.45e-12;0.0123
0.6101669;0.6010415;0.0346;0.6234009;0.0521;5.04e-10;9.4e-19;0.4914163;-0.0838;7.39e-12;0.016
0.6577638;0.7726406;0.0393;0.8279489;0.0403;6.95e-10;1.02e-18;1.0104631;-0.0042;5.42e-12;-0.0112
0.7194347;0.6716879;0.0511;0.6646863;0.0568;4.66e-10;1.9e-19;0.5391034;-0.0427;3.98e-12;-0.0194
0.5770473;0.6715664;0.0597;0.6245665;0.0436;8.34e-10;1.24e-19;0.4091147;0.0898;2.39e-12;0.0184
0.5531905;0.7486482;0.0371;0.9492169;0.0415;9.92e-10;2.85e-19;0.9587505;-0.0532;3.9e-11;0.0149
0.6843127;0.7202417;0.0609;0.7519548;0.0448;6.12e-10;4.47e-19;0.558531;0.0402;4.07e-11;0.000442
0.6619239;0.7809322;0.0451;1.310551;0.0438;6.01e-10;4.19e-19;0.4326203;0.00351;2.28e-12;-0.019
0.6655681;0.6016864;0.0796;1.207563;0.0405;7.14e-10;1.12e-18;0.8756588;0.0861;3.78e-12;-0.00966
0.5694302;0.6547157;0.0367;0.9641468;0.0552;5.12e-10;9.26e-19;1.115464;-0.0456;3.48e-11;-0.0146
0.6387905;0.7254237;0.0461;1.2383946;0.0515;4.44e-10;1.37e-19;0.5932086;-0.0897;8.69e-12;0.00886
0.6477826;0.6241211;0.053;1.3266891;0.0602;7.39e-10;3.49e-19;0.5385208;0.0947;2.68e-12;0.00676
0.6034263;0.6961279;0.0305;0.9488951;0.0588;1.07e-09;6.79e-19;0.5877726;-0.0433;3.35e-11;0.000864
0.7105212;0.7685165;0.0396;1.3583655;0.0593;6.21e-10;8.53e-19;0.7458129;0.0855;2.47e-11;-0.00878
0.6542199;0.6959662;0.0676;1.3399667;0.0598;6.76e-10;7.75e-19;1.02448;0.0134;1.27e-11;0.0146
0.6876117;0.6431075;0.0317;1.0905724;0.0512;9.38e-10;4.25e-19;0.9855979;0.0169;1.23e-11;-0.0132
0.5875799;0.7655622;0.0366;0.650356;0.0484;6.72e-10;5.28e-19;0.8293653;-0.0703;9.51e-12;0.0141
0.579355;0.7403945;0.0729;1.0543023;0.0453;9.32e-10;1.55e-18;0.6984066;0.0756;4.71e-11;0.0193
0.7054508;0.6989496;0.0758;0.7273155;0.0423;1.01e-09;2.44e-19;0.8059332;0.0471;4.13e-12;0.00791
0.6856946;0.6410389;0.0495;0.6765972;0.0405;6.42e-10;1.17e-19;1.1807883;-0.0432;3.41e-12;-0.0128
0.5838536;0.7899846;0.0615;0.8763933;0.0465;5.52e-10;4.38e-19;0.6012311;0.0605;2.49e-12;0.0137
0.6123054;0.766232;0.0509;0.7804322;0.0579;4.92e-10;1.71e-19;0.9398451;-0.0806;2.98e-11;-0.00464
0.5961638;0.6469058;0.0469;0.9653343;0.0443;4.68e-10;9.83e-19;1.154151;-0.00335;1.83e-11;1.35e-05
0.6661875;0.6011928;0.0732;1.3862557;0.0509;6.12e-10;4.13e-19;1.0907677;0.0225;3.27e-11;-0.00311
0.7413749;0.6586365;0.0648;0.9918933;0.0536;6.26e-10;2.21e-19;0.8818639;-0.0329;1.19e-11;-0.00926
0.6649694;0.6435868;0.0348;1.0662948;0.058;8.34e-10;5.62e-19;0.4557823;-0.0974;2.43e-12;0.0147
0.6767908;0.7709011;0.0589;0.6385267;0.0565;7.31e-10;4.05e-19;1.0063645;-0.0746;2.94e-11;-9.43e-05
0.7220154;0.623976;0.0757;1.3771034;0.0559;7.09e-10;7.1e-19;1.1953937;0.0752;3.41e-12;-0.0142
0.744165;0.6842845;0.0512;1.1131108;0.0559;5.35e-10;7.87e-19;0.7291966;0.0913;4.13e-12;0.0187
0.5877884;0.796867;0.0799;1.3372422;0.0425;9.23e-10;1.5e-19;0.6939318;-0.0821;6.38e-12;0.0186
0.6284075;0.618141;0.0759;0.9663684;0.0418;4.45e-10;6.69e-19;0.696268;-0.0839;2.38e-12;0.0188
0.7345438;0.6811984;0.073;1.303325;0.0536;8.96e-10;1.03e-18;1.1873639;0.0651;2.76e-11;0.018
0.749659;0.6456253;0.0706;0.7620164;0.0428;5.02e-10;4.46e-19;0.7864986;0.0849;1.78e-11;0.00636
0.7370651;0.6510964;0.0799;1.2466865;0.0451;6.34e-10;1.97e-19;0.835144;0.0197;4.45e-11;0.0174
0.5611874;0.651978;0.0591;0.6036331;0.0602;1.03e-09;2.98e-19;0.9494969;-0.0783;6.88e-12;-0.0127
0.6644701;0.658198;0.0636;1.3007989;0.0546;4.7e-10;3.33e-19;0.9651661;0.0578;2.07e-12;0.02
0.6576274;0.6723141;0.0664;1.2025226;0.0516;1.05e-09;4.03e-19;0.9790222;0.0774;8.19e-12;0.000998
0.5928812;0.7130367;0.0355;0.8624967;0.0435;4.98e-10;1.03e-19;0.5005304;0.0596;2.1e-12;-0.00736
0.6811357;0.7457363;0.0345;0.820784;0.0519;7.6e-10;9.46e-19;0.5370335;0.0803;2.12e-12;-0.0134
0.5591048;0.6616348;0.0451;1.2807455;0.0588;1.1e-09;1.08e-18;1.1887687;0.0604;4.28e-12;0.0131
0.6044939;0.7490469;0.0602;0.8429365;0.0546;1.1e-09;5.24e-19;1.1044306;0.0522;1.32e-11;0.00357
0.6242148;0.617173;0.0679;1.0150905;0.0484;4.98e-10;2.43e-19;0.9709323;-0.0862;4.18e-12;0.0175
0.6752473;0.6327071;0.0763;1.2699094;0.0456;9.65e-10;2.01e-19;0.8744492;0.0505;3.41e-12;-0.00132
0.6100181;0.6424545;0.0468;1.1946954;0.0535;6.82e-10;9.64e-19;0.4572166;-0.0786;3.63e-12;0.00402
0.7400677;0.6249962;0.0397;0.8855823;0.0457;5.49e-10;2.05e-19;0.9175296;-0.003;2.61e-11;0.00543
0.6984519;0.605291;0.072;1.3939861;0.0428;1.08e-09;3.72e-19;0.4072838;-0.0846;3.59e-12;0.00704
0.6384381;0.6644565;0.0602;0.8899461;0.0532;6.63e-10;4.93e-19;0.7404268;0.0212;4.73e-12;-0.0181
0.6000433;0.6723847;0.0304;0.8085772;0.0619;1e-09;1.79e-19;0.870785;-0.0096;5.02e-12;-0.00961
0.6351812;0.67032;0.064;0.7318923;0.0563;5.28e-10;3.21e-19;1.0422705;0.0444;4.28e-11;0.00193
0.5515629;0.7619345;0.0667;0.9333206;0.0523;5.17e-10;3.83e-19;0.7762694;-0.0269;1.57e-11;0.00937
0.7056216;0.7105802;0.0364;1.2571664;0.0501;9.46e-10;1.38e-19;0.7685705;-0.0846;3.3e-12;-0.00901
0.7495237;0.6578604;0.0522;0.7893843;0.0441;5.51e-10;1.26e-18;0.9845253;0.0355;4.12e-11;0.00512
0.5894201;0.6637312;0.0387;0.7213052;0.0546;4.65e-10;1.31e-19;0.8453406;-0.0822;4.66e-11;-0.0118
0.6885259;0.6460532;0.078;1.3074775;0.0532;8.15e-10;1.08e-18;0.4729141;-0.0953;4.67e-12;-0.014
0.6579204;0.634011;0.0392;1.0940073;0.041;9.59e-10;1.07e-18;0.6692118;-0.0186;6.46e-12;-0.00277
0.6198079;0.6297172;0.0399;0.7062781;0.0626;1.08e-09;1.09e-19;0.90712;0.05;8.18e-12;-0.0153
0.7291348;0.6171255;0.0346;1.2737495;0.0416;5.52e-10;1.13e-18;0.8097051;-0.0447;2e-11;0.0107
0.6762095;0.7850697;0.0493;1.2844782;0.0571;5.42e-10;6.39e-19;0.4111035;0.0123;2.56e-11;-0.015
0.6199307;0.6673883;0.0514;0.8353584;0.0434;8.17e-10;1.12e-18;1.1915474;-0.0843;1.04e-11;-0.018
0.6227179;0.6653273;0.0512;0.9995278;0.0479;6.24e-10;5.87e-19;1.0627354;-0.0061;2.72e-11;-0.00869
0.7464765;0.6767355;0.0549;1.1687881;0.0435;9.41e-10;3.48e-19;0.7442658;0.0793;2.32e-12;-0.00208
0.637644;0.6142084;0.0672;1.1833887;0.0485;4.75e-10;1.02e-18;0.6837784;0.0201;8.44e-12;-0.0121
0.6377876;0.6166033;0.041;1.0482146;0.0436;7.85e-10;3.2e-19;1.1729158;-0.0601;2.11e-11;0.0145
0.6028721;0.6435176;0.032;0.6949331;0.0423;9.97e-10;1.64e-19;0.8486278;-0.0658;8.53e-12;0.0162
0.6182934;0.6838637;0.0784;0.7590508;0.0629;1.11e-09;1.9e-19;0.9650564;-0.0693;1.79e-11;0.0155
0.5846163;0.6575822;0.0684;1.000601;0.0489;5.35e-10;9.74e-19;0.8630918;-0.0236;2.29e-12;-0.00106
0.550182;0.7245784;0.0766;0.7840337;0.0447;8.33e-10;1.56e-18;0.7882808;0.0755;1.29e-11;-0.0184
0.747345;0.7718904;0.0372;0.7296329;0.0397;7.99e-10;8.92e-19;0.8624065;-0.0533;2.68e-12;-0.0188
0.694576;0.6423882;0.0666;1.0632778;0.0573;8.9e-10;1.45e-18;0.6136289;-0.0231;2.1e-11;0.000519
0.6326166;0.637514;0.0731;0.6877438;0.0629;5.87e-10;1.08e-19;1.185439;-0.0451;3.3e-12;0.0184
0.5886582;0.6284901;0.0397;1.1053485;0.0428;5.76e-10;1.22e-18;0.6547544;-0.0661;6.61e-12;-0.00715
0.6296204;0.7134899;0.0524;1.134218;0.0522;9.81e-10;1.12e-18;0.9546392;-0.0562;3.47e-12;0.0139
0.6941433;0.7179507;0.0306;1.3575244;0.0479;9.67e-10;2.34e-19;0.4104172;-0.0667;2.47e-12;0.00236
0.656476;0.7231412;0.0743;1.3937649;0.0461;6.61e-10;2.02e-19;0.7655029;-0.0495;1.5e-11;-0.0128
0.7015776;0.786992;0.054;1.1552778;0.0478;1.09e-09;9.06e-19;1.0851605;-0.0138;5.51e-12;0.00354
0.6914378;0.7781934;0.0487;0.6522181;0.0488;4.9e-10;4.96e-19;0.8587016;-0.00644;4.17e-12;-0.0103
0.6473285;0.7802622;0.0437;0.725343;0.0565;4.63e-10;3.53e-19;1.1362956;0.0188;3.19e-12;-0.0154
0.6894602;0.6018523;0.053;0.8346017;0.0413;6.43e-10;1.77e-19;0.7643147;-0.00743;6.26e-12;-0.00766
0.6955315;0.7660926;0.0469;1.124525;0.0589;7.07e-10;6.79e-19;1.1626196;0.0611;4.29e-11;-0.0179
0.6223847;0.6745024;0.0421;1.0930344;0.062;5.16e-10;1.41e-19;0.9937796;0.0153;1.25e-11;0.0173
0.5817105;0.6320734;0.0757;1.240821;0.049;7.71e-10;1.31e-18;0.9500809;0.0889;1.71e-11;-0.0162
0.6568577;0.7773373;0.0307;0.6894011;0.0554;4.51e-10;7.23e-19;0.9167143;0.0898;1.18e-11;0.012
0.7444033;0.7903281;0.044;0.9724782;0.0566;4.68e-10;2.8e-19;0.5918233;-0.00287;9.16e-12;-0.0125
0.7414418;0.6082565;0.0712;1.0274897;0.0504;8.78e-10;1.49e-18;0.5228438;-0.00182;3.38e-11;0.0178
0.7146133;0.7474319;0.0341;1.0350761;0.0614;8.54e-10;2.01e-19;0.4828649;0.0175;3.43e-11;-0.00328
0.616007;0.7056961;0.0747;0.9719162;0.0578;4.84e-10;5.09e-19;0.8830127;-0.0498;3.17e-11;-0.0176
0.6664405;0.7460351;0.0536;1.2148201;0.0614;4.47e-10;4.39e-19;0.8855651;-0.00975;2.67e-12;-0.0185
0.6806218;0.7175677;0.0497;1.2210814;0.0402;9.02e-10;1.73e-19;0.9563223;-0.0827;6.08e-12;-0.00252
0.6239152;0.7816101;0.0526;1.0931582;0.0423;4.97e-10;5.64e-19;1.0058166;0.0456;9.13e-12;-0.00724
0.5725457;0.60574;0.0521;1.2795902;0.0417;9.56e-10;1.38e-19;0.8893371;0.0808;4.78e-12;-0.00307
0.5707355;0.638648;0.0697;0.8547568;0.0529;7.43e-10;2.03e-19;0.4340797;-0.000436;9.8e-12;-0.0182
0.6106126;0.7203716;0.0365;0.7129615;0.0612;8.37e-10;5.29e-19;0.7053032;-0.0142;2.18e-12;-0.00848
0.602386;0.6091609;0.0351;0.8419884;0.0534;4.87e-10;6.87e-19;1.0502578;0.0846;3.9e-11;-0.0198
0.7007628;0.7734482;0.0363;1.084482;0.0585;7.11e-10;1.47e-19;1.1640568;-0.057;3.19e-12;-0.0175
0.685091;0.7095684;0.0555;1.2498443;0.0544;6.55e-10;2.1e-19;0.7711122;0.0827;5.51e-12;-0.0115
0.7408703;0.664072;0.0526;0.7077825;0.0544;1.06e-09;3.19e-19;0.4976702;0.0573;1.48e-11;0.00149
0.7186616;0.7730405;0.048;0.7203345;0.0619;7.78e-10;2.76e-19;0.4381418;0.0181;7.46e-12;0.000305
0.7403575;0.6189079;0.0424;0.8638452;0.0543;9.41e-10;7.61e-19;0.7820097;-0.0179;2.79e-11;-0.0194
0.7253876;0.6563722;0.0778;0.6854013;0.0436;9.2e-10;6.59e-19;0.6336599;-0.066;3.73e-11;-0.0194
0.6293024;0.6368323;0.0348;0.7710837;0.0595;1.01e-09;1.05e-19;0.9704619;-0.0691;1.11e-11;0.0173
0.55748;0.760919;0.0558;0.8552597;0.053;8.47e-10;3.17e-19;0.7713228;0.056;1.03e-11;-0.013
0.7099343;0.6044816;0.0369;1.2033502;0.0483;1e-09;1.85e-19;0.4584635;0.0174;3.53e-11;0.0133
0.5816377;0.712518;0.0732;1.2159268;0.0617;4.51e-10;1.05e-19;1.1896719;-0.0709;1.92e-11;0.0042
0.6463165;0.628999;0.0434;1.3170724;0.0526;9.95e-10;2.32e-19;0.466154;0.000666;5.66e-12;-0.0111
0.5770996;0.6031572;0.0741;0.652323;0.0469;6.42e-10;5.77e-19;0.6399335;-0.0558;1.93e-11;-0.000319
0.5816575;0.6196112;0.0491;0.6656087;0.0567;7.88e-10;7.96e-19;1.160281;0.0206;8.41e-12;-0.0153
0.5876597;0.7492234;0.0444;1.2154543;0.0576;1.04e-09;2.18e-19;0.4037629;0.0247;4.03e-11;-0.00502
0.6145977;0.600372;0.0723;1.2378896;0.041;6.31e-10;3.42e-19;0.6180653;0.0677;1.77e-11;0.0112
0.7196121;0.6718903;0.0683;0.9147758;0.0494;4.56e-10;1.53e-18;0.4396473;0.0707;4.85e-11;-0.0143
0.6031783;0.6030804;0.0613;1.365799;0.0469;1.07e-09;3.56e-19;0.9362976;-0.00559;3.46e-12;0.00582
0.5723435;0.7954155;0.0695;1.262538;0.0571;7.16e-10;1.37e-18;0.6402289;0.0273;8.63e-12;0.00229
0.7327913;0.6115474;0.0653;0.9728626;0.0619;9.03e-10;1.25e-18;0.786551;0.0825;1.54e-11;0.00767
0.7167759;0.7014119;0.0398;1.3519645;0.0427;9.49e-10;1.78e-19;0.7913532;-0.0951;4.24e-11;0.00539
0.7306619;0.6604722;0.0407;0.7776241;0.0628;7.22e-10;3.33e-19;0.7058729;0.0149;5.47e-12;0.0133
0.5815573;0.7398839;0.0774;1.0305622;0.0478;6.97e-10;2e-19;0.8488715;-0.00208;4.77e-12;0.00362
0.6092875;0.6392213;0.0763;1.1098278;0.053;7.85e-10;1.18e-18;0.4090122;-0.046;2.04e-12;0.00342
0.6181084;0.6369871;0.0398;1.1123409;0.048;4.46e-10;5.45e-19;1.172946;0.0541;2.77e-12;-0.00293
0.587085;0.7482506;0.0655;0.7676083;0.0572;4.59e-10;1.02e-18;0.9983564;0.0893;2.93e-11;0.00702
0.5689749;0.6331969;0.0363;1.1848487;0.0621;5.55e-10;8.11e-19;0.8512313;0.0699;3.03e-11;-0.0102
0.569508;0.6200599;0.0538;0.8234885;0.0562;1.05e-09;1.71e-19;0.5103915;0.00998;3.62e-12;0.0119
0.7450292;0.7013671;0.0375;0.6952646;0.0594;9.9e-10;5.87e-19;1.0174428;-0.0518;3.15e-11;0.02
0.6682521;0.6707727;0.0387;0.6812255;0.0485;5.83e-10;1.27e-19;0.6686111;0.0928;4.51e-11;0.00774
0.7090488;0.6294206;0.0752;1.0916547;0.0487;7.43e-10;5.22e-19;1.1312306;0.0061;2.24e-12;0.0105
0.5848013;0.7078658;0.0483;0.6585313;0.049;8.59e-10;7.1e-19;0.6517629;-0.017;3.76e-11;-0.00394
0.7293855;0.762945;0.0787;0.7539474;0.0562;8.2e-10;1.2e-19;0.9697482;-0.0505;1.52e-11;0.00561
0.6913457;0.7676836;0.0507;1.3343412;0.0604;4.78e-10;1.06e-18;0.5189253;-0.0746;4.12e-12;0.0196
0.6148572;0.6601803;0.0614;1.0234365;0.0452;5.19e-10;1.01e-18;0.5582852;-0.0889;2.6e-11;-0.0199
0.5606641;0.6848423;0.0318;0.822655;0.0494;8.51e-10;8.55e-19;1.0658152;0.0973;1.1e-11;-0.0148
0.7275816;0.7448959;0.0714;0.9169321;0.0576;7.07e-10;1.43e-18;0.9454046;0.0625;2.91e-11;0.00688
0.6888993;0.6712817;0.0529;1.2392215;0.048;6.88e-10;2.17e-19;0.6095881;-0.00735;4.05e-12;-0.00983
0.5826144;0.6433785;0.0396;0.9953901;0.0399;7.6e-10;1.75e-19;0.7059183;-0.0942;2.97e-12;0.0046
0.7056453;0.7352228;0.038;0.9573092;0.0592;4.66e-10;3.29e-19;1.1369461;-0.0581;2.67e-11;-0.0116
0.6963933;0.6721638;0.0451;0.8279804;0.0629;5.81e-10;1.23e-18;0.8767851;-0.0108;3.2e-11;0.0116
0.6416296;0.7824606;0.0769;0.86808;0.0454;5.51e-10;3.37e-19;0.4053348;0.0113;6.83e-12;0.0191
0.704902;0.7288074;0.0687;1.148885;0.0506;5.05e-10;2.38e-19;1.080937;-0.0435;2.22e-11;-0.0165
0.719209;0.6773828;0.071;1.3778875;0.0534;9.73e-10;1.18e-18;1.0446754;0.0709;2.56e-11;0.0164
0.6795837;0.6665996;0.0799;1.1631504;0.0574;1.01e-09;1.59e-19;0.5978225;-0.0388;6.37e-12;0.00411
0.6036571;0.6166737;0.0683;0.963649;0.0603;6.71e-10;3.57e-19;0.4696874;-0.078;6.85e-12;0.00714
0.7320258;0.785087;0.0456;0.8004709;0.0588;1.02e-09;2.95e-19;0.6054675;-0.0725;8.76e-12;0.00388
0.7116146;0.7217879;0.0585;1.2545145;0.0429;5.92e-10;1.37e-18;1.0403961;0.0457;2.88e-12;-0.0173
0.5904654;0.7234295;0.066;1.175587;0.0505;5.45e-10;2.17e-19;0.834828;-0.0572;3.14e-11;0.018
0.6101482;0.7789883;0.0362;0.8855116;0.0574;8.24e-10;1.71e-19;1.112482;-0.0535;4.64e-12;0.0172
0.5980209;0.6613439;0.0687;0.8077608;0.0551;9.6e-10;3.03e-19;0.5221979;0.0738;3.83e-12;-0.00942
0.6917392;0.6937534;0.0639;0.7751263;0.0501;4.57e-10;3.2e-19;0.4411354;-0.0711;7.66e-12;0.0017
0.7238808;0.6354436;0.0682;1.1868212;0.0441;5.69e-10;3.43e-19;1.0192956;-0.0218;1.4e-11;0.00727
0.6953694;0.6487648;0.0707;1.0476274;0.0601;4.78e-10;1.07e-18;0.4408155;0.0248;2.04e-11;0.00762
0.6010437;0.7946407;0.076;0.702239;0.0401;6.84e-10;4.3e-19;0.8219019;0.0838;4.65e-12;-0.0128
0.6832901;0.6559694;0.0317;0.6850979;0.0586;7.5e-10;6.06e-19;0.7519436;0.0199;2.5e-11;0.0118
0.6080486;0.6464214;0.0741;0.792654;0.0417;7.71e-10;1.01e-19;0.9023599;0.0694;3.89e-11;0.0143
0.642901;0.6744578;0.0381;1.2201126;0.0542;5.31e-10;1.49e-19;1.0174834;-0.00637;7.25e-12;0.00602
0.6216636;0.7177593;0.0333;0.7334496;0.0417;5.05e-10;1.13e-19;0.6712381;-0.0449;7.04e-12;0.0114
0.7081261;0.7947626;0.0741;1.0692374;0.0529;1.08e-09;1.06e-18;1.0086957;-0.038;2.17e-11;0.0133
0.6170039;0.7704524;0.0443;0.7350218;0.0587;5.78e-10;2.23e-19;0.7939465;0.0271;2.37e-12;-0.0161
0.5601336;0.6682947;0.0512;1.2477415;0.0429;1e-09;1.83e-19;0.935559;0.058;2.4e-11;0.00808
0.6069565;0.620684;0.0408;1.1623344;0.0452;9.76e-10;8.93e-19;1.017569;0.017;1.16e-11;0.014
0.7305056;0.6761267;0.0706;0.974701;0.0441;8.89e-10;1.24e-19;0.862847;-0.0994;4.35e-11;-0.0167
0.6658658;0.7675145;0.0674;0.844487;0.0507;7.34e-10;2.42e-19;0.4111182;0.0722;3.62e-11;-0.00455
0.6409202;0.6376264;0.0413;1.1766165;0.046;5.19e-10;1.24e-19;0.9510135;0.0979;3.01e-12;-0.0168
0.6072591;0.782201;0.0305;0.8975226;0.0557;1.05e-09;1.83e-19;1.1063426;0.0607;2.43e-11;-0.0154
0.5671857;0.7707922;0.0783;0.8952931;0.0529;8.13e-10;1.11e-19;0.4267179;-0.0892;7.65e-12;0.0103
0.6976234;0.6772258;0.0427;0.7403071;0.06;1.03e-09;1.65e-19;0.8663047;-0.0945;7.32e-12;-0.0133
0.697004;0.7553315;0.0491;0.6063601;0.0402;1.05e-09;5.51e-19;1.1275108;-0.0866;1.24e-11;-0.0138
0.6786898;0.7595681;0.0399;1.1079801;0.0555;4.74e-10;1.14e-19;1.1315914;0.0261;3.62e-11;-0.00474
0.6112625;0.7091943;0.0447;0.8559827;0.0586;9.98e-10;1.31e-19;0.5625611;-0.0712;5.92e-12;-0.00357
0.6367997;0.7401051;0.03;1.1765676;0.0446;4.93e-10;5.47e-19;1.1074347;0.0512;2.48e-11;-0.00345
0.5858519;0.7245383;0.0429;0.9465253;0.0595;5.31e-10;8.54e-19;0.647308;-0.0844;8.39e-12;0.000618
0.5997813;0.6905768;0.0494;1.3942091;0.048;4.94e-10;1.76e-19;1.064464;-0.0812;5.36e-12;0.00107
0.642467;0.7923956;0.0674;0.8388386;0.0411;6.3e-10;1.19e-19;0.7301838;0.0286;4.21e-11;0.00814
0.5859583;0.761206;0.0445;0.8237529;0.0592;5.26e-10;5.85e-19;1.17728;0.0614;1.74e-11;0.00381
0.621659;0.7266762;0.0326;0.9730479;0.0427;6.3e-10;1.03e-19;1.1003457;-0.0921;3.89e-12;-0.00119
0.6431035;0.7715427;0.0655;0.9827949;0.0468;9.07e-10;3.75e-19;0.4269679;0.031;3.93e-11;0.0101
0.5522418;0.7427332;0.0607;0.9673223;0.0427;7.15e-10;6.43e-19;0.4328027;-0.0427;2.29e-11;0.00962
0.681613;0.6991331;0.0425;1.1174759;0.0475;7.22e-10;8.08e-19;0.6653335;0.0285;2.2e-11;-0.0123
0.7498752;0.6664366;0.0491;0.6937378;0.0524;5.26e-10;1.28e-18;0.9553669;0.0261;4.54e-11;-0.00623
0.6669746;0.7157958;0.063;0.7020633;0.0595;6.31e-10;2.33e-19;0.5425373;-0.0373;1.81e-11;0.00809
0.6164198;0.7787968;0.0467;0.6078406;0.0424;9.64e-10;1.25e-19;1.0850405;-0.0536;3.5e-11;-0.0173
0.5546085;0.6568366;0.0706;1.2490118;0.0573;5.64e-10;1.13e-19;0.7837753;0.00419;5.67e-12;-0.0107
0.581422;0.7398663;0.0697;1.181657;0.0506;9.71e-10;1.11e-18;0.4796688;0.0511;5.54e-12;-0.0157
0.7417175;0.7630534;0.0736;1.1751252;0.0532;4.62e-10;1.94e-19;0.5484391;-0.0878;9.87e-12;0.0126
0.6306886;0.6772876;0.0421;0.9329298;0.0453;8.38e-10;1.45e-19;0.9337417;-0.0133;2.63e-12;-0.00289
0.6090904;0.6751405;0.0382;1.1886992;0.0448;9.77e-10;1.61e-19;0.4476463;0.0572;2.14e-12;0.0163
0.6368723;0.7477683;0.0715;0.9921983;0.0491;5.5e-10;5.4e-19;0.9558715;0.0645;2.37e-12;-0.00525
0.5768885;0.7114037;0.0376;1.2743442;0.054;4.68e-10;3.18e-19;0.6212945;0.0499;3.07e-12;-0.017
0.6795979;0.7237412;0.0559;1.3652887;0.0491;5.75e-10;2.23e-19;0.807724;-0.0433;3.29e-11;-0.0194
0.735204;0.6939915;0.0541;1.2939774;0.0432;9.78e-10;2.29e-19;0.7886511;0.00338;4.28e-11;-0.0139
0.7099393;0.6933102;0.0419;0.7877341;0.0617;6.68e-10;1.05e-18;0.4526158;-0.0336;1.58e-11;-0.0185
0.6234818;0.615031;0.065;1.1038094;0.062;8.33e-10;1.54e-19;0.7501341;-0.0552;5e-12;0.000988
0.6093449;0.6704316;0.0662;0.7118935;0.0411;9.73e-10;2.27e-19;0.5854738;-0.037;2.34e-11;-0.000738
0.6373513;0.6905583;0.0329;0.6844027;0.06;9.97e-10;2.42e-19;1.0684897;-0.0021;2.21e-11;-0.0139
0.6045637;0.7159179;0.0333;1.0654159;0.0452;8.68e-10;1.07e-18;1.119478;-0.0592;5.25e-12;-0.0155
0.7443561;0.6158494;0.0702;0.7351422;0.0474;1.01e-09;1.49e-18;1.1630467;-0.0586;4.66e-12;-0.0113
0.6440645;0.7468272;0.0723;1.1724741;0.0481;5.59e-10;1.4e-19;1.1232296;0.058;1.04e-11;0.0119
0.6318306;0.7602375;0.0302;0.918454;0.0588;5.12e-10;1.74e-19;0.6404361;0.0362;6.26e-12;-0.0113
0.6317628;0.78702;0.0422;1.2790192;0.0501;5.27e-10;1.2e-19;0.5187462;-0.0398;9.78e-12;-0.0119
0.6986381;0.7495214;0.0376;1.0815976;0.0568;9.51e-10;2.04e-19;1.0675538;-0.0984;2.33e-12;0.00372
0.5644361;0.6168143;0.0457;0.6788304;0.0557;4.42e-10;1.09e-19;0.893712;-0.0867;2.04e-11;0.00594
0.7042011;0.7421952;0.0753;0.7736103;0.0419;8.76e-10;1.48e-19;1.1826351;0.0636;4.3e-12;-0.00529
0.6476819;0.7749519;0.0583;1.1566979;0.0503;8.98e-10;1.04e-18;0.6639076;0.0114;2.08e-11;0.0195
0.6561555;0.7112963;0.0372;1.3882844;0.053;6.81e-10;1.04e-19;0.47818;0.0131;7.9e-12;1.75e-06
0.7137749;0.7678655;0.0307;0.6460216;0.0583;7.65e-10;1.4e-18;0.5158937;-0.00509;2.86e-11;0.00207
0.6972869;0.6780547;0.0395;1.2858208;0.0581;9.23e-10;6.86e-19;1.0864017;0.034;1.06e-11;0.000278
0.6389824;0.6517473;0.0662;1.1354023;0.0587;6.36e-10;1.31e-19;0.7936761;0.018;4.35e-12;0.000738
0.6857819;0.6986787;0.0432;1.2307063;0.0585;4.68e-10;1.59e-19;0.4105848;-0.0227;3.78e-12;-0.0169
0.6776416;0.6581361;0.0731;0.7533987;0.0469;4.47e-10;3.18e-19;0.8438469;0.0472;2.07e-12;-0.0189
0.7382575;0.7075458;0.0403;1.0016289;0.0473;5.2e-10;1.07e-18;0.4623624;0.0745;2.94e-12;0.00993
0.7061073;0.6656909;0.0406;0.7565189;0.0484;8.24e-10;5.62e-19;0.7468105;-0.0762;1.17e-11;-0.0115
0.7484511;0.6314127;0.0387;1.2355396;0.0562;5.91e-10;1.7e-19;0.7168562;0.0248;1.1e-11;0.0096
0.5660915;0.7572217;0.0743;0.907701;0.0547;7.41e-10;1.12e-19;0.9878871;-0.0376;5e-12;-0.00103
0.6670556;0.7059893;0.0615;0.8531652;0.0611;5.48e-10;1.01e-18;0.84502;-0.057;1.91e-11;0.00481
0.6438211;0.7439812;0.0709;0.6808939;0.0513;5e-10;2.02e-19;0.9226203;0.0692;1.04e-11;-0.00733
0.7219824;0.7608052;0.0339;1.0287542;0.042;9.83e-10;6.86e-19;0.8793884;-0.0303;9.11e-12;-0.01
0.6534626;0.6188733;0.0453;0.7624012;0.0495;1e-09;7.46e-19;0.8615019;0.0809;1.21e-11;0.00508
0.5938905;0.7458041;0.0491;0.7664893;0.0543;1.05e-09;8.56e-19;0.9889738;-0.0396;4.31e-11;0.00161
0.623262;0.7209945;0.0565;0.7847186;0.0512;5.03e-10;3.97e-19;0.8725609;0.00935;1.6e-11;0.00917
0.6867417;0.7566545;0.0612;1.3477733;0.0437;5.49e-10;9.41e-19;0.5165303;-0.0198;6.78e-12;0.00834
0.6502358;0.7504014;0.0493;0.6145373;0.0511;7.32e-10;4.16e-19;1.0242001;-0.0626;9.43e-12;-0.0108
0.7477181;0.7482929;0.0794;0.6887696;0.0512;6.51e-10;3.06e-19;0.7679478;0.0596;2.72e-11;0.0189
0.6598843;0.7039482;0.0318;0.8906372;0.0467;5.03e-10;1.02e-19;1.1081231;0.0689;5e-12;-0.00145
0.6567986;0.6838752;0.0501;1.0882134;0.053;8.79e-10;1.42e-18;0.4750985;-0.0655;2.22e-11;-0.00377
0.6471518;0.6357736;0.0485;1.1573569;0.0468;9.5e-10;1.61e-19;1.0144618;0.0121;3.68e-11;-0.014
0.718794;0.6122057;0.0699;1.2473536;0.0431;8.12e-10;4.83e-19;1.069699;-0.077;2.46e-11;-0.0133
0.683171;0.7402943;0.0583;1.3680245;0.0489;1.08e-09;5.6e-19;1.0926464;-0.0191;4.65e-11;0.00117
0.6712471;0.7847761;0.0675;1.1869444;0.0534;6.61e-10;5.39e-19;0.9792277;-0.0504;7.24e-12;-0.0186
0.6510748;0.6204685;0.0416;0.7617235;0.0515;6.34e-10;2.95e-19;1.1869618;-0.0913;9.66e-12;-0.0127
0.6714762;0.6080071;0.0484;0.7162275;0.0408;7.66e-10;1.03e-18;1.1291524;0.0656;2.46e-11;0.00536
0.5561209;0.7876034;0.0556;1.1324745;0.0617;8.84e-10;1.41e-18;0.5880637;0.0318;4.81e-12;0.0162
0.6186093;0.7436658;0.0319;0.7692318;0.0614;4.53e-10;1.94e-19;0.6168269;-0.0395;5.97e-12;0.0108
0.6197988;0.6377204;0.067;0.9815134;0.0619;8.44e-10;1.17e-18;0.9768168;0.0439;3.99e-11;0.011
0.643948;0.7943944;0.0549;1.1301227;0.0508;7.9e-10;7.99e-19;1.0799626;0.0557;9.44e-12;0.0169
0.7190663;0.7243573;0.0605;1.1753817;0.0624;6.91e-10;1.84e-19;0.6386415;0.0609;3.6e-11;0.0148
0.7106779;0.7896014;0.0311;0.7869532;0.0442;4.66e-10;1.19e-19;0.6975208;-0.0358;2.84e-11;-0.00956
0.689104;0.656787;0.0563;1.1599818;0.0538;4.79e-10;2.74e-19;0.4642046;0.0595;4.92e-12;-0.0121
0.5659861;0.7244863;0.0628;1.2980251;0.043;8.18e-10;1.34e-19;1.1121455;0.0666;2.09e-12;0.00738
0.735889;0.7232486;0.0724;0.6051207;0.0442;9.68e-10;4.75e-19;0.4687366;-0.0943;2.69e-11;0.00772
0.5805807;0.6421238;0.0309;1.0419277;0.0444;6.02e-10;1.99e-19;0.9855952;-0.093;2.08e-12;0.00429
0.611476;0.7256847;0.0657;1.3744179;0.0399;1.04e-09;3.35e-19;0.7356194;-0.0167;5.29e-12;0.0183
0.5808041;0.7128592;0.0314;0.7683312;0.0445;1.01e-09;1.67e-19;0.7471637;-0.00172;7.61e-12;0.00078
0.6511815;0.6476834;0.0683;0.8511341;0.0521;1.06e-09;1.45e-19;0.934834;0.0826;8.5e-12;0.0176
0.5928419;0.6434786;0.0669;0.9285473;0.0604;6.19e-10;2.26e-19;1.1753057;-0.0671;1.17e-11;0.00734
0.6893211;0.7522951;0.0758;1.1287816;0.0509;5.74e-10;1.09e-18;0.8458491;0.0752;1.23e-11;0.0135
0.7166064;0.6615551;0.0682;0.8447788;0.0517;6.04e-10;4.55e-19;0.5630448;0.0668;1.09e-11;0.0171
0.7247554;0.7853011;0.0488;0.7141653;0.0614;9.69e-10;1.44e-18;0.6606822;0.0571;4.29e-12;0.0152
0.7161079;0.6950381;0.0597;1.0087818;0.0471;7.39e-10;4.52e-19;0.8360336;-0.0698;4.19e-12;0.00768
0.6945475;0.6382042;0.0746;0.9311041;0.0585;5.26e-10;1.27e-18;0.9258948;0.0754;1.25e-11;-0.0137
0.6312005;0.6821614;0.0726;1.1631355;0.0474;1.09e-09;2.91e-19;0.9087078;0.0365;2.74e-11;0.000146
0.7022703;0.6797448;0.0715;1.1168875;0.0455;9.46e-10;8.21e-19;0.4286233;0.0838;1.34e-11;9.67e-05
0.6832984;0.729102;0.0553;0.6136344;0.0442;4.7e-10;1.48e-18;1.0791882;-0.046;2.35e-11;-0.00412
0.5711962;0.6861753;0.0341;1.214436;0.0474;7.43e-10;1.17e-18;0.4222772;-0.0708;3.95e-12;-0.0111
0.5501636;0.6624432;0.0464;0.8267988;0.0438;4.87e-10;2.46e-19;1.1316435;0.0657;1.08e-11;0.0146
0.7086815;0.6817006;0.0585;0.7774593;0.0423;6.16e-10;9.38e-19;0.7725977;0.0276;9.78e-12;0.00539
0.5786769;0.7265604;0.0459;1.3239256;0.0481;1.07e-09;1.54e-19;0.8375346;0.031;4.33e-11;0.00464
0.6996368;0.660547;0.0683;1.188443;0.0414;1.09e-09;1.41e-19;1.1375941;-0.0747;1.78e-11;-0.000246
0.6663195;0.6452402;0.0616;1.233688;0.0544;4.59e-10;7.83e-19;0.4121573;-0.00669;5.98e-12;-0.00489
0.6282442;0.6460999;0.0622;0.7194828;0.0458;4.91e-10;1.06e-19;0.8624175;0.0402;1.23e-11;0.00785
0.5868728;0.7912951;0.0435;1.2325215;0.0442;8.71e-10;1.83e-19;0.4850957;-0.0156;5.01e-12;-0.00956
0.7417352;0.7314506;0.0798;1.2765388;0.0467;1.05e-09;5.98e-19;0.5650191;0.0955;1.18e-11;-6.31e-06
0.5718181;0.6983075;0.0679;1.177393;0.0439;5.28e-10;7.88e-19;0.4258572;0.0204;1.63e-11;0.00454
0.5860854;0.774488;0.0552;1.1357162;0.0409;8.21e-10;1.83e-19;1.1628133;-0.0273;1.73e-11;-0.0191
0.7328641;0.6239295;0.0473;1.1284149;0.0422;4.98e-10;2.74e-19;0.5678694;0.0791;1.31e-11;-0.0101
0.59041;0.7870894;0.0492;1.0113316;0.0425;5.76e-10;1.38e-18;1.1090052;0.0608;4.79e-11;0.00959
0.5695289;0.7149677;0.0391;1.1836746;0.0525;6.22e-10;3.23e-19;0.5538412;-0.0454;3.36e-11;0.00702
0.7069904;0.7223442;0.0774;0.8578614;0.0475;5.23e-10;1.2e-19;0.4834312;-0.00396;2.67e-11;-0.0103
0.5965281;0.6367931;0.045;1.3439127;0.0403;1.08e-09;3.21e-19;1.0172337;-0.019;3.76e-12;-0.0121
0.7488471;0.7104344;0.0621;1.3296858;0.0581;7.34e-10;3.2e-19;0.5468725;0.0128;3.69e-11;0.00973
0.693976;0.7731627;0.0338;0.8620884;0.0469;4.97e-10;1.68e-19;0.8847926;0.0489;3.21e-12;-0.015
0.6603491;0.6900583;0.0614;1.0011657;0.0627;6.89e-10;4.09e-19;0.9943404;0.0262;3.17e-12;0.0191
0.5824692;0.7063927;0.0393;1.0436904;0.0438;1.01e-09;1.07e-19;0.5577035;0.0784;4.3e-12;0.0118
0.5704437;0.6843501;0.049;0.7278608;0.0469;6.94e-10;3.22e-19;0.8107795;-0.0597;2.7e-12;0.0179
0.6316842;0.7805593;0.0324;0.8314613;0.0493;7.27e-10;3.15e-19;0.5903325;-0.0232;1.14e-11;0.00895
0.6239837;0.73184;0.0559;1.0584224;0.0483;5.87e-10;1.64e-19;0.9232731;0.0662;8.44e-12;0.00991
0.5674291;0.6336885;0.035;1.3003551;0.0414;1.09e-09;5.34e-19;0.8347826;-0.0449;3.96e-12;0.000461
0.5819133;0.6846551;0.0499;0.8224212;0.0522;1.09e-09;9.68e-19;0.5531716;-0.018;3.11e-12;0.00104
0.6131215;0.7344123;0.0705;1.3072644;0.0533;9.91e-10;1.61e-19;1.1472186;-0.0691;7.38e-12;-0.00667
0.6925214;0.6846289;0.0705;0.7002204;0.0545;1.01e-09;7.33e-19;0.9920631;-0.0409;1.92e-11;0.0138
0.6145118;0.6179031;0.0606;1.1417828;0.0482;6.84e-10;2.17e-19;1.1929917;0.0969;2.55e-11;0.00175
0.7375335;0.6083905;0.0438;1.0136493;0.0473;7.62e-10;1.27e-19;0.8620364;0.0306;4.55e-12;-0.00731
0.663854;0.7300443;0.0362;1.3672806;0.0506;7.49e-10;3.02e-19;0.816385;0.0255;4.77e-11;-0.0181
0.587334;0.6495226;0.0486;0.6946981;0.062;5.64e-10;8.78e-19;1.1370795;0.0041;1.59e-11;-0.0126
0.7473059;0.7019705;0.076;0.9747648;0.0507;5.47e-10;3.19e-19;1.1445516;0.0193;4.4e-11;0.00496
0.7258213;0.7493038;0.0351;0.7797087;0.0424;8.59e-10;6.05e-19;1.0662885;0.0723;4.54e-11;-0.0128
0.7052261;0.7711901;0.0404;0.8966452;0.0445;1.01e-09;3.04e-19;0.6060947;-0.021;2.54e-12;0.00386
0.5522689;0.7639183;0.0472;1.2221457;0.0618;8.25e-10;1.9e-19;0.4908885;0.0773;2.62e-11;-0.0167
0.6379627;0.6092303;0.079;0.8973975;0.0438;6.51e-10;6.32e-19;1.1245939;-0.0391;3.69e-11;-0.000507
0.587496;0.7915601;0.0396;1.0365574;0.0472;1.11e-09;4.64e-19;0.5414772;-0.0502;2.95e-11;0.00951
0.5577804;0.6450006;0.0742;0.6148068;0.056;4.56e-10;1.77e-19;0.8527501;-0.0751;1.94e-11;-0.0199
0.6305747;0.6886637;0.0785;0.6160304;0.0507;8.96e-10;9.59e-19;0.7670215;0.024;8.75e-12;0.0076
0.6751612;0.7535304;0.0384;0.7503749;0.053;1.09e-09;1.23e-19;0.8629617;-0.0741;3.3e-12;-0.0103
0.5949059;0.7988725;0.0515;1.2626255;0.0464;7.42e-10;3.77e-19;1.17306;0.00838;3.73e-12;0.0126
0.5763038;0.7861579;0.052;0.8177377;0.0412;6.05e-10;1.28e-19;0.6967757;-0.0281;1.28e-11;0.0174
0.6150661;0.7977529;0.0461;1.0958219;0.0418;8.22e-10;1.43e-19;0.7690217;0.0169;5.76e-12;0.00446
0.7428771;0.7962625;0.0682;1.0217501;0.0427;4.98e-10;3.54e-19;1.0499046;0.0448;1.13e-11;0.0196
0.6082315;0.6877122;0.0757;0.6081362;0.0487;1.1e-09;3.29e-19;1.0558419;0.0476;2.56e-12;-0.0103
0.6291686;0.6983922;0.0718;1.0190966;0.0446;8.1e-10;1e-18;1.1071715;0.0616;4.38e-11;-0.016
0.5788865;0.640299;0.0612;0.6431708;0.0482;4.65e-10;2.83e-19;1.0043741;0.0427;1.98e-11;-0.00619
0.6252865;0.7731761;0.0427;1.3731886;0.0421;8.91e-10;4.18e-19;0.8897259;0.0151;1.21e-11;-0.0137
0.6075262;0.7694309;0.0322;1.1054944;0.0484;5.87e-10;3.31e-19;0.8112463;-0.0224;1.39e-11;-0.013
0.5987995;0.6112472;0.0764;1.2261727;0.0525;7.7e-10;2.45e-19;0.6171544;0.0594;3.4e-12;0.00904
0.6103283;0.7246672;0.0589;1.082418;0.0433;1.1e-09;3.46e-19;0.8927393;-0.0904;3.99e-12;-0.0127
0.6225405;0.6530822;0.0489;1.0598397;0.04;9.17e-10;2.85e-19;1.0809854;0.0379;3.44e-11;0.0173
0.676401;0.7664101;0.0384;0.7059956;0.0511;5.59e-10;1.25e-19;0.5423316;0.00279;2.34e-12;0.00789
0.5851139;0.746973;0.0743;0.9679369;0.0535;8.86e-10;3.98e-19;0.6943348;-0.0311;4.95e-12;0.000371
0.6894751;0.7955102;0.0313;1.3104491;0.0622;6.26e-10;6.77e-19;0.4106027;0.0215;2.33e-11;-0.0155
0.6893538;0.6700216;0.055;1.1495854;0.0411;4.84e-10;2.92e-19;1.0666049;0.0852;1.29e-11;0.00265
0.6015175;0.6137179;0.0543;1.3570148;0.0477;6.85e-10;5.94e-19;0.6784318;0.0106;3.18e-12;0.00773
0.5913824;0.7623379;0.0345;1.2021646;0.0401;6.69e-10;3.07e-19;1.1029459;-0.0673;3.4e-11;-0.0106
0.6008643;0.7370852;0.0406;1.3583688;0.0521;9.49e-10;1.79e-19;0.6634237;0.0434;1.56e-11;-0.0069
0.6210003;0.7358413;0.0567;0.9472876;0.0499;4.61e-10;5.25e-19;0.623072;-0.0596;2.27e-11;-0.00934
0.7109653;0.7414816;0.0789;1.348229;0.0502;4.96e-10;1.1e-19;0.4502258;-0.0716;2.52e-12;0.0136
0.7143488;0.7078384;0.0767;1.0752015;0.0475;5.91e-10;3.3e-19;0.4211757;-0.0204;1.1e-11;-0.0123
0.7409879;0.6920468;0.0469;0.9102542;0.0562;1.03e-09;2.31e-19;0.7843351;0.0174;1.7e-11;-0.00539
0.5967802;0.6920821;0.0482;1.1573964;0.048;7.82e-10;3.65e-19;0.6528587;0.00355;4.22e-12;-0.0181
0.7218852;0.7224064;0.0651;0.8683169;0.0527;4.43e-10;1.25e-19;0.7560414;0.0703;1.72e-11;0.00952
0.6194992;0.7493714;0.0404;0.7694799;0.0503;9.48e-10;7.04e-19;1.1698757;0.00237;1.94e-11;-0.0171
0.6984937;0.7217236;0.0711;0.8834167;0.0563;9.14e-10;5.58e-19;0.7847067;-0.016;3.44e-11;0.0178
0.5716124;0.7226472;0.0416;1.3724066;0.0428;8.34e-10;1.46e-18;0.6185744;0.016;8.31e-12;-0.00902
0.6762288;0.7222033;0.0791;0.865624;0.0402;5.96e-10;1.02e-18;0.5594292;-0.00704;6.29e-12;0.00974
0.5890537;0.7782152;0.046;1.3936799;0.058;5.79e-10;4.32e-19;1.1212735;-0.0484;1.43e-11;0.00312
0.5547744;0.7347025;0.0446;0.6908082;0.0472;5.56e-10;1.84e-19;1.1009964;0.028;2.64e-11;0.000803
0.6922804;0.7041659;0.0752;0.7297814;0.0484;1e-09;8.26e-19;0.4885931;0.00339;7.98e-12;0.00642
0.7204792;0.6592522;0.0704;0.935591;0.0436;4.63e-10;1.47e-19;0.8256566;-0.0288;2.24e-12;0.0095
0.7414057;0.7743354;0.046;0.8417871;0.0494;7.22e-10;6.75e-19;0.5516004;-0.00259;2.27e-11;0.011
0.703788;0.6119807;0.077;1.2791482;0.0516;5.41e-10;1.19e-19;1.0880867;0.0556;2.3e-12;0.0182
0.6057912;0.78114;0.0773;1.0631623;0.0464;5.55e-10;1.42e-19;1.1747442;-0.0947;4.19e-12;-0.00201
0.5643726;0.6194232;0.0494;0.720542;0.0447;9.5e-10;1.28e-18;0.8350352;-0.0253;3.9e-12;0.0117
0.6323457;0.7551461;0.0626;0.949258;0.0612;4.98e-10;1.37e-19;0.8751946;-0.021;6.15e-12;0.00349
0.6703007;0.6616399;0.0394;0.8581901;0.0578;8.23e-10;6.4e-19;1.1778827;-0.0946;4.73e-11;-0.0118
0.5500871;0.787016;0.0518;1.3625036;0.0416;4.98e-10;1.02e-19;0.4632522;0.0453;2.39e-11;0.00688
0.5762547;0.7037811;0.0353;1.282533;0.0485;6.56e-10;2e-19;1.0761358;0.0659;1.27e-11;0.00234
0.7385677;0.7942447;0.0301;1.3429105;0.059;1.01e-09;1.26e-18;0.9259773;-0.0745;8.86e-12;0.00288
0.5930375;0.7082019;0.0554;1.3438267;0.0418;5.76e-10;6.7e-19;0.7822829;0.0241;7.54e-12;0.0164
0.7443195;0.7316088;0.0365;1.2320929;0.0457;5.55e-10;7.76e-19;1.0859945;0.0186;2.82e-11;0.00642
0.6944184;0.7574396;0.039;1.1958156;0.0461;6.11e-10;3.88e-19;1.1132742;0.0268;7.75e-12;-0.00035
0.695534;0.6154102;0.0587;1.031254;0.0577;5.78e-10;7.04e-19;0.6102806;0.0847;7.82e-12;-0.00467
0.6290802;0.660713;0.062;0.6795085;0.0541;6.48e-10;3.22e-19;0.6859715;0.0679;7.33e-12;-0.0122
0.7215243;0.7206555;0.0322;0.6256446;0.056;9.35e-10;9.8e-19;0.6733789;0.0459;1.51e-11;-0.00519
0.6353088;0.7644804;0.0409;1.2627589;0.0617;6.14e-10;1.26e-19;0.4069919;0.0793;2.15e-11;0.0013
0.7293163;0.7033133;0.0542;1.1894157;0.0449;7.38e-10;6.62e-19;0.543952;0.0113;1.25e-11;-0.00279
0.6056267;0.6555365;0.049;1.101015;0.0508;1.06e-09;7.21e-19;0.4572084;-0.0196;2.8e-11;-0.0179
0.6150723;0.6797712;0.0316;0.9490996;0.053;1e-09;1.26e-18;0.8873301;0.0747;1.44e-11;-0.0129
0.7004587;0.6187433;0.0661;0.9200677;0.0517;6.49e-10;2.68e-19;0.7929379;-0.0685;4.44e-12;0.0177
0.7295794;0.6936157;0.0678;0.9644134;0.0478;8.61e-10;2.13e-19;1.1118447;-0.0158;1.1e-11;0.00546
0.666997;0.7696949;0.0663;0.7687444;0.0496;9.28e-10;3.71e-19;0.5370869;0.0569;2.42e-12;-0.00607
0.7455403;0.7751956;0.0583;1.0925457;0.0402;1.07e-09;6.48e-19;0.6255562;0.034;1.45e-11;-0.0108
0.606296;0.601035;0.0379;0.8473189;0.0476;7.95e-10;1.13e-19;0.7923735;0.0214;8.8e-12;-0.00618
0.6060412;0.67825;0.0506;1.2971604;0.0419;4.65e-10;1.11e-19;0.5861892;-0.082;2.38e-12;0.00675
0.7483897;0.7622113;0.0499;0.6927004;0.0518;9.57e-10;3.06e-19;0.5483108;-0.0455;1.26e-11;-0.00601
0.626367;0.7265055;0.0383;0.719516;0.0418;9.19e-10;1.57e-18;0.9518971;0.00451;7.93e-12;-0.0112
0.6004665;0.6485865;0.0783;1.2510033;0.05;5e-10;6.33e-19;0.6204916;0.0956;4.78e-11;0.00518
0.7040335;0.7037424;0.0715;1.2340907;0.0615;6.11e-10;1.08e-19;0.9693797;-0.0488;4.76e-12;-0.00902
0.7402961;0.6915147;0.0566;1.0065686;0.0604;7.35e-10;5.74e-19;1.1434823;-0.00092;2.04e-11;0.00173
0.6523275;0.7669991;0.0702;0.7194252;0.0456;8.91e-10;4.85e-19;0.935809;-0.0971;1.94e-11;0.0155
0.7131635;0.6648543;0.0694;1.2860476;0.0575;6.68e-10;1.02e-19;0.5875024;0.0543;5.61e-12;-0.0122
0.6563218;0.6668741;0.0636;1.0305204;0.0414;8.03e-10;1.59e-19;0.4554464;-0.0626;4.8e-12;0.0148
0.5766206;0.744503;0.0645;1.1170729;0.0403;5.19e-10;1.5e-18;1.1492819;-0.0197;2.85e-11;-0.00862
0.6480246;0.750523;0.0392;1.0989151;0.0523;9.55e-10;4.25e-19;0.529448;0.055;1.23e-11;0.0166
0.5686544;0.7164049;0.0721;1.0337386;0.0626;7.34e-10;3.65e-19;0.6427548;0.0907;4.04e-11;-0.00182
0.6397743;0.7296355;0.0357;0.8505682;0.0455;5.29e-10;1.52e-19;1.1589522;-0.0529;3.01e-12;0.0129
0.6662779;0.6918426;0.0681;1.1741779;0.06;6.1e-10;1.79e-19;1.1696535;-0.055;2.59e-11;-0.00783
0.6635485;0.7546601;0.0366;1.180206;0.0471;9.93e-10;2.89e-19;0.9469108;-0.0885;3.08e-12;-0.00962
0.5680505;0.7661835;0.0653;1.2809118;0.0467;1.07e-09;1.64e-19;0.6157119;-0.0736;3.83e-11;-0.00354
0.6992464;0.7462112;0.0634;0.9354964;0.0533;8.57e-10;2.97e-19;0.743818;-0.0433;5.81e-12;0.0193
0.7144027;0.6240518;0.0378;0.6560879;0.0456;1.09e-09;1.07e-18;0.7272822;-0.0198;2.19e-12;0.0166
0.7084876;0.7481659;0.0484;0.7539274;0.0445;9.89e-10;2.84e-19;1.1446487;-0.0276;3.4e-12;0.00444
0.6100885;0.7435151;0.0597;0.7684795;0.0446;8.48e-10;1.19e-19;1.0068955;-0.0204;3.59e-11;-0.00833
0.7030698;0.7715187;0.0716;0.6212295;0.0511;9.21e-10;1.09e-19;0.8247324;0.0948;3.82e-12;0.000105
0.6308539;0.6254734;0.0581;1.1109647;0.0527;4.71e-10;1.09e-18;0.7710917;0.0185;3.68e-11;-0.00188
0.6229198;0.6673302;0.073;1.0695158;0.0482;7.79e-10;1.32e-18;0.7410429;0.0677;2.66e-11;-0.000815
0.6534219;0.6905799;0.0472;1.1006078;0.0534;1.08e-09;4.55e-19;0.6099418;0.0166;5.19e-12;-0.00908
0.6728248;0.7590805;0.0303;1.2463386;0.0448;6.46e-10;2.66e-19;1.0337837;0.0626;1.04e-11;-0.0138
0.7024893;0.637456;0.0543;0.9362203;0.045;7.42e-10;5.83e-19;0.871103;-0.0266;1.04e-11;0.0178
0.6711793;0.7587718;0.0365;0.6738108;0.0526;5.57e-10;7.53e-19;0.6807349;0.0265;6.68e-12;-0.01
0.6699551;0.6753367;0.063;1.1837202;0.0528;8.89e-10;4.81e-19;1.0857769;-0.0906;5.09e-12;0.00539
0.5736988;0.7357037;0.0507;1.2752515;0.0431;1e-09;1.77e-19;0.6541461;0.0207;1.65e-11;-0.00801
0.7426334;0.7409428;0.0782;0.9482587;0.0463;8.13e-10;1.76e-19;1.1866504;-0.0753;4.73e-11;-0.00429
0.7480225;0.7465373;0.0448;0.6448399;0.0463;8.61e-10;4.57e-19;0.4410539;0.012;6.32e-12;-0.0137
0.7250079;0.6487338;0.0446;0.8827056;0.0514;7.17e-10;4.33e-19;1.1423773;-0.0597;1.43e-11;-0.00793
0.6276305;0.6276221;0.0569;0.7077279;0.0546;5.74e-10;2.2e-19;0.9261735;-0.0593;2.95e-12;-0.0027
0.6962856;0.7458376;0.071;1.000873;0.0583;4.79e-10;6.06e-19;0.9131562;0.0441;8.49e-12;0.00351
0.7346589;0.6595882;0.0432;0.9422654;0.0585;5e-10;1.82e-19;1.00627;0.056;1.67e-11;-0.0191
0.597622;0.6363025;0.0794;0.72833;0.0417;4.67e-10;1.15e-18;0.4642862;0.0726;5.93e-12;0.00946
0.7183394;0.6547451;0.0503;0.8029742;0.0435;6.59e-10;3.24e-19;0.661806;0.0209;7.6e-12;0.00526
0.7061147;0.746623;0.0379;1.3364428;0.0482;9.54e-10;3.4e-19;0.490141;0.0399;4.72e-11;0.0169
0.6465445;0.7960854;0.0666;1.2557611;0.0552;4.56e-10;1.4e-19;0.6347178;0.0362;2.84e-11;-0.0026
0.6179448;0.6135299;0.046;0.9379618;0.0432;5.56e-10;2.7e-19;0.5483511;0.00915;2.69e-12;-0.00103
0.5986406;0.6497123;0.071;0.9823683;0.0557;6.91e-10;5.59e-19;0.5032897;0.00584;5.72e-12;0.0169
0.6556033;0.6538574;0.0758;0.9361992;0.0409;7.46e-10;2.66e-19;0.6463866;-0.0114;4.02e-12;0.00313
0.7045348;0.6576095;0.0781;1.1489483;0.0465;1.09e-09;1.22e-18;0.5339793;-0.0846;1.11e-11;0.00974
0.7103868;0.6320532;0.065;1.0529839;0.0582;6.1e-10;6.81e-19;1.1986363;-0.0868;1.66e-11;-0.00867
0.5553242;0.7162472;0.0514;1.0558577;0.0571;6.2e-10;1.31e-18;0.8876343;-0.0693;2.81e-12;0.00763
0.7482773;0.6057246;0.076;1.3908058;0.0518;4.52e-10;5.86e-19;0.6436466;0.0792;2.15e-11;-0.0027
0.6068942;0.7183201;0.0458;1.2575405;0.0573;5.94e-10;2.21e-19;0.9900966;0.0295;9.74e-12;0.0034
0.6965845;0.6683173;0.0362;1.0865561;0.0458;5.16e-10;3.47e-19;0.4889065;0.0487;2.89e-12;-0.0107
0.7193992;0.6271411;0.057;0.8633991;0.0569;9.97e-10;1.3e-18;0.8006693;-0.0454;1.25e-11;0.0106
0.7238486;0.7620508;0.0715;1.397316;0.0576;1.11e-09;4.42e-19;1.081263;0.012;3.15e-12;-0.0154
0.6384813;0.7540327;0.0614;1.008972;0.0626;9.26e-10;1.21e-19;0.8912405;-0.0311;3.48e-12;0.0146
0.727961;0.6523423;0.0627;1.35941;0.0462;5.23e-10;4.57e-19;0.766823;-0.051;3.91e-11;0.0108
0.7003588;0.6561227;0.0783;0.7165443;0.043;7.85e-10;2.65e-19;0.4805766;0.0151;2.69e-12;0.00129
0.632736;0.7826313;0.074;1.1127954;0.0405;7.67e-10;6.37e-19;0.7029715;0.0467;4.29e-12;-0.0102
0.671491;0.7788797;0.0714;1.1310579;0.0548;8.9e-10;1.3e-19;0.4395107;-0.0264;8.22e-12;-0.00161
0.6617498;0.6996879;0.0719;0.7425139;0.0431;7.02e-10;4.21e-19;0.6219067;-0.0662;7.94e-12;0.00796
0.7064795;0.7607023;0.0359;0.7538404;0.0454;6.63e-10;9.14e-19;1.1977925;0.0605;8.1e-12;-0.0103
0.5930129;0.684935;0.0662;0.8499196;0.0607;6.54e-10;2.44e-19;1.1731585;0.0734;2.45e-11;0.0194
0.565161;0.6084634;0.0366;1.3836998;0.0426;8.44e-10;4.56e-19;0.4894001;-0.0143;3.8e-12;0.00861
0.6642095;0.7017224;0.0559;1.0173151;0.0398;5.88e-10;1.12e-18;0.8171346;-0.0115;7.64e-12;0.00867
0.6706464;0.6447284;0.0665;0.8460495;0.0505;8.13e-10;3.99e-19;0.7562399;0.0505;6.63e-12;0.0072
0.6453231;0.6585876;0.074;1.2615186;0.0509;7.21e-10;1.94e-19;1.0451889;0.0503;1.77e-11;0.00831
0.5527521;0.7635211;0.0565;1.2302657;0.0447;5.14e-10;7e-19;0.9012381;0.00443;2.19e-11;-0.0075
0.728499;0.7918553;0.0752;0.9284983;0.0555;8.52e-10;1.19e-19;0.4323067;0.0534;3.74e-12;0.00121
0.6109703;0.6755433;0.0518;1.0931376;0.049;5.44e-10;3.09e-19;0.9414634;-0.0544;1.96e-11;-0.00252
0.6172684;0.6383585;0.0541;1.0038327;0.0447;7.28e-10;1.94e-19;0.9830206;-0.0239;3.45e-11;-0.00853
0.6319368;0.6902887;0.0657;1.167156;0.0623;6.11e-10;2.27e-19;0.6122745;0.00563;4e-12;0.00673
0.7177604;0.6392326;0.065;1.2077237;0.0626;6.85e-10;1.92e-19;0.4533336;0.0299;1.39e-11;-0.00702
0.6663518;0.7701483;0.0498;1.3657409;0.0568;6.14e-10;1.48e-19;0.5105772;0.0971;1.41e-11;-0.00138
0.7401177;0.7194634;0.0712;0.9374156;0.045;9.25e-10;1.95e-19;0.5895157;-0.0442;1.32e-11;-0.0178
0.6919693;0.7593038;0.0343;0.8086314;0.0498;6.35e-10;3.13e-19;1.0055655;-0.0322;2.92e-11;0.0152
0.5785957;0.6222006;0.0415;0.6104106;0.0434;7.09e-10;9.72e-19;0.9582002;-0.0744;1.81e-11;0.0037
0.6535691;0.7667512;0.0729;1.2703933;0.0587;5.45e-10;6.93e-19;0.7145212;0.0496;2.13e-11;0.00878
0.6265886;0.7606069;0.0608;1.2363341;0.0477;5.65e-10;6.03e-19;0.7968121;0.0141;4.35e-11;0.0143
0.7113704;0.7477258;0.0503;1.1276157;0.0479;5.41e-10;8.96e-19;1.1368715;-0.0337;3.17e-11;0.000179
0.7290583;0.7667368;0.0454;0.706815;0.0413;6.56e-10;2.27e-19;1.0364891;-0.0353;2.17e-11;-0.000374
0.6464001;0.7162628;0.0567;1.0858396;0.0528;5.85e-10;8.92e-19;0.7910416;0.0444;3.11e-12;-0.00691
0.6604411;0.6759557;0.0482;0.8222496;0.0483;5.44e-10;1.06e-19;0.559748;-0.0732;2.51e-11;0.0117
0.6382842;0.7092253;0.0684;1.3210074;0.0405;8.45e-10;2.83e-19;0.9719695;0.0847;3.66e-12;-0.00495
0.7175829;0.7893515;0.0659;1.1164333;0.0517;8.15e-10;4.56e-19;1.1757578;-0.0687;2.89e-11;0.0152
0.7128672;0.7064053;0.0776;1.1880399;0.0585;5.48e-10;3.22e-19;0.4634483;0.0845;8.05e-12;0.00802
0.7051494;0.6697775;0.0712;0.6450862;0.0563;6.23e-10;1.12e-19;0.7982173;0.0254;9.67e-12;0.0198
0.748069;0.6270263;0.0348;0.7793352;0.0627;5.37e-10;9.69e-19;0.9341326;-0.0464;3.24e-11;0.0163
0.6140254;0.6724838;0.0377;0.7793205;0.0502;1.06e-09;1.12e-18;1.0135409;-0.0924;5.42e-12;0.00216
0.7445507;0.7571155;0.0372;1.0921235;0.0469;1.03e-09;1.3e-19;1.0096703;0.0515;2.6e-11;0.00484
0.6580833;0.6477114;0.0737;0.7262964;0.0441;9.42e-10;9.44e-19;0.5479267;0.028;4.61e-12;-0.00501
0.6304505;0.6143546;0.0304;1.2049526;0.0511;5.7e-10;8.61e-19;1.0515257;-0.077;1.83e-11;0.0191
0.5663629;0.711609;0.0621;0.9989566;0.0539;8.96e-10;1.04e-18;1.0888407;0.0612;3.3e-12;-0.0125
0.5504486;0.6443981;0.0442;1.2217302;0.0436;5.12e-10;1.31e-18;0.6672349;-0.0269;6.11e-12;0.0106
0.6478823;0.7608431;0.0384;1.3524488;0.0626;5.48e-10;5.29e-19;0.4523856;-0.0968;1.86e-11;3.09e-06
0.6367735;0.6607873;0.0433;1.182666;0.0555;5.93e-10;1.36e-19;0.7641058;0.0506;4.28e-11;0.0152
0.6182537;0.6008916;0.0525;0.8505361;0.045;4.71e-10;3.53e-19;0.8000587;-0.0488;3.69e-11;0.00635
0.6558346;0.6113758;0.0689;1.0097384;0.0509;6.43e-10;1.76e-19;1.0632052;-0.0954;4.03e-12;0.0113
0.6508042;0.6580289;0.0655;1.0376455;0.044;1e-09;1.62e-19;0.5440269;-0.0429;2.74e-11;-0.0135
0.651868;0.6010154;0.0424;1.0488504;0.0627;7.5e-10;2.24e-19;1.0879799;0.0585;6.96e-12;-0.00186
0.7186376;0.7244504;0.0641;1.2770348;0.0627;6.98e-10;1.08e-19;0.6623068;0.0807;1.69e-11;0.00779
0.6185029;0.6057887;0.0481;0.7927224;0.0526;8.49e-10;3.59e-19;1.13045;-0.0492;1.62e-11;0.00294
0.7452909;0.7333162;0.0522;0.9384196;0.0599;4.58e-10;1.18e-18;0.8126882;-0.0207;4.25e-12;-0.0191
0.7332351;0.6269138;0.0421;0.7050153;0.0406;9.41e-10;4.24e-19;1.1741382;-0.0608;8.14e-12;0.00675
0.6260955;0.6521345;0.0633;1.2750942;0.0428;5.19e-10;2.94e-19;0.8099202;0.0208;8.64e-12;0.00498
0.5821165;0.7361896;0.0517;0.8534094;0.0618;6.7e-10;7.43e-19;0.7101271;0.0597;1.05e-11;0.0173
0.6687537;0.7568717;0.0616;1.393938;0.0541;6.67e-10;8.21e-19;0.4167327;0.0397;2.86e-12;0.0147
0.6814028;0.7138684;0.0637;0.9516904;0.044;9.95e-10;3.28e-19;0.6251554;0.0792;2.27e-11;0.00257
0.7287953;0.7381115;0.0321;0.8727421;0.0425;6.55e-10;3.32e-19;0.994046;0.0199;4.76e-11;-0.0144
0.6373847;0.6737455;0.0606;1.240866;0.0609;7.84e-10;7.3e-19;0.4273738;-0.0815;1.87e-11;-0.0102
0.6224254;0.6787311;0.0373;0.6318829;0.0485;8.71e-10;4.55e-19;0.4593259;-0.0849;9.52e-12;-0.0149
0.5928018;0.6548865;0.0779;1.274593;0.0433;9.77e-10;1.31e-19;0.834303;0.0733;3.09e-11;0.000508
0.6675702;0.6221634;0.0469;1.2085536;0.0447;7.03e-10;9.72e-19;0.9293757;-0.0826;4.77e-11;0.0107
0.6678018;0.7784155;0.0463;0.8607794;0.0407;1.01e-09;6.53e-19;1.1480575;0.0114;2.21e-11;-0.000523
0.573067;0.7037733;0.0567;1.263075;0.0623;9.82e-10;1.56e-19;0.7378057;-0.0734;5.1e-12;-0.0031
0.6120204;0.7013027;0.0449;0.8049804;0.0482;5.61e-10;5.49e-19;0.6827511;0.00216;3.39e-11;-0.0145
0.6195834;0.7286836;0.0655;0.9800435;0.0487;9.8e-10;1.15e-18;0.5729622;-0.0179;1.8e-11;0.0105
0.7035105;0.6057335;0.0514;1.1278048;0.0409;9.8e-10;2.33e-19;1.0886039;-0.0151;3.93e-11;0.0159
0.6983261;0.6343194;0.034;0.9456361;0.0605;6.04e-10;1.11e-19;1.016595;0.0941;3.57e-12;0.0174
0.6426319;0.7263213;0.0618;0.9589595;0.0538;4.44e-10;1.34e-18;1.0857927;0.0901;1.95e-11;0.0197
0.6940203;0.6220092;0.0673;0.6243429;0.0473;1e-09;1.24e-19;0.5590158;-0.0336;1e-11;0.00712
0.6389666;0.7147237;0.0399;0.7185172;0.0544;1.06e-09;8.09e-19;1.1970435;-0.0986;2.31e-11;-0.00241
0.5613378;0.781727;0.0749;1.1829306;0.0415;8.08e-10;2.25e-19;0.8723894;-0.00327;1.6e-11;0.0139
0.7240541;0.7286501;0.0525;0.6768994;0.0476;1.02e-09;7.23e-19;0.651029;-0.0432;5.18e-12;-0.0156
0.7465445;0.7512254;0.0603;0.7590682;0.0548;5.39e-10;2.72e-19;1.1057259;-0.0928;4.01e-11;0.00632
0.6548788;0.7921896;0.0639;0.6776082;0.0603;5.07e-10;7.62e-19;0.5849814;0.0106;2.49e-12;0.00702
0.6051622;0.7866255;0.0788;0.8333268;0.0508;9.01e-10;9.38e-19;0.8093456;0.0153;1.03e-11;0.0173
0.6418357;0.6483289;0.0591;1.3481343;0.044;4.71e-10;1.34e-19;0.9576659;-0.0917;8.26e-12;-0.0171
0.6844811;0.6203988;0.0748;0.9578876;0.0498;6.45e-10;5.48e-19;0.4369281;0.0166;3.1e-12;-0.0168
0.7309153;0.6300527;0.0617;1.1174327;0.0467;8.65e-10;1.22e-18;0.5986086;0.00187;6.84e-12;-0.0104
0.6173544;0.7423776;0.0573;1.0232859;0.0569;5.83e-10;1.24e-19;0.8852501;-0.0828;2.63e-12;-0.0142
0.6872388;0.7980822;0.0556;1.0989074;0.041;6.14e-10;1.56e-18;0.8569484;0.0107;3.15e-11;-0.00366
0.5765257;0.7432304;0.0596;0.7695944;0.0498;8.79e-10;7.04e-19;0.4482723;0.0506;1.08e-11;0.0139
0.6855228;0.7751936;0.0378;1.0830427;0.0603;1.02e-09;1.9e-19;0.5967325;0.0871;2.49e-12;-0.00101
0.6116604;0.6214516;0.0725;0.9064448;0.041;7.98e-10;2.12e-19;1.0454377;0.0654;2.17e-12;-0.0045
0.6702022;0.7637026;0.0494;0.806053;0.0579;1.02e-09;1.25e-18;0.8730376;0.0969;2.3e-11;-0.0139
0.7221716;0.7234829;0.0596;1.2659595;0.053;6.58e-10;1.4e-18;0.4414984;-0.0133;1.27e-11;-0.00571
0.6172929;0.7354735;0.0424;1.2984211;0.04;5.28e-10;1.58e-18;0.7781081;0.0594;2.6e-12;0.0143
0.5713646;0.6901875;0.0399;1.2937276;0.0553;8.37e-10;1.69e-19;1.0039395;-0.075;2.6e-11;-0.0165
0.6122189;0.6992205;0.032;0.6054882;0.0459;1.09e-09;2.54e-19;1.017711;-0.0874;5.41e-12;0.0175
0.6778324;0.6250636;0.0713;0.6581725;0.0434;7.43e-10;1.38e-18;0.5397276;-0.0312;9.81e-12;-0.00779
0.5623557;0.6828578;0.0414;1.3844031;0.06;1.01e-09;3.46e-19;0.6983366;-0.023;1.14e-11;-0.00625
0.7116049;0.7021231;0.0756;1.2462765;0.0582;8.73e-10;1.68e-19;0.7814391;0.0138;1.37e-11;-0.0127
0.676399;0.7743247;0.0761;0.8190728;0.0583;6.1e-10;2.88e-19;0.923022;0.0188;2.55e-11;-0.00268
0.6229129;0.7349945;0.0383;0.9944729;0.0512;8.94e-10;1.22e-18;0.8875742;-0.049;6.54e-12;-0.0177
0.7335417;0.7023633;0.0337;1.0792141;0.0453;7.64e-10;1.26e-19;0.651234;-0.0916;2.49e-12;0.0189
0.7103394;0.6122427;0.0385;1.2487184;0.0462;9.66e-10;1.03e-19;1.1732155;-3.16e-05;2.95e-12;0.000605
0.6177499;0.7182928;0.0574;1.0194924;0.0583;7.84e-10;3.54e-19;0.8909701;-0.0319;5.14e-12;0.0117
0.5904443;0.6442463;0.0725;0.6901586;0.0413;1.06e-09;2.12e-19;0.9747553;-0.000434;3.95e-12;0.017
0.7304589;0.6549218;0.0653;0.9606581;0.0478;5.25e-10;2.14e-19;0.8805719;-0.00335;2.51e-12;0.00128
0.6011341;0.6953842;0.0545;0.7923646;0.0533;6.71e-10;2.59e-19;0.52517;0.0586;8.68e-12;-0.0153
0.6022022;0.7279133;0.0625;0.6075085;0.0593;7.09e-10;9.89e-19;1.0296092;0.0588;3.27e-12;-0.00773
0.6461339;0.6340759;0.0515;0.8466035;0.0401;4.81e-10;7.9e-19;0.6283645;0.0118;8.86e-12;0.0123
0.6249486;0.6859671;0.0759;0.7666629;0.0586;5.39e-10;1.2e-19;0.6435023;-0.0836;1.66e-11;0.000703
0.653813;0.7906023;0.0356;1.1105535;0.0453;5.68e-10;1.22e-18;0.7905163;0.0209;1.01e-11;0.016
0.5876529;0.722619;0.0471;0.8943702;0.0511;7.21e-10;1.26e-19;0.4285402;-0.0521;3.43e-12;0.00372
0.6786721;0.7948594;0.0468;1.2802306;0.0428;7.91e-10;1.78e-19;1.0587311;0.00539;4.36e-11;-0.0119
0.6860921;0.6307264;0.0484;1.0051535;0.0572;1.01e-09;7.59e-19;0.8352142;-0.1;2.17e-12;0.00639
0.6888462;0.7944907;0.0555;1.1423126;0.0538;9.15e-10;1.68e-19;0.8827233;-0.0121;2.31e-12;-0.0193
0.7437144;0.6812183;0.0694;0.9651565;0.0483;1e-09;4.57e-19;0.7949872;0.092;2.08e-12;-0.0157
0.6552158;0.6149201;0.0409;1.2930841;0.0612;4.47e-10;1.07e-19;0.683794;0.074;1.82e-11;-0.000182
0.6311529;0.6886067;0.0705;1.1720192;0.0516;1.01e-09;1.52e-19;0.8270993;0.0518;6.1e-12;0.00296
0.7258863;0.7438866;0.069;1.1597012;0.0551;9.96e-10;1.25e-18;0.5799652;-0.0131;9.25e-12;-0.00497
0.6123097;0.6496643;0.0534;0.9234931;0.0518;8.61e-10;2.21e-19;0.9180405;-0.0762;7.01e-12;0.0128
0.600719;0.623316;0.0609;0.8287096;0.0461;8.99e-10;6.95e-19;0.5305244;-0.0894;5.88e-12;0.0167
0.5876185;0.7737539;0.0471;0.9879802;0.0602;9.1e-10;6.2e-19;0.7268321;0.0424;1.3e-11;-0.0102
0.5886469;0.7481913;0.0755;1.3904926;0.0612;8.78e-10;1.73e-19;1.0521435;0.0354;7.75e-12;0.00877
0.7485417;0.7525044;0.0487;1.3699436;0.0511;6.62e-10;1.05e-19;0.6413224;0.0663;2.41e-12;0.0169
0.6472394;0.6057475;0.0611;0.8179937;0.0466;9.09e-10;1.25e-19;0.8421217;0.0314;6.65e-12;-0.0153
0.6946076;0.6639445;0.0609;1.3311795;0.0601;9.05e-10;1.56e-19;0.7570578;-0.0565;1.84e-11;0.0196
0.6851083;0.6320574;0.0463;1.0555826;0.0546;4.68e-10;4.16e-19;0.9900725;-0.0437;4.46e-12;0.0156
0.6490394;0.6784738;0.0505;0.9197968;0.0501;6.14e-10;1.39e-19;0.4721599;-0.0609;2.87e-11;0.00163
0.7106989;0.6681152;0.0656;1.2010039;0.0482;6.55e-10;1.2e-18;0.6694352;-0.0159;4.9e-11;0.00666
0.6975825;0.6316254;0.0761;1.374975;0.0461;8.62e-10;2.55e-19;1.0797122;-0.098;9.39e-12;-0.00439
0.7219137;0.7891666;0.0596;1.3592216;0.0534;4.92e-10;1.08e-19;0.5030794;-0.0742;2.53e-11;0.00209
0.6689164;0.6129348;0.0504;1.1996346;0.0495;5.19e-10;4.01e-19;0.8156599;0.0873;2.85e-11;0.00554
0.7423953;0.7521241;0.0484;1.0707582;0.0457;7.48e-10;4.94e-19;0.490322;-0.018;2.36e-11;-0.000563
0.7016473;0.6141177;0.0673;0.7678133;0.0438;5.43e-10;1.09e-18;0.5893557;0.0585;7.96e-12;0.00189
0.572074;0.7581686;0.034;1.0165046;0.0524;9.78e-10;6.11e-19;0.4447336;-0.0976;1.31e-11;-0.0101
0.6814566;0.6277005;0.0766;1.0602934;0.0418;6.31e-10;6.96e-19;0.7116131;0.0853;2.65e-11;0.0167
0.6094209;0.6926271;0.0392;0.8674749;0.0522;5.74e-10;7.91e-19;1.1161891;0.0706;8.15e-12;0.0156
0.7147824;0.7206055;0.0702;0.9640235;0.058;4.75e-10;3.56e-19;0.459478;0.00492;6.13e-12;-0.0136
0.7444725;0.7499616;0.0733;1.1859277;0.0492;1.05e-09;2.38e-19;1.1063635;-0.082;4.39e-11;-0.00946
0.5634647;0.7421128;0.0707;0.6978872;0.0586;7.95e-10;1.47e-19;0.4562743;0.0479;2.3e-11;0.00824
0.7256981;0.6088905;0.0475;0.9302462;0.0499;6.79e-10;4.56e-19;0.5360292;0.0599;6.15e-12;-0.00118
0.7066042;0.7534836;0.0778;1.2305776;0.0471;5.66e-10;1.53e-18;1.0305995;-0.0427;2.07e-11;-0.00834
0.6533671;0.6789901;0.0736;1.0443321;0.0488;8.94e-10;2.71e-19;1.0720513;0.0662;9.57e-12;-0.00196
0.7341513;0.7788466;0.0391;0.9998157;0.0408;6.22e-10;4.87e-19;1.1219745;-0.0148;3.01e-12;-0.0106
0.6708747;0.7451161;0.0465;1.1648875;0.0423;5.86e-10;9.06e-19;1.1690695;-0.06;1.26e-11;0.00247
0.5823812;0.6889342;0.043;1.0729512;0.0442;7.11e-10;1.59e-19;0.6072448;-0.0531;4.39e-11;-0.00641
0.6280573;0.7612902;0.0557;1.2974561;0.0454;6.84e-10;6.8e-19;1.0209886;-0.0651;3.16e-11;0.0194
0.7268863;0.7231836;0.0715;1.3952019;0.0607;6.64e-10;5.89e-19;0.9369541;0.0278;2.59e-12;0.0096
0.7286204;0.6702992;0.0569;1.3642787;0.0466;8.64e-10;5.42e-19;0.4769122;0.0241;3.02e-12;0.00659
0.558819;0.641981;0.049;0.7945379;0.0427;6.17e-10;5.52e-19;0.5638147;0.0878;3.03e-12;-0.014
0.6947158;0.7560151;0.0508;0.9703451;0.0449;9.89e-10;2.06e-19;0.8011765;0.0815;2.58e-11;0.0099
0.6718793;0.620961;0.0736;0.8136044;0.0453;6.15e-10;7.16e-19;0.4698658;0.0686;2.63e-12;0.0185
0.7381009;0.7474402;0.06;0.856016;0.0468;5.63e-10;1.8e-19;0.8550739;-0.044;2.11e-12;0.011
0.7404949;0.6080292;0.0354;1.1088305;0.0453;8.63e-10;9.51e-19;1.1690897;-0.0257;5.2e-12;-0.0164
0.6616294;0.6994455;0.0514;1.1924149;0.0592;1.04e-09;3.83e-19;0.992158;0.0678;3.53e-12;-0.00497
0.6455315;0.6100834;0.0743;0.7369988;0.0427;9.07e-10;1.48e-18;0.749834;0.069;1.01e-11;0.00273
0.6297248;0.7132947;0.0566;0.9397371;0.0413;1.04e-09;1.38e-19;0.5818253;-0.0723;6.26e-12;0.00396
0.6135754;0.7458683;0.0385;1.3859231;0.0428;8.46e-10;7.9e-19;0.5976679;-0.0158;3.01e-12;-0.00396
0.5910381;0.7916013;0.0542;0.9529771;0.0464;5.43e-10;4.19e-19;0.4504624;0.0483;4.11e-11;-0.0199
0.579158;0.6470725;0.0362;0.6933328;0.0483;6.97e-10;2.72e-19;0.4815082;-0.0202;5.88e-12;-0.00919
0.736869;0.6139405;0.0733;0.6847276;0.0463;6.63e-10;1.52e-18;0.4927191;0.0816;3.83e-11;-0.017
0.7090771;0.782203;0.0411;1.1685314;0.0418;5.26e-10;3.41e-19;0.9786922;0.0758;9.63e-12;0.0118
0.6818169;0.7689926;0.071;1.0774775;0.0567;7.08e-10;4.2e-19;0.5422888;0.0382;2.13e-11;0.0102
0.7235808;0.7688492;0.0592;0.8834566;0.0454;8.49e-10;1.02e-18;1.1495878;0.0945;3.26e-11;-0.00857
0.5632971;0.6747211;0.049;1.0322224;0.0476;5.02e-10;4.24e-19;1.0975813;0.065;1.06e-11;-0.00624
0.6595023;0.6795548;0.0347;1.3835135;0.0577;6.09e-10;1.35e-19;0.6298146;-0.0131;3.78e-12;-0.00393
0.6763024;0.6666029;0.0548;0.751628;0.0568;8.77e-10;2.42e-19;1.1011482;-0.0546;1.17e-11;0.0122
0.680114;0.7711078;0.0377;0.8784916;0.0459;5.07e-10;2.15e-19;1.069575;0.0115;7.17e-12;0.0184
0.5517691;0.7648195;0.0451;0.9375273;0.048;4.57e-10;7.16e-19;0.4995543;-0.052;5e-12;-0.00914
0.6603681;0.6313339;0.0522;0.6890734;0.0538;8.94e-10;1.35e-19;1.1041082;0.022;3.32e-11;-0.00316
0.5909065;0.7838689;0.0476;0.9984067;0.0452;6.14e-10;1.78e-19;0.4072651;0.0599;9.24e-12;-0.017
0.7319094;0.6623084;0.0672;1.2714735;0.0598;1.1e-09;1.82e-19;0.6357412;-0.0462;2.91e-11;0.00165
0.740217;0.6202028;0.055;0.7067813;0.0535;5e-10;1.56e-18;1.136502;0.0933;1.99e-11;0.000858
0.5903796;0.6597979;0.031;0.9870236;0.0577;9.13e-10;1.13e-19;0.8519954;-0.0643;2.36e-11;0.00154
0.5980162;0.6456748;0.0376;1.0140665;0.0551;6.9e-10;1.13e-18;0.8428706;-0.0784;1.89e-11;-0.0119
0.6500132;0.7040192;0.0732;1.33425;0.0478;8.88e-10;1.28e-18;0.6808385;-0.0633;5.71e-12;-0.0121
0.6093764;0.7095626;0.0559;1.0956599;0.0492;5.24e-10;3.06e-19;1.1951685;-0.0573;6.61e-12;0.0132
0.7177107;0.6887449;0.0529;1.3796304;0.0456;4.48e-10;4.01e-19;0.8974019;-0.0433;4.22e-12;-0.0166
0.5711764;0.7230247;0.0498;0.760513;0.0411;1.04e-09;2.19e-19;0.5710396;-0.0533;7.04e-12;-0.0139
0.6292681;0.7918993;0.0347;0.6627614;0.0587;8.13e-10;3.2e-19;1.0888593;-0.0384;8e-12;-0.0162
0.5550712;0.6693509;0.0667;1.3323216;0.0603;7.58e-10;7.3e-19;0.9719348;0.0777;2.48e-12;0.00873
0.7270565;0.7153763;0.0507;0.963259;0.0578;9.4e-10;3.78e-19;1.0384914;-0.069;1.27e-11;0.00251
0.7499766;0.774009;0.0439;1.28151;0.0562;5.06e-10;4.06e-19;0.5284753;0.0204;1.17e-11;-0.0119
0.5522044;0.6229081;0.048;0.6702193;0.0414;5.17e-10;2.38e-19;0.4891252;0.0504;1.32e-11;0.016
0.6280993;0.7286322;0.0731;1.183099;0.0459;4.91e-10;2.48e-19;0.5645006;-0.00309;3.14e-12;-0.00967
0.6156511;0.7692722;0.0426;1.1466845;0.0516;7.24e-10;3.96e-19;0.9564969;0.083;1.7e-11;-0.00551
0.7485772;0.6824805;0.0325;1.2522066;0.0414;4.44e-10;1.33e-19;0.4873203;-0.0288;4.53e-11;0.00493
0.7295651;0.7579859;0.0588;1.1918474;0.0449;7.98e-10;4.09e-19;1.0511554;0.045;2.06e-11;-0.00178
0.6495603;0.6231515;0.0501;0.6976219;0.0572;6.8e-10;2.4e-19;1.180631;0.0649;4.56e-12;-7.1e-05
0.7494619;0.7973511;0.0397;1.3196443;0.0402;9.82e-10;1.7e-19;0.908038;0.0679;2.65e-12;-0.0127
0.6134626;0.6144993;0.0767;0.9062353;0.0527;8.77e-10;8.34e-19;0.653692;-0.0482;1.26e-11;-0.00703
0.6643474;0.7770709;0.0744;1.1082422;0.0593;6.18e-10;1.68e-19;1.1047195;-0.0931;5.9e-12;-0.0138
0.6768854;0.6434573;0.061;0.6396293;0.0505;6.05e-10;1.04e-19;1.0087305;0.012;3.61e-11;0.00108
0.723128;0.6299691;0.0798;0.7346099;0.0598;9.88e-10;6.45e-19;0.749308;-0.0801;2.38e-11;-0.0128
0.7466032;0.7014246;0.0441;0.6256526;0.0559;7.54e-10;5.68e-19;1.0775785;-0.088;2.49e-12;0.00726
0.647379;0.7264399;0.0324;0.8592875;0.04;6.86e-10;1.59e-18;0.5693553;0.0508;1.49e-11;0.00215
0.5840123;0.6136774;0.0606;1.0204071;0.0609;1.01e-09;1.58e-19;1.024096;0.0316;3.42e-11;0.00587
0.6836174;0.6376102;0.064;0.8289875;0.0608;1e-09;1.12e-19;0.61145;-0.0525;2.21e-12;0.00923
0.7193757;0.7297593;0.0346;0.7018934;0.0518;1.08e-09;3.48e-19;0.8329896;0.0409;2.61e-12;0.00492
0.6492581;0.6090885;0.0389;0.6442524;0.0582;6.73e-10;1.3e-19;0.6127231;-0.0164;2.46e-11;0.0133
0.667131;0.6963106;0.0475;0.7395432;0.0618;6.94e-10;9.93e-19;1.1892146;0.0586;3.54e-11;-0.00978
0.7443462;0.62655;0.0691;0.7922347;0.0417;8.3e-10;2.87e-19;0.4938565;0.0529;4.19e-11;-0.0034
0.56491;0.71503;0.0349;0.8663074;0.0567;9.44e-10;1.66e-19;0.5900582;-0.012;1.28e-11;-0.00258
0.6708285;0.6171046;0.0694;1.1732998;0.0414;9.35e-10;3.59e-19;0.7638416;0.0947;1.16e-11;0.0104
0.6322958;0.6975701;0.0546;1.0185302;0.0463;5.44e-10;1.42e-18;1.1048899;0.0162;3e-11;0.00719
0.639273;0.635699;0.0765;1.2171955;0.0494;6.82e-10;1.74e-19;0.4122872;-0.0571;1.37e-11;0.0165
0.6271442;0.6917158;0.0731;1.144906;0.0528;1.02e-09;6.09e-19;0.692704;0.0208;4.38e-11;0.00885
0.6442585;0.7620134;0.0544;0.8981845;0.0536;7.92e-10;1.57e-18;0.4072211;0.0298;1.32e-11;0.0179
0.5793047;0.718488;0.0757;0.7815568;0.0407;5.52e-10;1.01e-18;0.70909;-0.0923;2.43e-12;-0.00723
0.5721307;0.7516043;0.0715;0.7641687;0.0589;6.54e-10;2.64e-19;1.0441158;-0.0559;2.01e-12;-0.01
0.5913627;0.7125297;0.0677;0.8504748;0.0524;6.89e-10;1.03e-18;0.8289018;-0.00412;2.17e-12;0.0168
0.6132476;0.7126066;0.0317;0.9460259;0.0563;6.3e-10;1.24e-18;0.5203469;-0.0856;3.17e-12;-0.00523
0.6139763;0.7962828;0.0362;0.8558089;0.053;8.97e-10;1.21e-18;0.843512;-0.0307;1.8e-11;0.0189
0.6228429;0.7518013;0.0366;1.00855;0.0404;1.03e-09;1.74e-19;1.0605297;-0.0706;4.3e-11;-0.0119
0.5564326;0.6856434;0.0332;1.100524;0.0457;5.16e-10;2.9e-19;0.6443242;0.0907;3.89e-11;-0.00274
0.6908637;0.6242734;0.0452;0.6115589;0.0424;6.49e-10;1.17e-19;0.936353;-0.0781;9.95e-12;-0.0195
0.7301486;0.7203313;0.0365;1.2843665;0.043;8.37e-10;1.08e-18;0.4687174;0.0223;2.33e-11;-0.018
0.576887;0.6521108;0.079;0.8816514;0.0445;7.02e-10;3.09e-19;1.1847968;0.00118;3.48e-11;0.00892
0.7207122;0.7190364;0.0418;1.3706172;0.0471;7.79e-10;1.33e-18;0.9759621;-0.0566;3.7e-11;0.00508
0.6539561;0.7321888;0.032;0.8706233;0.0412;7.03e-10;4.58e-19;0.9546909;-0.00183;3.35e-11;0.0106
0.6048186;0.6149947;0.0695;1.2782435;0.0553;6.99e-10;1.64e-19;0.4988714;0.0926;2.26e-11;0.0051
0.6277706;0.6730207;0.0638;1.2610797;0.0497;5.81e-10;4.52e-19;1.130484;-0.00343;1.16e-11;0.000189
0.724779;0.6836809;0.0489;0.9071054;0.049;5.78e-10;1.3e-18;0.7455031;0.046;6.28e-12;0.00614
0.5906388;0.7423092;0.0565;1.1548021;0.0412;6.64e-10;9.42e-19;0.5084676;0.0817;1.46e-11;0.00303
0.6027806;0.7992644;0.0756;0.8075252;0.0416;8.96e-10;1.26e-19;0.4049204;0.0951;3.79e-12;-0.00911
0.5970903;0.7263846;0.035;0.7594994;0.045;5.36e-10;2.79e-19;0.4128999;-0.0205;1.19e-11;0.0113
0.5700033;0.676998;0.0756;0.8284466;0.0501;1.02e-09;1.56e-19;1.1406034;-0.0421;2.54e-11;0.0196
0.5824321;0.6653215;0.0785;1.0401456;0.0519;9.94e-10;6.5e-19;1.181618;-0.0144;4.07e-11;0.00796
0.7062821;0.6881308;0.0683;1.3649068;0.0458;6.35e-10;1.43e-19;0.5636821;0.0239;1.76e-11;-0.00434
0.6510982;0.779099;0.0743;0.8256158;0.0589;1e-09;4.11e-19;1.112291;-0.0319;1.89e-11;-0.0136
0.6392966;0.717133;0.0301;0.6626686;0.0475;6.64e-10;1.2e-19;0.7163402;-0.0441;6.58e-12;0.0119
0.6147368;0.6105765;0.0569;1.0208827;0.0613;7.33e-10;9.01e-19;1.1729898;0.0741;1.59e-11;-0.00499
0.7450935;0.6323965;0.0768;1.2880917;0.0589;7.92e-10;1.55e-18;1.1927956;0.0823;3.96e-11;0.014
0.7411768;0.7961469;0.0594;1.2449178;0.045;9.84e-10;3.99e-19;1.0687841;0.000491;9.39e-12;-0.00825
0.6610222;0.6484664;0.0728;0.6857796;0.0616;9.78e-10;1.17e-19;1.0347424;-0.028;1.44e-11;0.0185
0.5632929;0.6833144;0.0424;0.6941441;0.0415;5.04e-10;1.07e-18;0.7235676;-0.0644;8.29e-12;0.0146
0.5728099;0.6255469;0.0514;1.2959358;0.0445;7.78e-10;1.49e-18;0.9562076;-0.0824;4.42e-11;0.00966
0.5655398;0.6351423;0.0571;1.1023116;0.0578;5.25e-10;5.15e-19;0.7240239;-0.0242;7.25e-12;0.000541
0.6721174;0.7441978;0.0508;0.7664621;0.0596;7.83e-10;1.97e-19;1.1613348;0.0638;3.43e-12;-0.000958
0.6772975;0.7663398;0.0647;1.390992;0.0414;1.03e-09;4.39e-19;0.6072948;0.0472;6.52e-12;-0.0155
0.6958337;0.6743078;0.0551;1.0473212;0.04;5.03e-10;1.02e-19;0.7584568;-0.0703;3.38e-12;-0.00679
0.6799128;0.7456387;0.0768;1.3137851;0.0444;4.95e-10;1.03e-18;0.4128181;0.0378;2.96e-11;0.0113
0.5612605;0.6262578;0.0405;1.1837175;0.0417;5.77e-10;1.49e-18;0.902758;-0.00757;3.82e-11;0.02
0.7315244;0.637572;0.0701;1.3563993;0.0399;4.9e-10;1.36e-19;0.6570255;0.0401;8.11e-12;-0.000176
0.63061;0.7887794;0.0567;0.6650887;0.0442;6.15e-10;1.57e-18;0.692461;0.0198;6.89e-12;0.00472
0.7409008;0.6348158;0.0659;0.7779687;0.0609;1.04e-09;1.54e-18;0.8979443;-0.0929;6.17e-12;-0.00657
0.7471777;0.7274649;0.0634;0.9721571;0.0605;9.06e-10;1.08e-18;0.4363337;-0.0989;2.29e-12;0.0119
0.6698487;0.7917757;0.0308;1.1531061;0.0415;6.11e-10;8.57e-19;0.6429148;-0.0469;1.57e-11;-0.00451
0.6868096;0.6734422;0.0371;0.6862323;0.055;5.11e-10;3.16e-19;1.1114687;0.0839;2.64e-11;0.00675
0.5586528;0.7185218;0.0759;0.63667;0.0544;8.95e-10;4.13e-19;0.7809358;-0.0304;2.26e-11;0.0124
0.7112751;0.6470395;0.0733;1.3341279;0.0571;5.09e-10;2.19e-19;0.5022068;-0.0679;6.98e-12;-0.0146
0.7030311;0.6453715;0.0789;1.2532665;0.0497;8.53e-10;1.06e-18;0.9718325;-0.0107;6.4e-12;-0.00993
0.5666317;0.7338655;0.0713;1.1822114;0.0619;5.51e-10;1.44e-19;0.4160605;0.0418;3.53e-11;0.015
0.5650747;0.6931293;0.0693;1.3195189;0.0515;8.58e-10;5.27e-19;0.9081874;0.00961;7.93e-12;0.014
0.6837137;0.7875476;0.0676;0.8124455;0.0404;5.1e-10;1.73e-19;0.7077187;-0.0765;7.98e-12;0.00465
0.712923;0.6218118;0.0773;0.710022;0.0597;7.32e-10;2.51e-19;1.0705758;0.0488;2.12e-12;0.0135
0.6204975;0.7758328;0.0522;0.8583614;0.0545;5.5e-10;2.24e-19;1.0437868;0.099;2.98e-11;-3.28e-05
0.5902592;0.742925;0.0339;0.8205295;0.0604;6.24e-10;8.96e-19;0.9550737;-0.0264;5.35e-12;0.00556
0.6587577;0.7163287;0.0319;1.310162;0.0397;5.6e-10;6.79e-19;0.43279;0.0361;9.32e-12;0.0188
0.6734996;0.7042068;0.0755;1.0434918;0.0411;8.27e-10;1.36e-18;0.6956562;-0.0981;3.61e-11;-0.00992
0.5920548;0.6972197;0.0761;1.0896363;0.0411;9.44e-10;1.61e-19;0.7870861;0.0575;2.57e-12;-0.0107
0.7339887;0.7019283;0.0599;0.6642961;0.0517;5.35e-10;1.85e-19;0.7479669;0.0437;1.3e-11;-0.0147
0.5750275;0.7073856;0.032;0.9891261;0.044;5.93e-10;1.27e-18;0.6103184;0.00295;3.18e-12;0.0187
0.7248409;0.6866768;0.0301;0.7318221;0.0579;5.59e-10;1.32e-18;0.6615226;0.00114;2.57e-12;0.0182
0.6616808;0.7073973;0.0769;1.043243;0.0546;8.8e-10;1.89e-19;0.5153133;0.0487;3.37e-12;0.00469
0.6483684;0.6744433;0.0726;1.0872751;0.0604;5.76e-10;1.78e-19;1.0853403;-0.0076;1.76e-11;-0.00523
0.5616359;0.617235;0.0503;1.1270179;0.0432;7.78e-10;8.96e-19;1.0779504;-0.00394;1.12e-11;0.0108
0.6534686;0.7723621;0.0798;1.0144823;0.0549;8.14e-10;7.37e-19;0.5732552;-0.0214;4.94e-11;0.00958
0.7292709;0.6402514;0.0448;1.1720159;0.0416;1.1e-09;5.63e-19;0.4935795;-0.0843;7.11e-12;-0.0181
0.6810514;0.7509394;0.0679;0.9620428;0.0515;4.71e-10;5.63e-19;0.504881;0.0567;3.64e-12;-0.0137
0.6016583;0.7534238;0.0368;0.7944207;0.04;1.04e-09;3.08e-19;0.4223663;0.0757;2.59e-12;-0.00665
0.6083367;0.6766868;0.0339;0.7140541;0.0556;6.62e-10;1.13e-18;0.4523055;-0.0334;2.55e-12;-0.00808
0.6149615;0.6183602;0.035;0.6364593;0.0458;6.18e-10;1.71e-19;0.9410646;-0.09;1.51e-11;0.0196
0.7057258;0.6811893;0.044;0.7602113;0.0516;8.61e-10;1.07e-19;1.057995;-0.0495;1.39e-11;-0.00927
0.6407081;0.6214882;0.0364;1.2409115;0.0524;1e-09;1.82e-19;0.4997777;-0.0504;2.77e-12;-0.00202
0.7298343;0.6612467;0.0389;1.3985177;0.0541;5.27e-10;2.28e-19;1.0737245;-0.0521;2.17e-12;0.0157
0.5840254;0.6633579;0.0555;1.0254436;0.0543;5.33e-10;1.95e-19;0.8576883;0.0379;3.29e-11;0.00121
0.5535037;0.7658972;0.0387;0.660707;0.0522;7.45e-10;2.26e-19;0.7670102;0.00624;2.58e-11;-0.0183
0.5713174;0.644987;0.0735;1.1986763;0.0617;7.2e-10;1.21e-18;0.9234791;-0.014;4.1e-11;0.00914
0.672566;0.6605548;0.0428;1.143108;0.0541;6.68e-10;8.78e-19;0.7787923;0.0807;2.7e-11;0.00868
0.6174946;0.6644942;0.0697;0.9768581;0.0594;7.28e-10;6.03e-19;0.6797727;-0.0406;2.09e-11;-0.0127
0.6000471;0.7199668;0.0592;0.9413952;0.0468;7.58e-10;1.64e-19;0.4472663;0.0901;3.78e-11;-0.0173
0.5533968;0.6247593;0.0738;1.2233942;0.0399;1e-09;2.15e-19;1.042831;0.0708;4.44e-12;-0.00972
0.7242083;0.7604362;0.0527;0.8410734;0.0418;4.44e-10;2.27e-19;0.697001;0.0484;6.56e-12;0.00743
0.6490715;0.7460691;0.0767;1.125986;0.0476;6.25e-10;1.41e-19;0.5849935;0.0568;6.5e-12;0.0163
0.6197761;0.6415321;0.0307;1.2141871;0.0398;1.04e-09;1.65e-19;0.9120284;-0.0331;2.38e-11;0.0196
0.5893301;0.7666056;0.0426;1.020276;0.0524;4.49e-10;4.85e-19;0.6141114;-0.0724;2.06e-12;-0.00585
0.7412866;0.6746945;0.0616;0.967737;0.0428;8.47e-10;1.75e-19;0.5875475;0.0612;2.41e-12;0.0127
0.7234589;0.7105587;0.0421;1.1195941;0.0567;8.48e-10;1.4e-18;1.1706576;-0.0663;8.93e-12;-0.00955
0.5949087;0.7357585;0.0541;1.151072;0.0472;9.29e-10;3.58e-19;0.5779331;0.0239;1.66e-11;0.0105
0.610531;0.7998242;0.0355;0.6272886;0.051;4.91e-10;3.46e-19;1.1849698;-0.0415;4.1e-11;-0.00519
0.5742067;0.7318431;0.032;1.1068214;0.0624;6.63e-10;1.08e-19;0.4085007;-0.0251;3.9e-11;0.000867
0.6136916;0.7160529;0.0444;0.6417287;0.0455;7.14e-10;1.29e-18;1.0338093;0.0673;4.35e-11;0.00907
0.678203;0.6753345;0.0512;0.6113323;0.059;8.13e-10;6.9e-19;0.9678866;0.00443;3.67e-12;-0.0162
0.5775688;0.6155323;0.0715;1.3887243;0.0474;6.94e-10;1.37e-18;0.5118587;-0.0417;3.67e-12;0.0187
0.6577005;0.7964289;0.0545;0.7904675;0.0618;1.08e-09;1.33e-18;0.5260945;-0.08;1.92e-11;0.00775
0.6883513;0.6993093;0.0653;1.2586609;0.0457;9.87e-10;1.92e-19;0.6668874;-0.000191;2.52e-11;-0.0144
0.6309629;0.7748537;0.0556;0.8621335;0.0408;4.57e-10;3.87e-19;0.6085376;-0.0961;1.81e-11;0.0128
0.6324418;0.733521;0.0427;0.8245954;0.0485;7.21e-10;1.24e-18;0.9549615;-0.0645;3.72e-11;-0.016
0.5768833;0.6912928;0.0393;1.3989497;0.0491;5.62e-10;2.02e-19;0.9538849;0.0252;3.48e-12;-0.0038
0.6514536;0.6613562;0.0788;0.9904596;0.0402;6.7e-10;4.35e-19;0.8094969;-0.0723;3.32e-11;-0.00148
0.6561046;0.6283144;0.033;1.3510263;0.052;6.18e-10;5.8e-19;0.4173696;-0.00875;2.91e-11;-0.0162
0.6885172;0.7687561;0.0325;1.2044528;0.0548;5.03e-10;1.03e-19;0.9669135;-0.0758;3.62e-12;0.011
0.6996162;0.6367868;0.0421;1.095285;0.0442;9.61e-10;4.61e-19;0.4958014;0.00406;3.55e-12;-0.0111
0.5597464;0.7779164;0.0651;1.0105119;0.0428;9.12e-10;1.44e-18;0.9665723;0.00855;2.26e-12;-0.00871
0.6904315;0.790425;0.0385;1.1684875;0.0506;4.72e-10;3.91e-19;1.0420067;0.00528;2.62e-12;0.0102
0.6607075;0.719894;0.0461;1.3440765;0.0476;5.91e-10;1.48e-19;0.6702537;0.0792;9.78e-12;-0.012
0.6394382;0.6936376;0.0612;0.7381167;0.0432;6.38e-10;7.31e-19;1.1199559;-0.0702;1.64e-11;-0.00358
0.6374253;0.7736693;0.034;1.3357352;0.0533;9.3e-10;7e-19;0.8143422;-0.0296;3.83e-11;0.0175
0.7182498;0.7359006;0.0678;0.8519985;0.0573;6.94e-10;1.15e-18;1.1404318;-0.0984;3.79e-12;0.0091
0.6129909;0.750242;0.0799;0.9565077;0.0514;6.34e-10;1.17e-18;1.1012132;-0.0531;5.12e-12;-0.00817
0.704854;0.6827341;0.0664;0.8538041;0.0565;7.23e-10;9.64e-19;0.5779837;0.0451;3.63e-11;-0.0147
0.6592311;0.7749927;0.0471;0.9106491;0.0418;7.05e-10;7.33e-19;0.7855118;-0.0229;2.76e-12;-0.00839
0.5853194;0.721499;0.0442;0.8898602;0.056;5.91e-10;3.19e-19;0.989871;0.0195;2.28e-11;0.0186
0.601287;0.7148864;0.048;0.8412317;0.0541;5.07e-10;6.36e-19;0.4994644;-0.071;1.81e-11;0.0173
0.5672687;0.7519301;0.0317;1.237222;0.0419;6.05e-10;7.29e-19;0.9301952;-0.0599;1.82e-11;0.00497
0.6744817;0.675105;0.0599;1.3880677;0.0525;4.99e-10;6.7e-19;0.9247038;-0.0644;4.02e-12;-0.0129
0.5515118;0.6165114;0.0462;1.2433629;0.0461;4.6e-10;2.81e-19;0.8494205;-0.0628;3.95e-12;-0.0134
0.7481161;0.7480755;0.0444;0.9999356;0.0603;1.04e-09;1.07e-18;0.6989177;-0.0278;2.08e-12;0.0153
0.6818391;0.6635897;0.0771;1.2089347;0.0424;8.72e-10;6.42e-19;0.9351959;0.0727;2.09e-12;0.0059
0.5717024;0.798211;0.0474;0.7921724;0.0581;6.12e-10;1.49e-19;0.787553;0.0278;2.25e-12;0.0154
0.7020631;0.6771146;0.0622;0.6455663;0.0579;4.49e-10;1.02e-19;1.0866396;0.0131;1.67e-11;0.0196
0.7451056;0.6428103;0.0584;0.9032349;0.0543;1e-09;2.21e-19;0.4784107;-0.0627;5.17e-12;-0.0189
0.6143627;0.7668381;0.06;1.3484699;0.0494;7.62e-10;2.32e-19;0.8694268;-0.0863;5.9e-12;-0.0104
0.5533446;0.7567423;0.0417;0.6508767;0.049;5.01e-10;1.75e-19;1.0411487;0.0672;2.56e-12;0.0102
0.6376722;0.6174742;0.0579;1.1670729;0.0458;5.01e-10;2.21e-19;0.7591741;-0.0622;8.4e-12;0.00984
0.6190264;0.6606579;0.0633;1.2767096;0.0446;8.71e-10;1.28e-18;0.8765101;-0.0651;5.4e-12;0.0139
0.6394107;0.6391923;0.0413;1.0635709;0.0578;1.09e-09;4.95e-19;0.7268286;-0.0169;7.45e-12;0.00727
0.6422586;0.7387673;0.0754;1.2884067;0.0567;4.77e-10;3.99e-19;0.4543813;0.0149;4.37e-11;0.0194
0.5832817;0.7612983;0.0707;1.0658675;0.0551;4.6e-10;6.34e-19;0.8566235;0.0285;2.27e-11;-0.0179
0.7382044;0.7610243;0.078;0.7520663;0.0453;1.03e-09;2.99e-19;0.9010383;-0.0787;3.14e-11;-0.0049
0.7210237;0.7689705;0.0432;1.2202926;0.058;4.69e-10;7.81e-19;1.0100603;0.0861;9.44e-12;0.0185
0.5959169;0.6924318;0.065;0.9735057;0.0474;5.59e-10;5.27e-19;1.1010685;0.0554;1.37e-11;0.0111
0.5560144;0.6459061;0.0383;1.1533363;0.0447;6.31e-10;1.09e-19;1.0618713;-0.0488;3.19e-11;0.0173
0.5836457;0.7545611;0.0685;0.7087976;0.0527;6.91e-10;1.02e-18;0.6925022;0.0133;1.8e-11;0.0173
0.694614;0.6545873;0.0673;0.7154582;0.0449;8.57e-10;1.57e-19;0.8647665;0.0242;6.19e-12;0.0118
0.5701586;0.660075;0.0501;0.702757;0.0473;4.54e-10;8.32e-19;0.5021554;0.0908;2.79e-11;-0.00592
0.7495496;0.6826286;0.0657;0.6130314;0.0422;6.11e-10;9.2e-19;0.7475833;-0.00746;2.2e-12;0.00474
0.6765859;0.7770951;0.0626;1.2494005;0.053;1.11e-09;9.99e-19;0.6452459;0.0684;4.09e-11;-0.0135
0.6752388;0.7788172;0.0642;1.2665689;0.0536;9.21e-10;5.18e-19;1.091489;-0.0539;3.24e-12;0.00177
0.5986183;0.7012437;0.053;0.9960933;0.0427;6.01e-10;4.59e-19;0.8754606;-0.0716;4.05e-12;-0.0145
0.6051846;0.7534743;0.0541;1.31403;0.0436;5.74e-10;6.55e-19;1.0220002;-0.0727;5.59e-12;-0.0114
0.5622072;0.611823;0.0338;0.9612683;0.0572;9.16e-10;2.28e-19;0.54312;-0.0543;2.51e-11;0.0149
0.5958603;0.7265204;0.0389;1.0286092;0.0435;7.95e-10;3.81e-19;0.5383582;0.00851;1.29e-11;-0.00193
0.5582785;0.6792547;0.0685;0.8468606;0.0563;1.01e-09;6.1e-19;0.6348844;-0.0686;7e-12;-0.00937
0.6978533;0.655261;0.042;1.3129262;0.04;4.97e-10;2.71e-19;0.7802992;0.0494;3.33e-12;-0.00331
0.7270782;0.6790023;0.0496;1.3183548;0.0609;6.6e-10;4.48e-19;0.6419023;-0.0126;1.41e-11;0.0199
0.6354951;0.6503941;0.0577;0.9764521;0.0561;4.53e-10;1.1e-19;1.1251467;0.00152;4.17e-12;0.0147
0.6588085;0.773807;0.0376;1.0335181;0.0464;4.69e-10;4.01e-19;0.6099374;-0.0491;2.41e-12;-0.00913
0.636711;0.729322;0.0349;1.367987;0.0602;1.1e-09;9.82e-19;0.9463174;-0.00493;2.36e-12;0.0157
0.6802631;0.629085;0.0625;1.1244164;0.0557;1.07e-09;4.62e-19;0.5662101;-0.0523;8.7e-12;-0.0147
0.6469167;0.6991432;0.0326;0.6364181;0.0404;8.4e-10;2.5e-19;0.4890389;0.0752;1.11e-11;0.000234
0.6695653;0.7258505;0.0312;1.0111551;0.0581;1.06e-09;2.84e-19;0.5676826;-0.0133;3.27e-12;0.015
0.6799277;0.7815657;0.0673;0.6472245;0.0519;7.06e-10;1.2e-18;1.190808;-0.014;3.7e-12;-0.00344
0.5822885;0.6896656;0.031;1.3869634;0.0614;7.58e-10;8.14e-19;1.156145;-0.00815;3.67e-12;-0.0119
0.6231112;0.6016428;0.0778;1.0492833;0.0538;7.06e-10;1.1e-19;0.6901521;-0.00615;2.33e-11;0.0146
0.6132333;0.679072;0.0679;0.653428;0.0548;9.76e-10;1.03e-19;1.0024649;-0.0955;2.05e-12;-0.00166
0.565666;0.7536297;0.0601;1.1455579;0.0521;7.13e-10;1.15e-19;0.5217649;0.0119;7.7e-12;-0.0151
0.6871627;0.7014818;0.0597;0.9202747;0.0589;6.14e-10;1.49e-18;0.9152253;-0.0188;2.12e-11;0.00572
0.6793585;0.6353912;0.0525;0.6398537;0.0421;9.36e-10;1.2e-18;0.6343814;0.00355;2e-12;-0.0137
0.5798398;0.6390934;0.0575;1.3051836;0.0561;5.74e-10;1.05e-18;0.7328858;-0.0239;4.35e-12;-0.00432
0.7032455;0.7739798;0.0718;1.1776787;0.0576;4.72e-10;1.97e-19;0.9182465;0.0719;1.36e-11;0.0187
0.7248484;0.7211861;0.049;1.2798688;0.0619;5.45e-10;5.23e-19;1.1750737;0.0392;2.07e-11;-0.00924
0.6108539;0.7149276;0.0623;1.1856676;0.0589;7.22e-10;1.27e-18;1.1516114;-0.0577;4.93e-12;-0.0156
0.7098619;0.6281406;0.0483;1.1879036;0.052;4.66e-10;1.43e-19;1.0884922;0.0221;3.89e-12;-0.00708
0.6916791;0.6882384;0.0569;0.8520448;0.0458;8.52e-10;2.89e-19;0.7245495;0.0998;3.97e-12;-0.0172
0.7204273;0.7500559;0.0748;1.1409309;0.0601;6.63e-10;9.09e-19;0.6608608;0.0677;2.21e-12;-0.00264
0.5732311;0.7352557;0.0773;0.7390803;0.0454;9.08e-10;3.25e-19;0.4908953;0.0448;1.61e-11;-0.00217
0.6529399;0.6996219;0.0377;1.1522325;0.0463;1.05e-09;1.33e-18;1.0619209;-0.0275;2.24e-12;0.0159
0.6533369;0.6112978;0.0502;0.7102338;0.0415;7.8e-10;4.36e-19;0.8224721;0.0833;4.2e-11;0.00361
0.680763;0.6539331;0.0563;0.9430326;0.058;1.07e-09;1.05e-18;0.4918868;0.0783;2.91e-12;0.00193
0.5607046;0.6020677;0.0547;0.9686811;0.0592;7.05e-10;2.58e-19;0.6923124;-0.066;3.98e-12;-0.0146
0.593846;0.7240237;0.0593;0.9677601;0.0583;8.23e-10;1.22e-19;0.7033698;0.0112;4.52e-12;-0.000781
0.6030012;0.7763524;0.0698;0.6516851;0.0408;5.67e-10;6.22e-19;0.6584344;0.0719;1.29e-11;0.0125
0.6713593;0.6182984;0.0407;1.1012998;0.0558;5.79e-10;1.78e-19;0.7144741;-0.0422;4.66e-12;0.00416
0.6483516;0.6202005;0.0652;0.6965801;0.042;5.26e-10;8.85e-19;0.7463746;0.0156;2.97e-12;-0.00252
0.7166033;0.6683571;0.0369;1.2423756;0.0451;5.16e-10;1.01e-18;0.8516221;-0.0209;1.68e-11;0.00622
0.6094597;0.6775491;0.065;1.0150056;0.0552;6.88e-10;1.99e-19;0.4982291;0.0153;2.21e-12;0.0172
0.5809341;0.7610768;0.0746;1.2491634;0.0436;6.16e-10;3.93e-19;0.4882145;-0.0376;8.31e-12;0.00534
0.6526111;0.6443817;0.0359;0.6757383;0.0547;6.55e-10;9.37e-19;0.9521128;0.0111;2.7e-12;-0.00636
0.6056263;0.7566992;0.0385;0.7867343;0.0525;8.82e-10;1.32e-19;0.9422436;-0.0528;2.43e-11;-0.00193
0.6843177;0.7899473;0.0462;1.237102;0.0585;4.68e-10;2.29e-19;1.0888599;-0.0975;4.8e-12;-0.00201
0.6675722;0.7774799;0.0308;0.8019041;0.0484;5.2e-10;2.8e-19;1.1119629;0.0966;5.62e-12;-0.0184
0.5551365;0.6457089;0.0757;0.6767816;0.0476;9.63e-10;1.19e-19;0.4250335;-0.0461;1.87e-11;-0.0128
0.7215672;0.7533021;0.0617;1.0202421;0.0436;6.62e-10;9.9e-19;0.4149706;-0.0787;7.81e-12;0.0109
0.6937651;0.7389256;0.05;0.9342991;0.0537;4.54e-10;1.45e-19;0.7756369;0.057;6.19e-12;-0.00884
0.6456433;0.766201;0.0798;0.7883602;0.0453;5.16e-10;1.54e-18;0.7864229;-0.0384;2.36e-11;0.00524
0.6947561;0.7722896;0.0352;1.1170471;0.0538;6.6e-10;1.22e-18;1.1442726;-0.0447;5.52e-12;0.00749
0.6992499;0.6925449;0.0696;1.088965;0.0588;5.06e-10;2.28e-19;0.8955214;0.0686;1.81e-11;-0.00132
0.5992832;0.733799;0.0468;0.8736929;0.0512;8.42e-10;2.88e-19;1.0101442;-0.0165;2.29e-11;-0.000421
0.7356181;0.7365106;0.0336;1.2896351;0.0415;4.69e-10;2.94e-19;0.5436798;-0.016;2.45e-11;0.000831
0.7037428;0.7759454;0.0552;1.0167654;0.0589;9.7e-10;2.13e-19;0.519749;-0.0209;2.32e-12;-0.0168
0.6954039;0.7727115;0.0732;1.0664004;0.0593;7e-10;3.52e-19;0.8329109;0.0668;4.78e-12;0.00641
0.6876514;0.7403161;0.0511;0.8781697;0.0511;1.05e-09;8.07e-19;0.8235286;-0.0861;5.63e-12;-0.0099
0.7468217;0.6017378;0.0387;0.7632341;0.0496;6.63e-10;2.46e-19;0.8306303;-0.0666;4.68e-11;-0.0101
0.6532001;0.6915051;0.0752;0.8246634;0.0593;5.02e-10;3.75e-19;0.688891;0.00381;4.89e-11;-0.019
0.5540185;0.7821564;0.034;0.954845;0.0487;8.9e-10;8.88e-19;0.7538128;-0.0129;1.33e-11;0.0124
0.7239566;0.7508232;0.0528;1.0224566;0.0566;9.89e-10;3.68e-19;1.1533777;-0.0934;1.03e-11;0.0139
0.6031098;0.7564226;0.0528;0.6991565;0.0529;5.35e-10;1.27e-19;1.0965068;0.0561;7.22e-12;-0.0119
0.6577979;0.7250533;0.0536;0.9028411;0.057;7.89e-10;5.56e-19;0.7251845;0.0708;2.47e-12;0.013
0.7241416;0.6181473;0.0703;1.0454042;0.0436;8.35e-10;3e-19;1.0393785;0.0553;3.27e-11;0.00519
0.6638267;0.6925227;0.0672;0.6699834;0.0398;7.19e-10;3.78e-19;1.0926168;-0.0556;2.07e-11;-0.0124
0.6539858;0.7210858;0.0513;0.8400389;0.0464;4.86e-10;1.81e-19;0.8841588;-0.0233;4.66e-11;-0.0198
0.6726865;0.7707771;0.058;1.1203489;0.0599;4.62e-10;6.61e-19;0.9984539;0.0458;8.26e-12;-0.00791
0.6313165;0.7550452;0.0418;0.9948973;0.0567;4.86e-10;2.8e-19;0.6306892;-0.00947;1.86e-11;0.0139
0.5649589;0.6678156;0.043;1.0861455;0.0407;5.95e-10;1.06e-19;0.8399645;-0.0617;1.22e-11;-0.00952
0.7361922;0.6610077;0.0677;1.2183698;0.0401;5.75e-10;1.61e-19;1.0486035;0.0448;4.39e-12;-0.00942
0.673276;0.6129732;0.0554;1.2160687;0.06;5.66e-10;2.02e-19;0.5123188;-0.0613;7.03e-12;-0.00501
0.6339164;0.6245924;0.0473;1.1445239;0.0547;5.39e-10;9.73e-19;1.0548502;-0.0823;1.63e-11;-0.0191
0.6860845;0.7387674;0.0759;0.6049333;0.0604;5.61e-10;7.57e-19;1.1262829;-0.0664;8.08e-12;0.000352
0.6933782;0.771439;0.0302;1.1786486;0.0434;1.01e-09;1.34e-19;1.0745358;0.0913;1.51e-11;0.018
0.5693044;0.641472;0.0755;0.8119178;0.058;5.9e-10;2.12e-19;0.6841885;-0.017;7.59e-12;0.003
0.7067152;0.622154;0.0345;1.2915173;0.0597;6.94e-10;9.83e-19;0.950629;-0.0906;1.38e-11;-0.00374
0.5991939;0.6571224;0.0774;1.268145;0.0407;5.44e-10;1.11e-19;0.9752695;0.0622;5.59e-12;0.0107
0.6960887;0.6094104;0.0342;1.3310307;0.0601;9.93e-10;4.54e-19;0.8903472;-0.0838;3.91e-12;-0.0147
0.7048691;0.7793421;0.043;0.8498772;0.0587;9.09e-10;5.56e-19;0.9246481;0.0447;4.82e-11;-0.0114
0.7414108;0.6070178;0.0652;1.190751;0.0613;7.84e-10;1.7e-19;1.0548462;0.0235;5e-11;-0.0115
0.5922338;0.6737118;0.0512;1.2913117;0.0536;4.91e-10;2.39e-19;1.1198847;0.078;1.19e-11;0.0104
0.6376942;0.7372785;0.064;0.697948;0.0495;8.9e-10;2.21e-19;1.1070299;0.0109;3.3e-12;-0.00919
0.7042217;0.7337809;0.0703;1.2032024;0.0427;5.82e-10;3.61e-19;0.661103;0.0415;3.81e-11;-0.0138
0.6109813;0.7110789;0.0514;0.7582454;0.0527;4.57e-10;1.11e-18;0.5667964;-0.0258;2.19e-12;0.0139
0.611152;0.70514;0.0552;0.6315095;0.0483;5.04e-10;5.8e-19;0.4452848;-0.0203;1.85e-11;0.00569
0.7421979;0.6847174;0.0622;1.1541696;0.0623;9.88e-10;9.67e-19;0.7450542;-0.0692;2.25e-11;-0.00274
0.5743687;0.7770255;0.0579;0.8580397;0.0405;7.01e-10;6.05e-19;1.0512786;-0.0631;7.63e-12;0.00932
0.6886131;0.6170058;0.0536;0.6955009;0.04;8.89e-10;4.94e-19;1.1000803;0.0519;6.38e-12;0.02
0.5718936;0.7872364;0.0627;0.6821928;0.0447;9.26e-10;6.14e-19;0.5275554;-0.0655;2.33e-11;-0.0132
0.5841549;0.6676798;0.0618;1.0767797;0.041;6.5e-10;2.78e-19;0.7666074;-0.0449;4.11e-11;0.00832
0.5995382;0.7652291;0.0562;1.1910207;0.0517;9.37e-10;5.53e-19;0.9961352;-0.0685;1.74e-11;-0.0108
0.6723224;0.7736402;0.0682;1.2730589;0.0595;5.22e-10;8.29e-19;0.8980171;-0.0878;3.31e-11;-0.00776
0.5709454;0.6136631;0.0581;1.2029331;0.0542;9.29e-10;1.62e-19;1.1312697;-0.0436;4.71e-11;0.00213
0.6670058;0.6333025;0.0447;0.8719442;0.0505;4.84e-10;4.28e-19;0.5884755;-0.0812;4.1e-11;0.0153
0.7265161;0.6524873;0.0329;1.2354097;0.0429;8.25e-10;1.06e-19;0.6412551;-0.0326;4.52e-12;-0.0121
0.6372786;0.7482295;0.0378;1.0117058;0.0409;4.76e-10;1.17e-19;1.1856511;-0.00874;4.62e-11;0.0124
0.6014074;0.7539267;0.0308;0.6124031;0.0546;8.57e-10;1.22e-18;0.5554801;0.0292;2.33e-11;-0.00574
0.6300903;0.7196462;0.071;0.8325504;0.0415;5.01e-10;1.46e-19;0.7225539;0.0418;2.31e-12;0.0127
0.5771138;0.6420179;0.0503;0.9902653;0.0417;5.32e-10;1.13e-19;0.9567264;-0.0429;5.19e-12;-0.000756
0.6762891;0.6051639;0.0549;0.6631448;0.0562;1.02e-09;3.76e-19;0.7314075;0.0565;6.59e-12;0.0188
0.68231;0.6338306;0.0712;0.6565221;0.0595;6.04e-10;4.22e-19;1.1660677;0.0178;3.57e-11;-0.00941
0.6899999;0.7993269;0.0618;1.1810191;0.0399;5.88e-10;1.11e-19;0.8595175;0.0717;1.12e-11;0.00334
0.6967267;0.7303739;0.0583;1.1448786;0.0459;6.87e-10;2.32e-19;0.4143517;-0.0142;1.7e-11;-0.00129
0.7407275;0.769256;0.0771;1.2106808;0.046;9.29e-10;3.81e-19;0.7649336;0.0827;2.06e-12;-0.00493
0.637512;0.6101378;0.0493;1.3178983;0.0411;7.51e-10;3.21e-19;0.5950448;-0.0658;4.02e-11;0.0189
0.6587458;0.6409465;0.0562;1.3247961;0.0599;5.53e-10;7.08e-19;0.942211;0.0141;4.4e-12;-0.0176
0.7294475;0.6332268;0.0707;0.637729;0.0557;4.7e-10;3.64e-19;0.597992;-0.0975;1.09e-11;0.00606
0.6769593;0.6930186;0.0363;0.9288648;0.0496;5.18e-10;7.67e-19;0.794531;0.0178;3.1e-11;0.0171
0.6788368;0.7497406;0.0777;0.7940079;0.0427;5.36e-10;8.07e-19;0.6272556;0.051;4.84e-11;-0.00493
0.7454753;0.7171844;0.0777;0.6843157;0.0563;5.7e-10;1.8e-19;0.799102;-0.0959;3.53e-12;-0.0156
0.7346051;0.7663279;0.0558;0.8628563;0.0628;5.25e-10;3.82e-19;1.0149043;0.0737;7.42e-12;-0.0103
0.5718725;0.7191347;0.0478;0.9129966;0.0627;6.53e-10;4.42e-19;0.9370945;-0.00317;1.06e-11;-0.00448
0.6862998;0.6585474;0.0345;0.9540886;0.0515;9.54e-10;4.65e-19;1.1598772;0.0146;7.52e-12;0.0107
0.5971869;0.6049923;0.0483;1.2792265;0.0604;8.66e-10;9.21e-19;0.9815956;-0.0167;1.63e-11;-0.0107
0.6601914;0.778367;0.0704;0.7233218;0.0515;6.58e-10;2.7e-19;0.424279;-0.0168;3.95e-12;0.00707
0.5797218;0.7143798;0.0502;0.8127762;0.0465;9.27e-10;1.44e-18;1.1487722;0.000603;2.36e-11;0.013
0.7033437;0.6647654;0.0371;0.7739284;0.049;8.91e-10;4.08e-19;1.1852396;0.0652;4.42e-12;0.0162
0.6497424;0.676951;0.0607;0.6819297;0.0535;1.04e-09;3.2e-19;0.6673441;0.0617;6.14e-12;0.0168
0.677382;0.6891638;0.0323;1.1865185;0.0422;4.73e-10;7.45e-19;1.0667706;0.0393;2.34e-12;0.000633
0.6306445;0.7488755;0.0675;1.0777346;0.0436;7.4e-10;1.08e-19;1.0198005;0.0144;4.31e-12;0.00198
0.6756719;0.6762425;0.0581;0.7448163;0.0584;5.41e-10;1.49e-18;1.0641237;-0.0151;3.77e-11;-0.0112
0.6796492;0.7261455;0.0753;0.9987592;0.0569;4.98e-10;7.45e-19;0.8035751;-0.0657;7.53e-12;-0.00989
0.6680968;0.651578;0.0352;0.8734044;0.0609;6.99e-10;4.23e-19;0.6472566;-0.0228;1.99e-11;0.0179
0.7367002;0.6671484;0.0666;1.1918355;0.0596;4.75e-10;1.19e-18;0.5529503;-0.0455;7.56e-12;0.00754
0.6342151;0.7262384;0.0341;1.3054442;0.0409;1.11e-09;5.96e-19;0.9060539;-0.0667;2.21e-12;0.0196
0.5951499;0.6143577;0.0369;1.3520654;0.0438;9.11e-10;1.05e-19;0.5730628;-0.0617;8.88e-12;-0.014
0.7146018;0.6534827;0.0607;0.7784622;0.06;5.26e-10;1.21e-19;0.5090069;0.0902;2.91e-11;-0.0195
0.6842558;0.758167;0.0735;0.9945679;0.0464;5.73e-10;1.1e-19;0.400955;0.0441;2.43e-11;-0.0122
0.6536136;0.6413193;0.0691;1.1052842;0.0462;8.17e-10;7.06e-19;1.1277024;0.0129;5.51e-12;0.0161
0.6564355;0.7274004;0.0495;0.8932009;0.0423;5.26e-10;2.13e-19;0.4677619;-0.0169;1.75e-11;-0.00948
0.6213268;0.6848097;0.0394;1.389657;0.0582;6.28e-10;1.13e-18;1.1735145;0.072;3.56e-12;-0.00262
0.6379734;0.7604191;0.0334;0.9731804;0.0612;6.42e-10;6.44e-19;0.6233574;-0.00982;1.47e-11;0.00636
0.6056397;0.6485574;0.0786;0.6971136;0.0605;1.07e-09;5.61e-19;0.7045757;-0.0891;1.34e-11;0.0166
0.6788232;0.6444949;0.0758;1.1246014;0.0604;7.11e-10;1.04e-19;0.5333658;0.0541;1.92e-11;0.0157
0.5537668;0.6521071;0.0373;0.7515754;0.0506;4.64e-10;7.63e-19;0.7166184;0.0318;1.72e-11;0.0132
0.5793917;0.6880412;0.0702;1.1460634;0.0514;9.18e-10;2.4e-19;0.8574068;-0.0453;2.02e-11;-0.0155
0.5880915;0.7067768;0.0532;1.376442;0.0546;8.42e-10;5.88e-19;1.0580413;-0.0352;9.05e-12;-0.00233
0.6658376;0.7873269;0.0353;0.6864256;0.0404;8.56e-10;2.8e-19;0.4808348;0.0726;1.99e-11;-0.0194
0.7436064;0.6566492;0.0561;0.7888187;0.0419;8.55e-10;1.07e-19;0.9916329;-0.0591;6.63e-12;0.00703
0.6957439;0.6548532;0.0741;0.9711361;0.0581;4.52e-10;3.92e-19;1.13392;-0.0711;1.09e-11;0.00803
0.6705201;0.6522576;0.0451;0.7163596;0.0517;6.06e-10;2.26e-19;0.6990293;-0.0856;3.14e-11;0.000839
0.5623434;0.6400191;0.0646;1.1426951;0.0423;7.77e-10;2.97e-19;0.8843674;-0.0813;4.69e-12;0.0128
0.7133061;0.7702434;0.0709;1.2482502;0.0527;4.59e-10;1.31e-18;1.0994831;-0.0716;2.7e-11;0.0174
0.5677074;0.7481585;0.0645;0.6380759;0.0629;1.07e-09;3.7e-19;1.0382663;-0.0217;2.66e-11;-0.00455
0.5638662;0.7855622;0.0347;1.31529;0.0437;7.7e-10;7.33e-19;1.1137104;0.0922;9.54e-12;-0.00755
0.5715288;0.6894448;0.0642;0.926685;0.0469;5.99e-10;3.16e-19;1.1423976;0.0666;2.62e-12;-0.0125
0.6635909;0.7922689;0.073;0.9299348;0.0527;5.78e-10;1.98e-19;0.8208905;0.0167;1.99e-11;-0.02
0.7199658;0.7077834;0.0749;0.9191903;0.0427;6.19e-10;5.26e-19;0.8238456;-0.0649;1.43e-11;0.00518
0.555422;0.7460077;0.0436;1.2611384;0.0479;6.53e-10;6.36e-19;0.9359501;-0.0833;2.62e-12;-0.00663
0.6170736;0.71783;0.0606;0.7678637;0.0474;8.94e-10;1.27e-19;0.9066514;-0.0112;2.94e-11;0.00974
0.7062176;0.7007854;0.0543;1.1112508;0.0418;6.13e-10;1.16e-19;0.5592195;0.0965;5.17e-12;-0.00672
0.557248;0.7622736;0.0643;1.1083878;0.0529;5.75e-10;1.45e-18;0.9607854;0.0309;2.3e-11;-0.0153
0.6528483;0.7025103;0.0391;0.8606064;0.0432;8.16e-10;1.2e-18;0.8622293;-0.00955;2.17e-12;-0.019
0.7222207;0.7942976;0.0369;1.0206194;0.0586;7.81e-10;1.49e-18;0.9485612;0.0147;2.3e-12;-0.005
0.6088361;0.6854484;0.0702;0.8514976;0.0458;5.82e-10;6.31e-19;0.9236287;-0.0157;2.11e-12;0.0171
0.6847218;0.6365327;0.0569;1.3227978;0.04;6.92e-10;1.54e-19;1.0484349;-0.0572;3.45e-12;0.00905
0.7012036;0.6514249;0.0729;0.7674924;0.0468;1.07e-09;4.49e-19;1.0320044;0.0516;2.94e-12;-0.0136
0.6493019;0.713091;0.0594;0.9236205;0.0496;5.86e-10;7.78e-19;1.0669931;-0.0444;9.19e-12;-0.00257
0.6785884;0.6812757;0.068;1.2728812;0.044;7.85e-10;5.78e-19;0.9408099;0.0355;4.23e-11;-0.015
0.7491893;0.776027;0.043;1.2340657;0.0499;8.33e-10;1.07e-18;0.7839634;0.0305;8.43e-12;0.0107
0.6399643;0.7394865;0.0371;0.6757091;0.0406;1.06e-09;1.1e-19;1.1453986;0.0415;3.42e-12;0.0181
0.5967643;0.7807058;0.0459;1.2104954;0.0514;5.06e-10;5.8e-19;0.7945372;-0.0784;4.44e-12;-0.00705
0.5514905;0.7935194;0.0422;0.7799333;0.0551;8.9e-10;1.26e-19;0.4701983;0.0286;3.3e-12;-0.00117
0.5720258;0.6848117;0.0434;1.235128;0.0543;5.73e-10;1.48e-19;1.1354046;0.0686;5.75e-12;-0.00252
0.7263385;0.6953279;0.0484;1.0063287;0.0398;6.1e-10;7.65e-19;0.7910607;0.0776;2.51e-12;-0.0116
0.6103127;0.7026704;0.0694;0.7928559;0.0404;6.84e-10;6.53e-19;0.5526826;-0.0554;2.24e-12;-0.00735
0.6268234;0.6520491;0.0781;0.7686615;0.0502;4.79e-10;1.92e-19;0.6797964;0.0358;3.76e-12;0.00792
0.683936;0.6666449;0.0372;0.9890084;0.0495;8.36e-10;2.06e-19;1.1754595;-0.0141;2.93e-12;-0.006
0.7332299;0.7979882;0.069;1.3300555;0.0421;8.78e-10;1.19e-19;1.08844;0.0351;6.8e-12;0.00581
0.6646172;0.6686472;0.0618;0.8430594;0.056;6.54e-10;5.5e-19;0.926468;0.0193;3.48e-12;-0.00455
0.7098916;0.7398324;0.053;0.7137842;0.0471;1.09e-09;2.9e-19;0.9177781;0.0672;8.35e-12;0.0196
0.6796777;0.7379931;0.0353;0.6538463;0.0466;8.59e-10;2.36e-19;0.5329126;-0.0361;3.71e-12;-0.0175
0.6015225;0.6740569;0.0587;0.6874234;0.0401;6.83e-10;2.53e-19;0.8794691;0.0657;2.32e-11;-0.0176
0.5988548;0.6864726;0.069;0.9587034;0.0571;5.84e-10;3.5e-19;0.5445966;0.0644;7e-12;0.0115
0.6417843;0.6691078;0.0562;0.9362353;0.043;8.12e-10;8.46e-19;0.9157353;0.0153;2.18e-11;0.0147
0.6812914;0.7451403;0.0543;1.1651922;0.0604;7.52e-10;4.16e-19;0.8902612;-0.0638;2.44e-11;-0.0175
0.6192705;0.6666102;0.0718;0.9740507;0.053;5.09e-10;2.26e-19;0.8230148;-0.0927;7.91e-12;0.014
0.6278534;0.7045728;0.062;1.1193606;0.0415;7.26e-10;3.2e-19;1.1121874;0.00845;1.36e-11;-0.00271
0.5911541;0.608426;0.0762;1.0653534;0.0615;6.85e-10;2.8e-19;0.7085918;-0.0714;1.26e-11;-0.0193
0.7002189;0.7549671;0.0544;1.1700318;0.0405;6.18e-10;8.33e-19;0.8366071;-0.00271;3.83e-11;-0.0167
0.7001606;0.6256482;0.0408;1.2998034;0.0581;6.14e-10;8.11e-19;0.4338401;0.0292;3.39e-11;0.0104
0.6646636;0.7375906;0.0737;1.2328705;0.0441;9.37e-10;1.21e-18;0.8977226;0.0678;2.57e-11;0.0182
0.6618637;0.6221785;0.0539;0.7810635;0.0405;5.02e-10;1.11e-18;0.5401545;0.0684;2.02e-11;-0.016
0.5648038;0.7446843;0.0445;1.2808695;0.0504;5.47e-10;1.07e-18;0.7005113;-0.0556;5.43e-12;-0.00316
0.6405643;0.7407768;0.0473;0.9726963;0.0457;4.55e-10;3.68e-19;0.6125141;-0.0978;3.41e-12;0.00961
0.6034467;0.7939025;0.0671;0.871224;0.053;6.25e-10;1.08e-18;0.9225451;0.00703;5.83e-12;-0.0191
0.7142497;0.7589044;0.0768;1.2917273;0.0492;6.87e-10;1.48e-18;1.1232724;0.0947;2.35e-11;-0.00584
0.6839325;0.7770835;0.0569;0.8671713;0.057;6.17e-10;2.23e-19;0.7255652;-0.0354;2e-11;0.0105
0.7408143;0.709708;0.0424;1.2403727;0.0408;4.58e-10;9.6e-19;0.44534;0.0127;7.03e-12;0.0132
0.5745975;0.6069371;0.0798;0.9269189;0.0455;5.2e-10;1.82e-19;0.7616789;-0.0857;8.19e-12;0.00388
0.563384;0.7766314;0.0585;1.142545;0.0411;8.71e-10;2.03e-19;0.5481383;0.0234;1.35e-11;-0.00812
0.7020974;0.6872122;0.0565;0.9542053;0.046;1.03e-09;3.53e-19;0.668532;0.0781;6.62e-12;-0.0185
0.5864781;0.6475957;0.0433;0.7591247;0.0409;1.09e-09;2.09e-19;0.8356611;0.0528;2.81e-12;0.00695
0.6175909;0.6862048;0.046;1.307409;0.0438;4.65e-10;7.9e-19;1.1438473;0.0466;8.14e-12;0.0143
0.7142395;0.6053667;0.0539;1.0961264;0.0528;7.14e-10;1.19e-19;0.8029592;-0.0554;6.79e-12;-0.0183
0.7176805;0.7118421;0.0649;1.2640243;0.0597;9.36e-10;1.8e-19;1.0629596;0.0291;9.12e-12;-0.0173
0.7446851;0.6189903;0.0423;1.2407523;0.0455;7.66e-10;1.36e-18;1.1517456;-0.000714;3.83e-12;-0.0199
0.6941024;0.6648072;0.0436;1.0874887;0.0441;8.32e-10;2.2e-19;1.1000516;0.00353;2.91e-11;0.00323
0.6361748;0.7581092;0.0616;0.8246414;0.0479;8.59e-10;6.86e-19;1.0478971;-0.0903;2.96e-12;0.00152
0.6910787;0.727968;0.0578;0.8665888;0.0574;9.93e-10;8.91e-19;0.4242145;-0.0171;1.56e-11;0.0033
0.5569556;0.7306952;0.066;1.1956977;0.0424;6.91e-10;5.99e-19;1.0027957;0.0913;2.2e-11;-0.0151
0.6192548;0.7135049;0.0696;1.0135657;0.0427;8.07e-10;9.25e-19;0.7665142;-0.0987;5.08e-12;0.019
0.6900472;0.6549709;0.0469;1.0915371;0.0588;1.04e-09;1.04e-19;0.9737475;-0.0856;1.32e-11;-0.0109
0.6308513;0.6930686;0.073;1.0888135;0.06;6.95e-10;1.94e-19;0.7909334;0.0993;2.42e-11;0.0114
0.617147;0.7284003;0.0693;0.912502;0.047;5.58e-10;3.81e-19;0.58574;-0.0673;1.29e-11;0.0161
0.7183728;0.7467372;0.07;0.9790589;0.05;1.07e-09;2.19e-19;0.673059;0.074;3.64e-12;-0.0108
0.7391624;0.7332672;0.0385;1.2734958;0.0558;6.37e-10;7.27e-19;0.5495888;-0.0187;2.09e-11;-0.00401
0.6861215;0.6269137;0.0704;1.3935119;0.0521;8.79e-10;2.8e-19;0.9470015;0.0987;5e-11;0.00298
0.680057;0.6941922;0.0682;0.9807518;0.0516;6.23e-10;3.69e-19;1.045582;-0.0105;9.27e-12;0.0165
0.655725;0.7011789;0.0744;1.1897275;0.0587;4.61e-10;9.26e-19;0.6455444;-0.0725;1.5e-11;0.0196
0.6275497;0.6024625;0.0453;1.3312851;0.0459;6.3e-10;8.83e-19;0.5142244;0.079;6.96e-12;-0.0122
0.5691512;0.6722649;0.0499;0.8989219;0.0618;1.1e-09;4.33e-19;0.7525549;-0.0504;1.25e-11;-0.00888
0.5833168;0.7577698;0.0353;1.2138875;0.06;8.61e-10;5.68e-19;0.5901674;-0.0887;1.72e-11;-0.00887
0.6319947;0.7126309;0.0782;0.8726177;0.0498;1.04e-09;1.19e-19;0.4558501;0.0603;1.02e-11;-0.0175
0.594888;0.6302914;0.0607;1.215493;0.0494;6.83e-10;1.03e-18;1.0548509;-0.00677;2.08e-12;-0.0175
0.6718534;0.6750764;0.0526;1.1528162;0.0575;1.02e-09;1.01e-18;0.8476545;0.04;3.34e-12;0.0191
0.7275034;0.7050984;0.0664;0.9240869;0.0425;5.91e-10;1.28e-18;0.4436919;-0.0376;4.79e-11;-0.00783
0.7209702;0.699982;0.039;0.8339873;0.0443;7.37e-10;8.96e-19;0.7655876;-0.0803;1.36e-11;-0.0109
0.646467;0.6489444;0.0578;1.3418782;0.0572;9.07e-10;1.84e-19;1.0069181;0.0207;2.16e-11;-0.00715
0.6019692;0.6418362;0.0534;1.0973457;0.0598;5.88e-10;1.42e-19;0.4198061;0.0159;3.19e-11;0.00825
0.6294287;0.6409046;0.0344;0.6123871;0.0571;9.09e-10;1.55e-18;0.89659;-0.0591;2.51e-11;-0.0177
0.6854661;0.6783386;0.0495;0.8197454;0.0455;9.59e-10;1.8e-19;1.1577889;0.0653;1.13e-11;0.00269
0.6405941;0.762531;0.0505;1.2927274;0.0601;6.4e-10;5.33e-19;0.901669;-0.0718;4.76e-12;0.00446
0.6441539;0.6562728;0.0404;1.0348963;0.0412;4.99e-10;4.85e-19;0.9070768;0.038;2.18e-12;-0.0161
0.6209391;0.7753515;0.0328;1.1686412;0.0578;7.57e-10;1.53e-18;0.7670043;0.00915;2.58e-11;-0.0171
0.6707176;0.7578643;0.0582;1.1658401;0.0604;5.36e-10;9.03e-19;0.6781904;-0.00484;1.12e-11;0.00204
0.644956;0.7629419;0.0599;0.688237;0.046;9.55e-10;3.05e-19;0.832344;-0.0322;2.88e-12;-0.00795
0.6119561;0.7768816;0.0431;0.7679975;0.0544;1.02e-09;8.25e-19;0.8855777;-0.0682;5.83e-12;0.00385
0.6994316;0.7477042;0.0333;0.8321665;0.0506;5.38e-10;1.15e-19;1.116567;-0.0113;2.5e-11;0.0145
0.5602615;0.6309432;0.0629;1.095679;0.062;9.81e-10;1.14e-18;0.6714735;0.0438;3.62e-11;0.0157
0.7189351;0.7359322;0.0425;0.8251397;0.0578;4.48e-10;8.81e-19;1.0951971;0.0506;2.54e-12;0.0106
0.6019873;0.6004647;0.0691;0.7204519;0.0453;4.43e-10;3.84e-19;0.9545665;0.0156;2.6e-11;-0.016
0.7022505;0.6555988;0.0714;0.9107998;0.0563;5.73e-10;1.95e-19;0.9223772;-0.0686;2.36e-12;-0.00683
0.6827585;0.7139678;0.034;1.1595662;0.0527;8.21e-10;4.64e-19;0.412776;0.0351;2.16e-12;0.00203
0.5952064;0.6340118;0.0315;1.2675123;0.0572;9.51e-10;1.49e-18;0.6862316;-0.0172;1.8e-11;-0.00326
0.6902986;0.7240538;0.0567;0.6097861;0.0515;7.29e-10;3.06e-19;0.9196044;-0.0867;9.44e-12;0.0056
0.7282519;0.7294847;0.0331;1.1367378;0.0459;5.42e-10;6.76e-19;0.477815;-0.0878;1.53e-11;-0.00254
0.5907937;0.6055359;0.0689;1.1877449;0.044;8.71e-10;3.8e-19;0.4117804;0.0112;6.34e-12;-0.0136
0.5987261;0.678072;0.0798;1.0370398;0.0428;7.77e-10;2.87e-19;1.1406354;-0.0375;5.93e-12;0.00854
0.5549901;0.6555709;0.0423;1.0563909;0.0548;7.15e-10;8.68e-19;1.0877485;0.0169;2.01e-11;0.0195
0.5803711;0.7938968;0.0404;0.8977374;0.0408;4.62e-10;5.78e-19;1.175973;0.0627;2.15e-12;0.016
0.5876237;0.6686255;0.0388;0.6224404;0.0537;4.92e-10;9.2e-19;1.0972476;-0.0229;3.66e-12;0.00184
0.692558;0.7088708;0.0779;0.7053495;0.0432;5.93e-10;1.29e-18;0.8377014;0.0736;1.02e-11;-0.0066
0.6661891;0.7853286;0.0527;0.7834974;0.058;5.65e-10;1.33e-19;0.8378357;0.0971;2.13e-11;0.0137
0.6210823;0.6182063;0.0333;0.6127128;0.0397;5.81e-10;8.52e-19;0.6911889;0.0914;2.5e-11;-0.00885
0.7420932;0.6481179;0.0561;1.2071087;0.0607;5.34e-10;5.58e-19;0.4572615;-0.000138;1.62e-11;-0.00651
0.6649911;0.6635774;0.0771;0.8259594;0.0405;5.64e-10;7.23e-19;0.5479827;-0.0601;3.09e-11;0.00332
0.6917627;0.6680335;0.0621;1.3122911;0.0446;4.5e-10;1.53e-18;0.8425942;-0.0451;4.01e-12;-0.00122
0.6385022;0.6928993;0.0498;0.9488925;0.0501;5.24e-10;3.71e-19;0.8520958;0.0436;1.6e-11;-0.0158
0.6134995;0.7891659;0.0586;0.6337778;0.0459;7.43e-10;1.73e-19;0.4630852;-0.0177;2.32e-11;0.00106
0.7189541;0.7125616;0.0394;1.1316702;0.0624;7.16e-10;2.15e-19;1.0799412;0.00712;1.46e-11;-0.0041
0.6223139;0.6246706;0.0672;0.7740603;0.0417;9.7e-10;2.75e-19;1.0621579;0.0775;7.11e-12;-0.00523
0.5548247;0.7795329;0.0415;0.8055046;0.0623;1.09e-09;1.7e-19;0.7151566;-0.016;1.09e-11;0.00996
0.6417872;0.6570667;0.0315;0.63081;0.0459;4.51e-10;9.1e-19;0.7258802;-0.00959;4.26e-11;-0.00726
0.7100239;0.6332689;0.0311;0.8895508;0.0595;9.28e-10;5.48e-19;0.661459;0.0523;8.39e-12;0.0197
0.6983997;0.6649128;0.0552;1.2138908;0.055;6.32e-10;1.59e-18;0.91171;0.00327;3.21e-11;-0.0119
0.6782234;0.6789784;0.037;0.8464581;0.0403;1.09e-09;2.84e-19;1.0386165;-0.0104;5.13e-12;-0.0174
0.7132343;0.6405962;0.0577;1.3403752;0.052;1.06e-09;2.8e-19;0.5617431;-0.0513;2.48e-12;0.0176
0.7349699;0.7554689;0.0543;0.9530621;0.0533;8.87e-10;4.81e-19;0.4729474;-0.0713;1.03e-11;-0.00585
0.7351896;0.644236;0.0376;0.7021756;0.062;5.45e-10;1.58e-18;0.5521989;0.0159;2.79e-12;-0.0163
0.6854913;0.6324376;0.0335;1.0182538;0.0619;9.27e-10;2.56e-19;0.949028;0.0441;3.13e-11;0.0159
0.6927462;0.6250568;0.0432;0.8814361;0.0587;9.15e-10;1.27e-19;0.640313;0.0329;2.69e-11;0.00369
0.7420549;0.7479847;0.0394;1.1822654;0.0432;8.69e-10;4.54e-19;1.0414925;-0.0492;1.55e-11;-0.000494
0.5832367;0.7533535;0.0501;0.8470858;0.043;5.02e-10;1.28e-18;0.4011766;0.0355;2.07e-12;-0.012
0.5985341;0.6778021;0.0486;1.115348;0.0519;9.49e-10;1.17e-18;0.5490474;-0.00913;1.51e-11;-0.00425
0.7002161;0.7200345;0.0422;0.6548427;0.0443;7.78e-10;8.79e-19;0.8166529;0.0364;7.53e-12;-0.00359
0.6414155;0.6483167;0.0416;1.1769798;0.0398;5.28e-10;1.88e-19;0.942411;0.0865;4.92e-12;0.0122
